{"name":"Big File Attachment","description":"JIRA/Confluence add-on for uploading big size file through Teamplatform.com","key":"3dsystems.geomagicsolutions.tpfiles","baseUrl":"https://www.rapidform.com/tpfiles","vendor":{"name":"3D Systems","url":"https://www.3dsystems.com"},"lifecycle":{"installed":"/installed","enabled":"/enabled"},"modules":{"webPanels":[{"location":"atl.jira.view.issue.right.context","key":"tpfiles","layout":{"width":"100%","height":"310"},"url":"/loader?issue_id=${issue.id}","weight":310,"name":{"value":"Big File Attachment"}}],"webItems":[{"location":"system.content.action/primary","key":"tpfiles_confluence","layout":{"width":800,"height":700},"url":"/loader?page_id=${page.id}","name":{"value":"Big File Attachment"},"target":{"type":"dialog"}}]},"authentication":{"type":"jwt"},"scopes":["read","write"],"version":"1.4.2"}