{"name":"Big File Attachment","description":"JIRA/Confluence add-on for uploading big size file through Teamplatform.com","key":"3dsystems.geomagicsolutions.tpfiles.development","baseUrl":"https://www.rapidform.com/tpfiles/dev","vendor":{"name":"3D Systems","url":"https://www.3dsystems.com"},"lifecycle":{"installed":"/installed","enabled":"/enabled"},"modules":{"webPanels":[{"location":"atl.jira.view.issue.right.context","key":"tpfiles","layout":{"width":"100%","height":"310"},"url":"/loader?issue_id=${issue.id}","weight":310,"name":{"value":"Big File Attachment"}}]},"authentication":{"type":"jwt"},"scopes":["read","write"],"version":"1.0.2"}