<?xml version="1.0"?>
<atlassian-plugin key="3dsystems.geomagicsolutions.tpfiles" name="Big File Attachment" plugins-version="2">
    <plugin-info>
        <description>JIRA/Confluence add-on for uploading big size file through Teamplatform</description>
        <version>1.3.1</version>
        <vendor name="3D Systems Korea" url="http://www.3dsystems.com"/>
	    <permissions>
	    	<permission>create_oauth_link</permission>
			<permission>browse_projects</permission>	    	
	    </permissions>
    </plugin-info>

    <remote-plugin-container key="container" display-url="https://www.rapidform.com/tpfiles">
<!--
    <remote-plugin-container key="container" display-url="http://atlas-addon-dev.rapidform.com">
    <remote-plugin-container key="container" display-url="http://tpfiles.geomagic.com">
-->        
    	<oauth>
    		<public-key>
-----BEGIN PUBLIC KEY-----
MIGfMA0GCSqGSIb3DQEBAQUAA4GNADCBiQKBgQCmkc/pygEZn16/e3O1YLIImyCC
/LetFUL6cAfmhVHY3W2JklUGSJrdflfX3Ju74ICWpXXKXmUsvDQB4vYIs39kmCBv
zVlHBRs5GSSn6kCqWjYgnVxf7Igcf9tP4Uk92hBRC9QJ1xxEE116kQ0CJ8AtpbJ4
824Y8PaGYDU6aoAkpwIDAQAB
-----END PUBLIC KEY-----
    		</public-key>
    	</oauth>

    </remote-plugin-container>
<!--
    <webhook key="enabled" event="remote_plugin_enabled" url="/enabled" />
    <webhook key="installed" event="remote_plugin_installed" url="/installed" />
-->

    <remote-web-panel location="atl.jira.view.issue.right.context" application="jira" key="tpfiles-jira" name="Big File Attachment" url="/loader?issue_id=${issue.id}">
    </remote-web-panel>
    <dialog-page application="confluence" key='tpfiles-confluence-dialog' name='Big File Attachment' url="/loader?page_id=${page.id}"  width='600' link-name='Big File Attachment' section='system.content.action/primary' weight="600">
    </dialog-page>
    <macro-page application="confluence" key='tpfiles-confluence-macro' name="Big File Attachment Macro" url="/loader" width="400" height="600">
        <context-parameters>
            <context-parameter name="page_id" />
        </context-parameters>
    </macro-page>
</atlassian-plugin>