<?xml version="1.0" ?>
<atlassian-plugin key="ab_user_browser" name="Atlassian Connect User Browser" plugins-version="2">
 
    <plugin-info>
        <description>Simple user picker implementation using select2 library</description>
        <version>1</version>
        <vendor name="Atlassian" url="https://atlassian.com/" />
        <permissions>
            <!-- Permissions needed to implement a user picker -->
            <permission>read_users_and_groups</permission>
        </permissions>
    </plugin-info>

    <!-- Define where the plugin is hosted -->
    <remote-plugin-container key="container" display-url="https://85.113.60.37/test" />

    <!-- Define a general page available through header navigation, the url is relative to remote plugin container. -->
    <general-page key="general" name="User browser" url="/" />

</atlassian-plugin>