{"key":"ac-copy-space","name":"Copy Space","description":"Copies a Confluence space","baseUrl":"https://ac-copy-space.herokuapp.com","enableLicensing":true,"vendor":{"name":"Artemis Software","url":"http://artemissoftware.net"},"links":{"self":"https://ac-copy-space.herokuapp.com/atlassian-connect.json","homepage":"https://ac-copy-space.herokuapp.com"},"authentication":{"type":"jwt"},"lifecycle":{"installed":"/installed"},"modules":{"spaceToolsTabs":[{"key":"ac-copy-space-confluence","location":"overview","name":{"value":"Copy Space"},"url":"/copy-space?space-key={space.key}"}]},"scopes":["read","write","admin"],"version":"1.0.4"}