{
    "name": "Hello JS Dialog",
    "description": "Example add-on to open a dialog from a general page",
    "key": "ac-example-js-dialog-ep",
    "baseUrl": "http://www.enriquepiatti.com/jira",
    "vendor": {
        "name": "Atlassian",
        "url": "https://developer.atlassian.com"
    },
    "version": "1.0",
    "authentication": {
        "type": "none"
    },
    "modules": {
        "generalPages": [
            {
                "key": "my-general-page",
                "url": "/general-page.html",
                "name": {
                    "value": "General Page"
                }
            },
            {
                "location": "none",
                "context": "addon",
                "key": "my-dialog",
                "url": "/dialog.html",
                "name": {
                    "value": "Dialog"
                }
            }
        ]
    }
}