<?xml version="1.0" ?>
<atlassian-plugin key="adc_management_status" name="ADC Management - Status" plugins-version="2">
    <plugin-info>
        <description>ADC Managment Status Plug-In</description>
        <version>2.0.4</version>
        <vendor name="August Development Corporation" url="https://augdev.atlassian.net" />
    </plugin-info>
    <remote-plugin-container key="container" display-url="https://mgt.augdev.com">
    </remote-plugin-container>
    <macro-page key="adc_status" name="ADC Mgmt" url="/plugins/projectStatus/all" width="100%" height="1000" >
        <description>ADC Project Status Information</description>
        <macro-editor url="/test.html" width="865" height="600" />
        <parameters>
            <parameter name="filter" title="Filter" type="string" default="Active"/>
            <parameter name="width" title="Width" type="string" default="700"/>
            <parameter name="height" title="Height" type="string"/>
        </parameters>
    </macro-page>    
</atlassian-plugin>