{"key":"addteq-jiraseq-gen","name":"Mscgen JIRA","description":"Mscgen JIRA","enableLicensing":true,"vendor":{"name":"Addteq","url":"https://addteq.com"},"baseUrl":"https://mscgen-jira-stg.addteq.com","authentication":{"type":"jwt"},"lifecycle":{"installed":"/installed"},"scopes":["READ","WRITE"],"modules":{"webItems":[{"url":"/editor?issueid={issue.id}&issue_key={issue.key}","key":"mscgen-editor-dialog","location":"operations-attachments","context":"addon","weight":130,"target":{"type":"dialog","options":{"height":"70%","width":"100%"}},"tooltip":{"value":"Mscgen Editor"},"name":{"value":"Insert Mscgen Code"}}]},"version":"1.1.0"}