{"key":"addteq-seq-gen","name":"Addteq Mscgen","enableLicensing":true,"description":"Mscgen","vendor":{"name":"Addteq","url":"https://addteq.com"},"baseUrl":"https://mscgen-confluence-stg.addteq.com","authentication":{"type":"jwt"},"lifecycle":{"installed":"/installed"},"scopes":["READ","WRITE"],"modules":{"staticContentMacros":[{"key":"mscgen","name":{"i18n":"mscgen.seq.gen","value":"Mscgen"},"featured":true,"parameters":[{"identifier":"filename","name":{"value":"File Name"},"description":{"value":"Allows switching between view types"},"type":"enum","required":true,"multiple":false}],"url":"/display?pageId={page.id}&pageVersion={page.version}&userId={user.id}&macroHash={macro.hash}&fileName={filename}","icon":{"url":"/favicon.png"},"width":"500px","height":"200px","description":{"i18n":"Mscgen","value":"Insert a Mscgen Diagram into a page"},"editor":{"url":"/editor","width":"100%","height":"70%"}}]},"version":"1.1.2"}