{"name":"Agile Estimation 3.0","description":"Jira Atlassian Connect add-on for estimation","key":"agile.estimation.3.0_private","baseUrl":"https://jira.agile-values.com","vendor":{"name":"Agile Values","url":"http://agile-values.com"},"authentication":{"type":"jwt"},"lifecycle":{"installed":"/install","uninstalled":"/uninstall"},"apiVersion":1,"modules":{"generalPages":[{"url":"/user/login","key":"agile-estimation","location":"system.top.navigation.bar","name":{"value":"Estimate"}}]},"scopes":["read","write"],"version":"1.4.3"}