<?xml version="1.0" ?>
<atlassian-plugin key="aha-add-on" name="Aha! Jira Add-on" plugins-version="2">
  <plugin-info>
    <description>Atlassian Connect add-on for Aha!</description>
    <version>1</version>
    <vendor name="Aha! Labs Inc" url="http://www.aha.io/" />
  </plugin-info>
  
  <remote-plugin-container key="container" display-url="http://secure.dev.aha.io/">
  </remote-plugin-container>
  
  <issue-tab-page key="aha-issue-tab" name="Aha!" url="/connect" />
  
  <webhook key="installed" event="remote_plugin_installed" url="/connect/installed"/>
  <webhook key="remote_plugin_enabled" event="remote_plugin_enabled" url="/connect/remote_plugin_enabled"/>
  <webhook key="remote_plugin_disabled" event="remote_plugin_disabled" url="/connect/remote_plugin_disabled"/>
</atlassian-plugin>