{"name":"Any.do for JIRA","description":"Create any.do tasks from JIRA issues","key":"anydo_jira","baseUrl":"https://addon-anydo-jira.firebaseapp.com","vendor":{"name":"Atlassian Labs","url":"http://www.atlassian.com"},"scopes":["read","write"],"authentication":{"type":"none"},"lifecycle":{},"modules":{"webPanels":[{"conditions":[{"condition":"user_is_logged_in"}],"url":"/anydo.html?issueKey={issue.key}&projectKey={project.key}","location":"atl.jira.view.issue.right.context","layout":{"width":"10px","height":"10px"},"weight":50,"key":"any-do-panel","name":{"value":"Any.do"}}]},"version":"1.0.5"}