<?xml version="1.0" ?>
<atlassian-plugin key="arcanys.statusquo.prototype" name="Status Quo Prototype" plugins-version="2">
    <plugin-info>
        <description>Status Quo add-on prototype</description>
        <version>3</version>
        <vendor name="Arcanys" url="http://www.arcanys.com" />
        <permissions>
            <permission>browse_projects</permission>
            <permission>store_data</permission>
            <permission>create_oauth_link</permission>
            <permission>read_users_and_groups</permission>
            <permission>create_issues</permission>
            <permission>read_user_session_data</permission>
        </permissions>
    </plugin-info>
    <remote-plugin-container key="container" display-url="http://sq2.arcanys.com">
        <oauth>
            <public-key>
                -----BEGIN PUBLIC KEY-----
                MIGfMA0GCSqGSIb3DQEBAQUAA4GNADCBiQKBgQDGlmtBQFOoI7oMd/7aIIB7rS45
                dmAy5foG/mo9sOxFhPkhfsqaIJDB6R99rZyAcZFLsl0eKWglQvqD/2E6RzKRqO1Y
                Vas1nyb5mD0BLoRA29P7D0ViSW2HsCa2g5o9Rxs+Lh+bbSP7b9NNKiFdHWJUJY/4
                0Q0KVaJe6vnEmnhHlwIDAQAB
                -----END PUBLIC KEY-----
            </public-key>
        </oauth>
    </remote-plugin-container>
    <general-page key="general" name="Status Quo" url="/atlas-connect" height="800"></general-page>
    <webhook key="installed" event="remote_plugin_installed" url="/atlas-connect/webhooks/remote-plugin-installed" />
    <webhook key="enabled" event="remote_plugin_enabled" url="/atlas-connect/webhooks/remote-plugin-enabled" />
    <webhook key="worklog-updated" event="jira:worklog_updated" application="jira" url="/atlas-connect/webhooks/worklog-updated" />
</atlassian-plugin>