{"key":"ardoq-add-on","name":"Ardoq","description":"This add-on let's you integrate Jira with Ardoq.","vendor":{"name":"Ardoq AS","url":"http://www.ardoq.com"},"baseUrl":"https://jira.ardoq.com","links":{"self":"https://jira.ardoq.com/atlassian-connect.json","homepage":"https://jira.ardoq.com/atlassian-connect.json"},"authentication":{"type":"jwt"},"scopes":["READ","WRITE"],"lifecycle":{"installed":"/installed","uninstalled":"/uninstalled"},"modules":{"jiraProjectAdminTabPanels":[{"location":"projectgroup4","url":"/project-admin?projectId={project.id}","weight":100,"key":"project-admin-panel","name":{"value":"Ardoq Integration"}}],"webPanels":[{"location":"atl.jira.view.issue.left.context","url":"/connect-issue?projectId={project.id}&issueId={issue.id}","weight":500,"key":"ardoq-link-issue","name":{"value":"Ardoq integration"},"conditions":[{"condition":"/condition/project-linked?projectId={project.id}"}]}]},"version":"1.0.3"}