{"key":"atlassian-connect-jwt-decoder-ah","name":"JWT Decoder","description":"JWT Decoder for Atlassian Connect","vendor":{"name":"Seb Ruiz","url":"https://developer.atlassian.com/static/connect/docs/"},"baseUrl":"https://jwt-decoder-aholmgren.herokuapp.com","links":{"self":"https://jwt-decoder-aholmgren.herokuapp.com/atlassian-connect.json","homepage":"https://jwt-decoder-aholmgren.herokuapp.com"},"authentication":{"type":"none"},"modules":{"generalPages":[{"location":"none","key":"jwt-decoder","name":{"value":"JWT Decoder"},"url":"/jwt/decode"}]}}