<!--!! Plugin Descriptor -->
<!--! # The Atlassian plugin descriptor -->
<!--! The information here will be used in, among other places, the footer of the taskmaster dialog.  Note we declare
    the plugin as a version 2 plugin in order to work correctly on older JIRA instances.  The namespace helps
    auto-completion during development. -->
<atlassian-plugin key="atlassian-labs-taskmaster-plugin2" name="Task Master" plugins-version="2"
  xmlns="https://remoteapps.jira.com/rest/remotable-plugins/1/installer/schema/atlassian-plugin">
  <plugin-info>
    <description>Helps you quickly create sub-tasks for a JIRA issue.</description>
    <version>1</version>
    <vendor name="Atlassian" url="http://atlassian.com"/>
    <param name="atlassian-licensing-enabled">false</param>

    <!--! This plugin needs several permissions: -->
    <permissions>
      <!--! * Create a trusted link in JIRA that will allow Taskmaster to make authenticated REST calls -->
      <permission>create_oauth_link</permission>
      <!--! * Query JIRA issues, projects, and issue types -->
      <permission>browse_projects</permission>
      <!--! * Create JIRA issues -->
      <permission>create_issues</permission>
    </permissions>

    <!--! This parameter will ensure that when a user clicks on the Taskmaster link in the footer, they will be
       taken to the documentation and not shown the XML descriptor file. -->
    <param name="documentation.url">https://bitbucket.org/mrdon/taskmaster-plugin/wiki/Home</param>
  </plugin-info>

  <!--! This describes information about where the plugin is hosted and how it will sign messages to JIRA -->
  <remote-plugin-container key="container" display-url="https://taskmaster-plugin.herokuapp.com/atlassian-labs-taskmaster-plugin">
    <oauth>
      <public-key>
-----BEGIN PUBLIC KEY-----
MIGfMA0GCSqGSIb3DQEBAQUAA4GNADCBiQKBgQCkrcLH7hUH+gj7b0wjDlp41TG+
LdEJxCvcxzAO92uswud/S9PO+SMi1W8QKCecBiWmjjlCi5uNtYiuenODI79Ssj0W
i0tl5s+GuQ+NQnkNC+V0ekNPhqJ15q09bxR30aUC1LNlLyZofgC+jAWMsY7exxrM
Lna/yGdGd9BlBtf7ZQIDAQAB
-----END PUBLIC KEY-----
      </public-key>
    </oauth>
  </remote-plugin-container>

  <!--! Since we support registration by any JIRA server, we need to be notified when our plugin is installed so we
      retrieve and store that JIRA instance's key, oauth public key, and base URL. -->
  <webhook key="register" event="remote_plugin_installed" url="/installed" />

  <!--! This dialog-page does two things - adds a link called "Create Sub-Tasks" to the issue operations menu, and
      when clicked, displays a dialog page. -->
  <dialog-page key="quickCreate" name="Create Sub-Tasks" url="/dialog" section="operations-subtasks" width="600" height="400">
    <!--! In order to prevent the link from showing up for everyone, we add a few conditions to ensure it is only
        clickable if the issue is editable, sub-tasks are enabled, and all permissions check out. -->
    <conditions>
      <condition name="sub_tasks_enabled" />
      <!-- Requires 0.5.818 or later condition name="is_sub_task" invert="true" /-->
      <condition name="is_issue_editable" />
      <condition name="is_issue_unresolved" />
      <condition name="has_issue_permission">
        <param name="permission">create</param>
      </condition>
    </conditions>
  </dialog-page>
</atlassian-plugin>
