<?xml version="1.0" encoding="utf-8"?>
<atlassian-plugin xmlns:xsi="http://www.w3.org/2001/XMLSchema-instance" xmlns:xsd="http://www.w3.org/2001/XMLSchema" key="Atlassian.Connect.Mvc.Jira.Sample" name="Atlassian.Connect.Mvc.Jira.Sample" plugins-version="2" xmlns="https://monitor.jira.com/rest/remotable-plugins/1/installer/schema/atlassian-plugin-remotable">
  <plugin-info>
    <description>A sample JIRA Atlassian Connect application written in .NET</description>
    <version>1.0.0.0</version>
    <vendor name="Atlassian Pty Ltd." url="http://developer.atlassian.com" />
    <permissions>
      <permission>create_oauth_link</permission>
    </permissions>
    <param name="configure.url">/plugins/servlet/remotable-plugins/Atlassian.Connect.Mvc.Jira.Sample/config-page</param>
  </plugin-info>
  <remote-plugin-container key="container" display-url="http://shipit24.azurewebsites.net/">
    <oauth>
      <public-key>
-----BEGIN PUBLIC KEY-----
MIGfMA0GCSqGSIb3DQEBAQUAA4GNADCBiQKBgQCuNwJVGkY9XWtuNe7p8PMOEr8O
WetSAqMxWldFfmNYTbRsI/8ZX/S/5gm4UKZyFUDOICtVddYv1tWW/P31OA5khyQT
XLp8sYpyNDBuwg00kfmBGleBgcKvePxMAr2y4La1OBz4aE+xK1HJojl2ToAubVY+
qikVwxXolycVkz8AzQIDAQAB
-----END PUBLIC KEY-----
</public-key>
    </oauth>
  </remote-plugin-container>
  <webhook key="enabled" event="remote_plugin_enabled" url="/enabled" />
  <general-page key="hello-world-page-in-jira" name="Hello World" url="/hello-world" section="system.top.navigation.bar" />
  <configure-page key="config-page" name="Configuration" url="/hello-world" />
</atlassian-plugin>