{
  "key": "atlassian-connect-jwt-decoder",
  "name": "JWT Decoder",
  "description": "JWT Decoder for Atlassian Connect",
  "vendor": {
    "name": "Seb Ruiz",
    "url": "https://developer.atlassian.com/static/connect/docs/"
  },
  "baseUrl": "http://ee4f06aa-01d3-4e9d-9e94-f177afaa4300:12693",
  "links": {
    "self": "http://ee4f06aa-01d3-4e9d-9e94-f177afaa4300:12693/atlassian-connect.json",
    "homepage": "http://ee4f06aa-01d3-4e9d-9e94-f177afaa4300:12693"
  },
  "authentication": {
    "type": "none"
  },
  "modules": {
    "generalPages": [
      {
        "location": "none",
        "key": "jwt-decoder",
        "name": {
          "value": "JWT Decoder"
        },
        "url": "/jwt/decode"
      }
    ]
  }
}