{"name":"Scrumdash","description":"Scrumdash is an Atlassian Connect add-on that allows users to do sprint team capacity planning and reporting.","key":"atlassian-connect-scrumdash","baseUrl":"https://scrumdash.com","enableLicensing":true,"vendor":{"name":"Ratoon Labs","url":"http://www.ratoonlabs.com"},"authentication":{"type":"jwt"},"lifecycle":{"installed":"/atlassian-connect-rest/install","uninstalled":"/atlassian-connect-rest/uninstall","enabled":"/atlassian-connect-rest/enable","disabled":"/atlassian-connect-rest/disable"},"modules":{"generalPages":[{"url":"/scrumdash","key":"scrum-dash","name":{"value":"Scrumdash"}}]},"scopes":["READ","WRITE"],"version":"1.1.1"}