<?xml version="1.0" ?>
<atlassian-plugin key="au.net.DITimerLive" name="DITimer" plugins-version="2">
    <plugin-info>
        <description>DI Tempo Timer Connector add-on</description>
        <version>2</version>
        <vendor name="Design Industries" url="http://www.di.net.au/" />
    </plugin-info>
    <remote-plugin-container key="container" display-url="http://ec2-54-252-238-205.ap-southeast-2.compute.amazonaws.com/DITimer">
    </remote-plugin-container>
    <general-page key="general" name="Greeting" url="/Default.aspx">
    </general-page>
</atlassian-plugin>