{"key":"bit.flower","name":"flow","description":"bit-flow for JIRA","vendor":{"name":"Bauer Information Technology","url":"https://bauer-information-technology.com"},"baseUrl":"https://bit-atlassian-staging2.herokuapp.com","links":{"self":"https://bit-atlassian-staging2.herokuapp.com/bit-flower/atlassian-connect.json","homepage":"https://bit-atlassian-staging2.herokuapp.com/bit-flower/atlassian-connect.json"},"scopes":["READ","WRITE"],"authentication":{"type":"jwt"},"lifecycle":{"installed":"/installed","uninstalled":"/bit-flower/service/lifecycle","enabled":"/bit-flower/service/lifecycle","disabled":"/bit-flower/service/lifecycle"},"modules":{"generalPages":[{"key":"bit-flower-top-editor","location":"system.top.navigation.bar","name":{"value":"Flower"},"url":"/bit-flower/page/?unit=0&panel=0","params":{"unit":"someValue","panel":"myValue"},"conditions":[{"condition":"user_is_logged_in"}]},{"key":"bit-flower-top-editor2","location":"system.top.navigation.bar","name":{"value":"StoryMap"},"url":"/bit-storymap/?unit=0&panel=0","params":{"unit":"someValue","panel":"myValue"},"conditions":[{"condition":"user_is_logged_in"}]}],"webPanels":[{"key":"bit-flower-issue-left-context","location":"atl.jira.view.issue.left.context","layout":{"width":"400","height":"100"},"url":"/bit-flower/taskview/?issueKey={issue.key}&projectId={project.id}&issueId={issue.id}","weight":10,"name":{"value":"Flower"},"conditions":[{"condition":"user_is_logged_in"}]}],"webhooks":[{"event":"jira:issue_created","url":"/bit-flower/service/webhook/"},{"event":"remote_issue_link_aggregate_cleared_event","url":"/bit-flower/service/webhook/"},{"event":"jira:worklog_updated","url":"/bit-flower/service/webhook/"},{"event":"remote_workflow_post_function","url":"/bit-flower/service/webhook/"},{"event":"jira-webhook-post-function","url":"/bit-flower/service/webhook/"},{"event":"jira:issue_deleted","url":"/bit-flower/service/webhook/"},{"event":"jira:issue_updated","url":"/bit-flower/service/webhook/"}]},"jiraEntityProperties":[{"keyConfigurations":[{"extractions":[{"objectName":"execution","type":"text"},{"objectName":"model","type":"text"},{"objectName":"task","type":"text"},{"objectName":"synchronized","type":"text"},{"objectName":"data","type":"text"}],"propertyKey":"flower"}],"entityType":"issue","name":{"value":"Flower reference"}}],"version":"1.9.27"}