{"key":"biz.artemissoftware.confluence.multiexcerpt.MultiExcerptMacro","name":"Multiexcerpt Macros","description":"An advanced set of excerpt macros","baseUrl":"https://ac-multiexcerpt-macro.herokuapp.com","enableLicensing":true,"vendor":{"name":"Artemis Software","url":"http://artemissoftware.net"},"links":{"self":"https://ac-multiexcerpt-macro.herokuapp.com/atlassian-connect.json","homepage":"https://ac-multiexcerpt-macro.herokuapp.com"},"authentication":{"type":"jwt"},"lifecycle":{"installed":"/installed"},"modules":{"staticContentMacros":[{"key":"multiexcerpt-macro","name":{"value":"Multiexcerpt"},"url":"/multiexcerpt?sk={space.key}&pi={page.id}&pv={page.version}&mh={macro.hash}&mn={name}","description":{"value":"Defines a multiexcerpt"},"documentation":{"url":"https://ac-multiexcerpt-macro.herokuapp.com/help#multiexcerpt"},"categories":["confluence-content","formatting"],"outputType":"inline","bodyType":"rich-text","aliases":[],"featured":true,"parameters":[{"identifier":"name","name":{"value":"Name"},"required":true,"description":{"value":"The name of this multiexcerpt"},"type":"string"}]},{"key":"multiexcerpt-include-macro","name":{"value":"Multiexcerpt Include"},"url":"/multiexcerpt-include?sk={space.key}&mn={name}&mp={page}","description":{"value":"Includes a multiexcerpt from another page"},"documentation":{"url":"https://ac-multiexcerpt-macro.herokuapp.com/help#multiexcerpt-include"},"categories":["confluence-content","formatting"],"outputType":"inline","bodyType":"none","aliases":[],"featured":true,"parameters":[{"identifier":"name","name":{"value":"Name"},"required":true,"description":{"value":"The name of this multiexcerpt to include"},"type":"string"},{"identifier":"page","name":{"value":"Page"},"required":true,"description":{"value":"The name of the page from which to include"},"type":"confluence-content"}]}]},"scopes":["read"],"version":"1.0.0"}