{"key":"biz.artemissoftware.confluence.html.HtmlMacro","name":"Html Macro","description":"A macro for rendering html","baseUrl":"https://ac-html-macro.herokuapp.com","enableLicensing":true,"vendor":{"name":"Artemis Software","url":"http://artemissoftware.net"},"links":{"self":"https://ac-html-macro.herokuapp.com/atlassian-connect.json","homepage":"https://ac-html-macro.herokuapp.com"},"authentication":{"type":"jwt"},"lifecycle":{"installed":"/installed"},"modules":{"dynamicContentMacros":[{"key":"hypermarkup-macro","name":{"value":"HYPERMARKUP"},"url":"/html?sk={space.key}&pi={page.id}&pv={page.version}&mh={macro.hash}","description":{"value":"Contains HTML content to be rendered"},"documentation":{"url":"https://ac-html-macro.herokuapp.com/help#html"},"categories":["confluence-content","formatting"],"outputType":"inline","bodyType":"plain-text","aliases":[],"featured":true}]},"scopes":["read"],"version":"1.0.4"}