{"scopes": ["read", "write"], "vendor": {"url": "https://lxt.ch", "name": "LXTCH"}, "description": "A connect addon that does nothing", "links": {"self": "https://lxt.ch"}, "key": "ch.lxt.my-addon-key", "lifecycle": {"uninstalled": "/ac/uninstalled", "installed": "/ac/installed"}, "enableLicensing": false, "name": "lxt.ch Connect Addon", "modules": {"webhooks": [{"url": "/ac/viewed", "event": "page_viewed"}], "generalPages": [{"url": "/ac/hello-world", "name": {"value": "General Page"}, "icon": {"url": "/maps/icon.png", "width": 80, "height": 80}}], "webItems": [{"name": {"value": "Web Item"}, "weight": 100, "url": "/ac/my-web-item", "location": "system.preset.filters", "context": "addon", "target": {"type": "page"}}]}, "baseUrl": "https://lxt.ch", "authentication": {"type": "jwt"}, "version": "1.1"}