<?xml version="1.0" ?>
<atlassian-plugin key="ChabadCheckList" name="Chabad Checklist" plugins-version="2">
    <plugin-info>
        <description>Chabad Checklist add-on for Atlassian (Jira) Connect add-on</description>
        <version>1</version>
        <vendor name="Chabad Lubavitch Media Center" url="http://www.chabad.org" />
    </plugin-info>
    <remote-plugin-container key="container" display-url="http://www.mychabad.org"></remote-plugin-container>
		<resource type="download" name="jira-checklist.css" location="/global/css/os/jira-checklist.css"/>
    <resource type="download" name="jira-checklist.js" location="/scripts/js/os/jira-checklist.js"/>
		<issue-panel-page key="general" name="Greeting" url="/scripts/js/os/helloworld.html">
    </issue-panel-page>
</atlassian-plugin>