{"key":"com.bit.agile.bit-storymap-staging","name":"Agile User Story Map","description":"The Agile Story Map Plugin for Atlassian JIRA.","enableLicensing":true,"apiVersion":4,"vendor":{"name":"Bauer Information Technology","url":"https://bauer-information-technology.com"},"baseUrl":"https://bit-atlassian-staging1.herokuapp.com","links":{"self":"https://bit-atlassian-staging1.herokuapp.com/atlassian-connect.json","homepage":"https://bit-atlassian-staging1.herokuapp.com/atlassian-connect.json"},"scopes":["READ","WRITE"],"authentication":{"type":"jwt"},"lifecycle":{"disabled":"/disabled","enabled":"/enabled","installed":"/installed","uninstalled":"/uninstalled"},"modules":{"generalPages":[{"key":"agile-story-map-main","location":"greenhopper_menu/greenhopper_menu_dropdown","name":{"value":"Story Map"},"url":"/storymap/?project=${project.key}","conditions":[{"condition":"user_is_logged_in"}]}]},"version":"4.0.2"}