<atlassian-plugin key="com.servicerocket.jira.addons.embedded-issue-collector" name="Embedded Issue Collector Addon" plugins-version="2">
	<plugin-info>
		<description>Embedded Issue Collector</description>
		<version>1.1</version>
		<vendor name="Softint" url="https://wallis.softint.com.au" />
		<param name="documentation.url">https://confluence.servicerocket.com/x/KwV4</param>
	</plugin-info>
	<remote-plugin-container key="container" display-url="https://wallis.softint.com.au">
	</remote-plugin-container>
<general-page key="create-UAT-issue" name="Create UAT Issue" url="/UAT/createUATIssue.html" />
</atlassian-plugin>