{"name":"Hello World","description":"Atlassian Connect add-on","key":"com.example.vHello","baseUrl":"https://vivid-reality-531.appspot.com","vendor":{"name":"Victor Hugo Garcia","url":"http://vhugo.com"},"authentication":{"type":"none"},"modules":{"webItems":[{"url":"/hello","location":"system.user","context":"addon","weight":200,"target":{"type":"dialog"},"styleClasses":["webitem","system-present-webitem"],"tooltip":{"value":"Example tooltip"},"key":"web-item-example","name":{"value":"My Web Item"}}]},"version":"1.2.4"}