

{
    "name": "Scroll Viewport OnDemand",
    "description": "Atlassian Connect add-on",
    "key": "com.k15t.scroll.scroll-viewport-od",
    "baseUrl": "https://viewportod-dev.herokuapp.com",
    "vendor": {
        "name": "K15t Software GmbH",
        "url": "http://www.k15t.com"
    },
    "lifecycle": {
        "installed": "/_rest/event/subscription/installed",
        "uninstalled": "/_rest/event/subscription/uninstalled",
        "enabled": "/_rest/event/subscription/enabled",
        "disabled": "/_rest/event/subscription/disabled"
    },
    "version": "1.0",
    "authentication": {
        "type": "jwt"
    },
    "scopes": [
        "read"
    ],
    "modules": {
        "webItems": [
            {
                "url": "/_viewport/init?pageId=${page.id}&spaceKey=${space.key}",
                "location": "system.content.action",
                "context": "addon",
                "weight": 40,
                "styleClasses": [
                    "webitem",
                    "system-present-webitem"
                ],
                "tooltip": {
                    "value": "Create a temporary viewport and display it."
                },
                "name": {
                    "value": "Open In Viewport"
                }
            }
        ],
        "webhooks": [
            {
                "event": "page_created",
                "url": "/_rest/event/page/page_created"
            },
            {
                "event": "page_updated",
                "url": "/_rest/event/page/page_updated"
            }
        ]
    }
}