{"apiVersion":3,"baseUrl":"https://tfs4jira-ondemand.spartez.com/tfs4jiraod","scopes":["read"],"authentication":{"type":"jwt"},"lifecycle":{"disabled":"/remoteapp/lifecycle/disabled","enabled":"/remoteapp/lifecycle/enabled","installed":"/remoteapp/lifecycle/installed","uninstalled":"/remoteapp/lifecycle/uninstalled"},"vendor":{"name":"Spartez","url":"http://www.spartez.com/"},"description":"Shows TFS source code check-ins in JIRA and performs TFS work items and JIRA issues synchronization","name":"TFS4JIRA OnDemand","enableLicensing":true,"modules":{"adminPages":[{"key":"settings-page","url":"/remoteapp/admin","name":{"value":"TFS4JIRA Settings"},"location":"admin_plugins_menu/source_control"}],"jiraIssueTabPanels":[{"key":"issue-checkins-tab-panel","url":"/remoteapp/issue?issue_key=${issue.key}","name":{"value":"TFS Check-ins"},"conditions":[{"condition":"has_issue_permission","params":{"permission":"viewversioncontrol"}}]}],"jiraProjectTabPanels":[{"key":"project-checkins-tab-panel","url":"/remoteapp/project?project_key=${project.key}","name":{"value":"TFS Check-ins"},"conditions":[{"condition":"has_project_permission","params":{"permission":"viewversioncontrol"}}]}]},"key":"com.spartez.jira.plugins.bork.tfs4jira","version":"3.0.9"}