<?xml version="1.0" ?><atlassian-plugin key="com.donay.jira.connect" name="DonayIncentify" plugins-version="2">     <plugin-info>        <description>	        Incentify enables users to place incentives on issues, or allows developers to ask for incentives.			This plugin integrates your Jira with the service and displays a panel on the issue detail page.			Read more about this service at donay.com        </description>        <version>1.2</version>        <vendor name="Donay" url="http://www.donay.com/" />        <permissions>    		<permission>create_oauth_link</permission>    		<permission>browse_projects</permission>    		<permission>read_users_and_groups</permission>        </permissions>        <param name="configure.url">/plugins/servlet/remotable-plugins/com.donay.jira.connect/incentify-config-page</param>    </plugin-info>     <remote-plugin-container key="container" display-url="http://test.donay.com/incentify-connect/">    	<oauth>        	<public-key>			-----BEGIN PUBLIC KEY-----
MIGfMA0GCSqGSIb3DQEBAQUAA4GNADCBiQKBgQCTeDteRFU+Inj/LUddo14APB1C
2xEG77TALhygg16IhTpaKohvn/k3MOyjn1Ym3flQQTzYhRjI7WJ/eIVbQYGTllTe
M2NNtgi8PKugfZc9l34tpn4x2ydLr+c1WdKxxoArbq8IBaLIqdVi5bzQdmTNO0PM
guRuVtrjkQnRt/wjdwIDAQAB
-----END PUBLIC KEY-----        	</public-key>        </oauth>    </remote-plugin-container>        <!-- webhook key="installed" event="remote_plugin_installed" url="/hooks"/ -->    <webhook key="webhook_for_plugin_enabling" event="remote_plugin_enabled" url="/hooks"/>        <issue-panel-page key="issue-incentify-panel" url="/incentify_panel" name="Donay">		<description>Shows information from donay.com in a panel on issue page.</description>	</issue-panel-page>		<configure-page key="incentify-config-page" name="Configure Incentify" url="/config">	</configure-page>    </atlassian-plugin>