<atlassian-plugin key="com.servicerocket.jira.addons.embedded-issue-collector2" name="Embedded Issue Collector Addon" plugins-version="2">
    <plugin-info>
        <description>Embedded Issue Collector</description>
        <version>1.1</version>
        <vendor name="ServiceRocket" url="http://www.servicerocket.com" />
        <param name="documentation.url">https://confluence.servicerocket.com/x/KwV4</param>
    </plugin-info>

    <remote-plugin-container key="container" display-url="http://localhost">
    </remote-plugin-container>

    <general-page key="create-UAT-issue" name="Create UAT Issue" url="/createUATIssue.html" />
</atlassian-plugin>