{"name":"Agile Runway","description":"Roadmap dashboard plugin for Jira Agile","key":"com.bengummer.agilerunway","baseUrl":"https://murmuring-cove-9177.herokuapp.com/dev-dash","vendor":{"name":"Ben Gummer","url":"https://marketplace.atlassian.com/plugins/com.bengummer.agilerunway"},"authentication":{"type":"none"},"modules":{"jiraProjectTabPanels":[{"url":"/runway.html?projectId={project.id}&projectKey={project.key}","weight":100,"key":"agile-runway","name":{"value":"Roadmap"}}]},"version":"1.0.1"}