

<atlassian-plugin key="com.kitologic.pathfinder" name="Pathfinder" plugins-version="2">
     
<plugin-info>
    <description>Graphically view and edit issue links and find your critical path to success</description>
    <version>1.1</version>
    <vendor name="Kitologic Inc." url="http://www.kitologic.com" />
    <permissions>
        <permission>create_oauth_link</permission> 
        <permission>browse_projects</permission>
    </permissions>
    <param name="atlassian-licensing-enabled">true</param>
</plugin-info>


    <remote-plugin-container key="_container" display-url="https://vast-caverns-9249.herokuapp.com">
        <oauth>
            <public-key>-----BEGIN PUBLIC KEY-----
MIGfMA0GCSqGSIb3DQEBAQUAA4GNADCBiQKBgQCyQpaLK0GhyKD+Avt7o6hGzSdE
dGSdV8JxQtFmPcDZaIJ+/LBgqBEZygxfVFWzbNeO3b7ZoAq7LbN/QcnjSkns5hye
G54UntPzwCSsHbap1fkt/AcSPnTOt1YSYxDWfHzrCye+c/1nVTsGPwm9SSTX1nc4
0P2VhQ6jMwLUGUHvKwIDAQAB
-----END PUBLIC KEY-----</public-key>
        </oauth>
    </remote-plugin-container>

    <webhook key="_registration" event="remote_plugin_enabled" url="/remote_plugin_enabled"/>

    

<general-page key="home" name="Pathfinder" url="/home"/>

</atlassian-plugin>
