<!--
  # `atlassian-plugin.xml`

  This file is a manifest of all the components used to describe your add-on's features.
  For information about what Atlassian Connect components are available for use in this file
  visit the [Interactive Descriptor Guide](https://developer.atlassian.com/static/connect).
 -->
<atlassian-plugin key="com.bit.agile.bit-storymap" name="Agile StoryMap" plugins-version="2" xmlns="https://remoteapps.jira.com/rest/remotable-plugins/1/installer/schema/atlassian-plugin">

  <plugin-info>
    <description>The Agile Story Map Plugin for Atlassian JIRA.</description>
    <version>3.0.1</version>
    <vendor name="Bauer Information Technology GmbH" url="http://www.bauer-information-technology.com"/>
    <!--
      ## Permissions

      Atlassian Connect add-ons have to declare what permissions they need to work. Available permissions
      can be found on the [Interactive Descriptor Guide](https://developer.atlassian.com/static/connect)

      * [JIRA](https://developer.atlassian.com/static/connect/#jira/permissions)
      * [Confluence](https://developer.atlassian.com/static/connect/#confluence/permissions)
     -->
    <permissions>
      <!-- create_oauth_link is required if you want to protect your add-on with OAuth authentication -->
      <permission>create_oauth_link</permission>
	  <permission>browse_projects</permission>
      <permission>create_issues</permission>
      <!-- add additional permissions here, as needed -->
    </permissions>

    <param name="documentation.url">http://bauer-information-technology.com/storymap-product-owner-manual/</param>
 	<param name="atlassian-licensing-enabled">true</param>
  </plugin-info>

    <remote-plugin-container key="container" display-url="https://bit-atlassian.herokuapp.com">
    <!-- <remote-plugin-container key="container" display-url="http://flomobil:3000/"> -->
    <!--
      ## OAuth Authentication

      To protect your add-on from unauthorized use, we use two-legged OAuth 1.0. Your public-key is already
      set in ./public-key.pem... no need to add it here. At run-time, the publicKey token below will
      be populated with your real public-key.pem.
     -->
    <oauth>
      <public-key>
-----BEGIN PUBLIC KEY-----
MIGfMA0GCSqGSIb3DQEBAQUAA4GNADCBiQKBgQC3qGKlbxTJYeFuqq1YCmleqOZP
ijUePzSdfoxd5G1iI4esmA8FpjQ6VntPEAEpXsustQ3wI6jjalNVY9dYkDyNd3Ms
A/G7rrE4HkuZL8QSRVIkO3f+peG78l0ndLfre8x3FbvIHmu4qzKqavY47S1HPpuU
IQYHZ+s3dc8wnLhH2QIDAQAB
-----END PUBLIC KEY-----
      </public-key>
    </oauth>
  </remote-plugin-container>

  <!--
    ## Webhooks

    At the moment, Atlassian Connect supports two types of components of which webhooks is one of them.
    The "remote_plugin_enabled" webhook is a special webhook that `atlassian-connect-express` will automatically
    handle for you. When your add-on is enabled inside a JIRA or Confluence host, that host will
    send a POST to your add-on with information about that host (i.e., host clientKey, host public key, etc.).

    If you define your own hooks, you'll need to create POST routes to handle them. For more information on
    the webhooks available, check out the [Interactive Descriptor Guide](https://developer.atlassian.com/static/connect).

    * [JIRA](https://developer.atlassian.com/static/connect#jira/webhook)
    * [Confluence](https://developer.atlassian.com/static/connect#confluence/webhook)
   -->
  <webhook key="enabled" event="remote_plugin_enabled" url="/enabled"/>

  <!--
    ## Pages

    The other type of components Atlassian Connect supports are pages. Pages are UI extension points inside
    of JIRA or Confluence. Currently they're implemented as [seamless iframes](https://developer.atlassian.com/static/connect/#confluence/webhook).
    Some of these page components can be viewed as full pages wrapped with JIRA or Confluence's layout. And others
    might be implemented as smaller web fragments on the page, such as tabs or sidebar panels.

    All of the page components available can be found on the
    [Interactive Descriptor Guide](https://developer.atlassian.com/static/connect) starting with `*-page`.

    * [JIRA](https://developer.atlassian.com/static/connect#jira)
    * [Confluence](https://developer.atlassian.com/static/connect#confluence)
    /storymap/index.htm
   
  <general-page key="hello-world-page-in-jira" name="Story Map" section="system.top.navigation.bar" url="/storymap/"/>  
  <general-page key="hello-world-page-in-jira1" name="Story Map1" section="greenhopper_menu/greenhopper_menu_dropdown_recent" url="/storymap/trunk/?project=${project.key}"/>  
  -->
  <general-page key="agile-story-map-main" name="Story Map" section="greenhopper_menu/greenhopper_menu_dropdown" url="/storymap/?version=3.0.1&amp;project=${project.key}"/>  

  <!-- 
  <general-page key="hello-world-page-in-jira" name="Hello World" section="system.top.navigation.bar" url="/hello-world"/>
  <general-page key="hello-world-page-in-confluence" name="Hello World" section="system.user" url="/hello-world"/>
  -->
  <!-- 
	<webhook key="bit-storymap-issue_created" event="jira:issue_created" url="/" />
	<webhook key="bit-storymap-issue_updated" event="jira:issue_updated" url="/" />
	<webhook key="bit-storymap-issue_deleted" event="jira:issue_deleted" url="/" />
	-->
</atlassian-plugin>