{"name":"e-Reminders","description":"Automatically send daily email reminders with due issues to all JIRA users or selected group.","key":"com.bugsio.ereminders","vendor":{"name":"BugsIO Solutions","url":"http://bugsio.com"},"baseUrl":"https://atlas-addon.bugsio.com/ereminders","authentication":{"type":"jwt"},"enableLicensing":true,"lifecycle":{"disabled":"/disabled","enabled":"/enabled","installed":"/installed","uninstalled":"/uninstalled"},"scopes":["read","admin"],"modules":{"configurePage":{"url":"/config_instance","key":"config-page","name":{"value":"Configure Add-on"}},"generalPages":[{"url":"/config_user","key":"user-config","name":{"value":"e-Reminders"},"location":"system.user.options/personal","conditions":[{"condition":"user_is_logged_in"}]}]},"version":"1.6.3"}