{"key":"com.akelesconsulting.plugins.confluence.helloWorld","name":"Ping Pong 2","description":"My very 1st first add-on","vendor":{"name":"Angry Nerds","url":"https://www.atlassian.com/angrynerds"},"baseUrl":"https://connect-express.herokuapp.com","links":{"self":"https://connect-express.herokuapp.com/atlassian-connect.json","homepage":"https://connect-express.herokuapp.com/atlassian-connect.json"},"authentication":{"type":"jwt"},"lifecycle":{"installed":"/installed"},"modules":{"generalPages":[{"key":"hello-world-page-jira","location":"system.top.navigation.bar","name":{"value":"Hello World"},"url":"/hello-world","conditions":[{"condition":"user_is_logged_in"}]},{"key":"hello-world-page-confluence","location":"system.header/left","name":{"value":"Hello World 2"},"url":"/hello-world","conditions":[{"condition":"user_is_logged_in"}]}]},"version":"1.0.0"}