{"name":"Automated JIRA issue dispatcher","description":"Automated JIRA issue dispatcher","key":"com.atlassian.addon.connect.autodispatch","baseUrl":"https://autodispatch.internal.atlassian.com","vendor":{"name":"Atlassian","url":"http://atlassian.com"},"authentication":{"type":"jwt"},"enableLicensing":false,"lifecycle":{"installed":"/installed"},"scopes":["READ","WRITE"],"modules":{"jiraProfileTabPanels":[{"url":"/configuration?activeTabId=tabs-my-settings","weight":100,"key":"configuration","name":{"value":"Autodispatch Plugin"}}],"webPanels":[{"url":"/configuration/user/statusPanel","location":"com.atlassian.jira.plugin.headernav.right.context","layout":{"width":"32","height":"32"},"key":"configuration-user-statusButton","name":{"value":"Status button"},"params":{"style":"display: inline-block"}}],"generalPages":[{"key":"statuschange","name":{"value":"StatusChangeNotifier"},"url":"/configuration/user/statusDialog","location":"none"}],"webhooks":[{"event":"jira:issue_created","url":"/issue/create"},{"event":"jira:issue_updated","url":"/issue/update"}]},"version":"1.0.60"}