{"key":"com.eazybi.atlassian-connect.eazybi-jira","baseUrl":"https://aod.eazybi.com","name":"eazyBI for JIRA Cloud","description":"eazyBI add-on provides easy drag-and-drop creation of custom JIRA reports, charts and dashboard gadgets. After installation please click Configure to import selected JIRA projects and from Home tab click Users to allow access to eazyBI for other users and groups.","vendor":{"name":"EazyOne","url":"https://eazybi.com"},"apiVersion":2,"lifecycle":{"installed":"/atlassian-connect/eazybi-jira/installed","uninstalled":"/atlassian-connect/eazybi-jira/uninstalled","enabled":"/atlassian-connect/eazybi-jira/enabled","disabled":"/atlassian-connect/eazybi-jira/disabled"},"enableLicensing":true,"modules":{"generalPages":[{"key":"home","url":"/atlassian-connect/eazybi-jira/home","conditions":[{"condition":"user_is_logged_in"}],"name":{"value":"eazyBI"}}],"configurePage":{"key":"configure","url":"/atlassian-connect/eazybi-jira/configure","conditions":[{"condition":"user_is_logged_in"}],"name":{"value":"eazyBI configuration"}}},"scopes":["READ"],"authentication":{"type":"jwt"},"version":"2.0.0"}