{"name":"Auto Create Subtask","description":"Automatically creates subtasks for each bug created for configured projects and updates status of parent bug as subtasks are closed","key":"com.aoins.jiraconnectplugin","baseUrl":"https://ec2-54-210-242-238.compute-1.amazonaws.com/jira","vendor":{"name":"Auto Owners Insurance Company","url":"http://aoins.com"},"authentication":{"type":"none"},"modules":{"webhooks":[{"event":"jira:issue_created","url":"/issue_created.py"},{"event":"jira:issue_updated","url":"/issue_updated.py"}],"generalPages":[{"url":"/advanced_search.html","key":"nested-search","location":"find_link/nested-search-section","name":{"value":"Nested Search"}}],"webSections":[{"location":"find_link","key":"nested-search-section","name":{"value":"Auto-Owners Plugin"}}]},"scopes":["read","write"],"version":"1.0.2"}