{"key":"com.atlassian.training.proumanoff","name":"copy-page","description":"One click page copy","authentication":{"type":"none"},"baseUrl":"https://proumanoff-ac.firebaseapp.com/","vendor":{"name":"Atlassian Labs","url":"https://www.atlassian.com"},"links":{"documentation":"https://bitbucket.org/proumanoff/copy-page"},"modules":{"staticContentMacros":[{"key":"copy-page-button","name":{"value":"Copy Page"},"url":"/index.html","icon":{"url":"/favicon.png"}}]},"categories":["visuals"],"version":"1.1.1"}