<?xml version="1.0" ?>
<atlassian-plugin key="com.soyatec.gantt.connect" name="Soyatec Gantt Chart" plugins-version="2">
 
    <plugin-info>
        <description>Soyatec Gantt Chart Atlassian Connect add-on</description>
        <version>1</version>
        <vendor name="Soyatec" url="https://www.soyatec.com" />
          <!--
          ## Permissions
    
          Atlassian Connect add-ons have to declare what permissions they need to work. Available permissions
          can be found on the [Interactive Descriptor Guide](http://atlassian-connect.herokuapp.com/help)
    
          * [JIRA](http://atlassian-connect.herokuapp.com/help#jira/permissions)
          * [Confluence](http://atlassian-connect.herokuapp.com/help#confluence/permissions)
         -->
        <permissions>
            <!-- create_oauth_link is required if you want to protect your add-on with OAuth authentication -->
            <permission>create_oauth_link</permission>
            <permission>browse_projects</permission>
            <!-- add additional permissions here, as needed -->
            <permission>read_users_and_groups</permission>
            <permission>read_metadata</permission> 
            <permission>read_user_session_data</permission>   
            <permission>read_app_links</permission>   
            <permission>modify_app_link</permission>   
            
            <permission>create_issues</permission>
            <permission>edit_issues</permission>
            <permission>resolve_issues</permission>
            <permission>store_data</permission>
            <permission>make_http_requests</permission>
            
           <!-- <permission>insert_web_resources</permission>  --> 
             <!-- <permission>download_attachments</permission>  -->
             <permission>send_email</permission>
             <permission>read_license</permission> 
             
        </permissions>
		 <!-- the old way 
         <param name="configure.url">/plugins/servlet/remotable-plugins/com.soyatec.gantt.connect/gantt-configure</param> -->
         <!-- https://developer.atlassian.com/display/AC/Add-on+Design+Considerations  -->
         <param name="configure.url">/plugins/servlet/atlassian-connect/com.soyatec.gantt.connect/gantt-configure</param>
         
         <param name="documentation.url">http://www.soyatec.com</param>
         <param name="atlassian-licensing-enabled">true</param>
    </plugin-info>
    
    
 <!-- The PEM-encoded public key that will be used to sign all requests from this plugin to the Atlassian host application.  -->
    <remote-plugin-container key="container" display-url="http://localhost:8080/ganttconnect">
	    <oauth callback="/webhook/oauth">    <!--  The callback URL to use in a OAuth 1.0A dance  -->
	      <public-key>  
-----BEGIN PUBLIC KEY-----
MIGfMA0GCSqGSIb3DQEBAQUAA4GNADCBiQKBgQCmw/VRrwjO57m/cKt696LEbnHu
2N5uh87CVnNpNmZ7yqIxUF+vXbdiQmLm5K5CnOo6DJftjEjN76J77ShYsk6BiDAY
KmGu1gXR8HVT5LO+E1QHYrJoL9lKz+397yTGHyNKhq+Z1vklhaVLwl9Mg7AEONkM
BAgxXo0mGY14Jfe4ywIDAQAB
-----END PUBLIC KEY-----
	      </public-key>
	    </oauth>
	    
    </remote-plugin-container>
    
    <admin-page key="gantt-admin" name="Gantt Admin" url="/action/admin" height="768" width="1024"  weight="1000"  section="advanced_menu_section/advanced_section" application="jira">
    </admin-page>
    
    <configure-page key="gantt-configure" name="Gantt Configure" url="/action/configure" >  
    </configure-page>
    
    <general-page key="gantt-calendar" name="Gantt Calendar" url="/action/calendar" height="768" width="1024"  section="system.top.navigation.bar" >
   </general-page>
   
   <general-page key="gantt-general" name="Gantt General" url="/action/general" height="768" width="1024"  section="system.top.navigation.bar" >
   </general-page>
   
 	<project-tab-page key="gantt-project" name="Gantt Chart" url="/action/ganttchart?ctx_project_key=${project.key}&amp;ctx_project_id=${project.id}" height="768" width="1024" >
    </project-tab-page>
      
   	<project-config-panel key="gantt-config-panel" name="Gantt Config Panel" url="/action/admin" height="768" width="1024" >
   	</project-config-panel>
   
    <project-config-tab key="soyatec-project-config-tab" name="Gantt Project Config Tab" url="/action/admin" weight="10"   location="projectgroup1">
    </project-config-tab>
    
    <!-- section="atl.jira.proj.config/projectgroup1"  
   
     <issue-tab-page key="issue-panel-1" name="Soyatec Panel" url="/examples/issuepanel.html"> 
        <conditions>
            <condition name="has_issue_permission">
                <param name="permission">edit</param>
            </condition>
        </conditions>
    </issue-tab-page>
   -->
   
    <!-- Common webhooks -->
  <webhook key="remote_plugin_installed" event="remote_plugin_installed" url="/webhook/installed"/>
  <webhook key="remote_plugin_enabled" event="remote_plugin_enabled" url="/webhook/remote_plugin_enabled"/>
  <webhook key="remote_plugin_disabled" event="remote_plugin_disabled" url="/webhook/remote_plugin_disabled"/>
  <webhook key="server_upgraded" event="server_upgraded" url="/webhook/server_upgraded"/>
  <webhook key="connect_addon_enabled" event="plugins_upgraded" url="/webhook/plugins_upgraded"/>
  <webhook key="connect_addon_disabled" event="plugin_enabled" url="/webhook/plugin_enabled"/>
   
    <webhook key="jira:issue_created" event="issue_created" url="/webhook/issue_created"/>
    <webhook key="jira:issue_deleted" event="issue_deleted" url="/webhook/issue_deleted"/>
    <webhook key="jira:issue_updated" event="issue_updated" url="/webhook/issue_updated"/>
    <webhook key="jira:worklog_updated" event="issue_worklog_updated" url="/webhook/issue_worklog_updated"/>
    
 	<!-- Jira webhooks JiraWebHookProvider  issue_work_started  issue_work_stopped 
  <webhook key="issue_assigned" event="issue_assigned" url="/webhook/issue_assigned"/>
  <webhook key="issue_closed" event="issue_closed" url="/webhook/issue_closed"/>
  <webhook key="issue_reopened" event="issue_reopened" url="/webhook/issue_reopened"/>
  <webhook key="issue_resolved" event="issue_resolved" url="/webhook/issue_resolved"/>
  <webhook key="issue_moved" event="issue_moved" url="/webhook/issue_moved"/>
  <webhook key="issue_work_logged" event="issue_work_logged" url="/webhook/issue_work_logged"/>
  <webhook key="issue_worklog_deleted" event="issue_worklog_deleted" url="/webhook/issue_worklog_deleted"/>
  
  
  <webhook key="issue_commented" event="issue_commented" url="/webhook/issue_commented"/>
  <webhook key="issue_comment_edited" event="issue_comment_edited" url="/webhook/issue_comment_edited"/>
  <webhook key="issue_generic_event" event="issue_generic_event" url="/webhook/issue_generic_event"/>
  -->
        
</atlassian-plugin>