<?xml version="1.0" ?>
<atlassian-plugin key="com.cat.helloworld" name="Cat's World" plugins-version="2">
    <plugin-info>
        <description>Cat's Atlassian Connect add-on</description>
        <version>1</version>
        <vendor name="Million Dollar Kidneys, Inc" url="https://catalindumitru.com" />
    </plugin-info>
    <remote-plugin-container key="container" display-url="http://5ef08e9c.ngrok.com">
    </remote-plugin-container>
    <general-page key="general" name="Greeting" url="/cathelloworld.html">
    </general-page>
</atlassian-plugin>