{"name":"Embed.ly Addon","description":"Atlassian Connect Embed.ly Addon","key":"com.atlassian.connect.embedly","baseUrl":"https://embedly-addon.herokuapp.com","vendor":{"name":"Atlassian","url":"http://atlassian.com"},"authentication":{"type":"none"},"modules":{"dynamicContentMacros":[{"url":"embedly.html?url={url}","key":"embedly","name":{"value":"Embed.ly Macro"},"parameters":[{"identifier":"url","name":{"value":"URL"},"description":{"value":"URL of the embed content"},"type":"string","required":true}]}]},"version":"1.0.0"}