{"name":"Karma for Confluence (Connect)","description":"Karma for Connect Plugin","key":"com.communardo.connect.karma","baseUrl":"https://karma-connect.herokuapp.com","vendor":{"name":"Communardo","url":"http://www.communardo.de"},"authentication":{"type":"jwt"},"lifecycle":{"installed":"/installed"},"scopes":["ADMIN"],"modules":{"profilePages":[{"url":"/karmaoverview","key":"karmaoverview","name":{"value":"Karma"}}],"webhooks":[{"event":"page_updated","url":"/event/pageupdate"}]},"version":"1.0.6"}