{"key":"com.wittified.webfragment-finder","name":"Wittified WebFrags for OD","description":"Find the Webfrags","vendor":{"name":"Wittified, LLC","url":"https://www.wittified.com"},"baseUrl":"https://webfrags.apps.wittified.com","enableLicensing":false,"links":{"self":"https://webfrags.apps.wittified.com/atlassian-connect.json","homepage":"https://webfrags.apps.wittified.com/atlassian-connect.json"},"authentication":{"type":"none"},"modules":{"webItems":[{"url":"/display-web-item.html?web-item=system.admin/marketplace_jira","location":"system.admin/marketplace_jira","context":"addon","weight":9999,"target":{"type":"dialog","options":{}},"tooltip":{"value":"Sample tooltip"},"key":"wittified-generated-item-1","name":{"value":"system.admin/marketplace_jira"},"conditions":[{"condition":"user_is_logged_in"}]},{"url":"/display-web-item.html?web-item=top_system_section/advanced_section","location":"top_system_section/advanced_section","context":"addon","weight":9999,"target":{"type":"dialog","options":{}},"tooltip":{"value":"Sample tooltip"},"key":"wittified-generated-item-2","name":{"value":"top_system_section/advanced_section"},"conditions":[{"condition":"user_is_logged_in"}]},{"url":"/display-web-item.html?web-item=system.browse.projects.operations","location":"system.browse.projects.operations","context":"addon","weight":9999,"target":{"type":"dialog","options":{}},"tooltip":{"value":"Sample tooltip"},"key":"wittified-generated-item-3","name":{"value":"system.browse.projects.operations"},"conditions":[{"condition":"user_is_logged_in"}]},{"url":"/display-web-item.html?web-item=atj.jira.proj.nav.switcher/project-navswitcher","location":"atj.jira.proj.nav.switcher/project-navswitcher","context":"addon","weight":9999,"target":{"type":"dialog","options":{}},"tooltip":{"value":"Sample tooltip"},"key":"wittified-generated-item-4","name":{"value":"atj.jira.proj.nav.switcher/project-navswitcher"},"conditions":[{"condition":"user_is_logged_in"}]},{"url":"/display-web-item.html?web-item=jira.hints/LABELS","location":"jira.hints/LABELS","context":"addon","weight":9999,"target":{"type":"dialog","options":{}},"tooltip":{"value":"Sample tooltip"},"key":"wittified-generated-item-5","name":{"value":"jira.hints/LABELS"},"conditions":[{"condition":"user_is_logged_in"}]},{"url":"/display-web-item.html?web-item=operations-operations","location":"operations-operations","context":"addon","weight":9999,"target":{"type":"dialog","options":{}},"tooltip":{"value":"Sample tooltip"},"key":"wittified-generated-item-6","name":{"value":"operations-operations"},"conditions":[{"condition":"user_is_logged_in"}]},{"url":"/display-web-item.html?web-item=devstatus-cta-list","location":"devstatus-cta-list","context":"addon","weight":9999,"target":{"type":"dialog","options":{}},"tooltip":{"value":"Sample tooltip"},"key":"wittified-generated-item-7","name":{"value":"devstatus-cta-list"},"conditions":[{"condition":"user_is_logged_in"}]},{"url":"/display-web-item.html?web-item=jira.hints/COMMENT","location":"jira.hints/COMMENT","context":"addon","weight":9999,"target":{"type":"dialog","options":{}},"tooltip":{"value":"Sample tooltip"},"key":"wittified-generated-item-8","name":{"value":"jira.hints/COMMENT"},"conditions":[{"condition":"user_is_logged_in"}]},{"url":"/display-web-item.html?web-item=operations-attachments","location":"operations-attachments","context":"addon","weight":9999,"target":{"type":"dialog","options":{}},"tooltip":{"value":"Sample tooltip"},"key":"wittified-generated-item-9","name":{"value":"operations-attachments"},"conditions":[{"condition":"user_is_logged_in"}]},{"url":"/display-web-item.html?web-item=system.preset.filters","location":"system.preset.filters","context":"addon","weight":9999,"target":{"type":"dialog","options":{}},"tooltip":{"value":"Sample tooltip"},"key":"wittified-generated-item-10","name":{"value":"system.preset.filters"},"conditions":[{"condition":"user_is_logged_in"}]},{"url":"/display-web-item.html?web-item=system.user.hover.links","location":"system.user.hover.links","context":"addon","weight":9999,"target":{"type":"dialog","options":{}},"tooltip":{"value":"Sample tooltip"},"key":"wittified-generated-item-11","name":{"value":"system.user.hover.links"},"conditions":[{"condition":"user_is_logged_in"}]},{"url":"/display-web-item.html?web-item=admin_plugins_menu/admin-helper-admin-section","location":"admin_plugins_menu/admin-helper-admin-section","context":"addon","weight":9999,"target":{"type":"dialog","options":{}},"tooltip":{"value":"Sample tooltip"},"key":"wittified-generated-item-12","name":{"value":"admin_plugins_menu/admin-helper-admin-section"},"conditions":[{"condition":"user_is_logged_in"}]},{"url":"/display-web-item.html?web-item=com.atlassian.jira.jira-view-issue-plugin:view-subtasks/header","location":"com.atlassian.jira.jira-view-issue-plugin:view-subtasks/header","context":"addon","weight":9999,"target":{"type":"dialog","options":{}},"tooltip":{"value":"Sample tooltip"},"key":"wittified-generated-item-13","name":{"value":"com.atlassian.jira.jira-view-issue-plugin:view-subtasks/header"},"conditions":[{"condition":"user_is_logged_in"}]},{"url":"/display-web-item.html?web-item=embedded.crowd.additional","location":"embedded.crowd.additional","context":"addon","weight":9999,"target":{"type":"dialog","options":{}},"tooltip":{"value":"Sample tooltip"},"key":"wittified-generated-item-14","name":{"value":"embedded.crowd.additional"},"conditions":[{"condition":"user_is_logged_in"}]},{"url":"/display-web-item.html?web-item=top_system_section/mail_section","location":"top_system_section/mail_section","context":"addon","weight":9999,"target":{"type":"dialog","options":{}},"tooltip":{"value":"Sample tooltip"},"key":"wittified-generated-item-15","name":{"value":"top_system_section/mail_section"},"conditions":[{"condition":"user_is_logged_in"}]},{"url":"/display-web-item.html?web-item=jira.project.templates","location":"jira.project.templates","context":"addon","weight":9999,"target":{"type":"dialog","options":{}},"tooltip":{"value":"Sample tooltip"},"key":"wittified-generated-item-16","name":{"value":"jira.project.templates"},"conditions":[{"condition":"user_is_logged_in"}]},{"url":"/display-web-item.html?web-item=dev-toolbar-menu","location":"dev-toolbar-menu","context":"addon","weight":9999,"target":{"type":"dialog","options":{}},"tooltip":{"value":"Sample tooltip"},"key":"wittified-generated-item-17","name":{"value":"dev-toolbar-menu"},"conditions":[{"condition":"user_is_logged_in"}]},{"url":"/display-web-item.html?web-item=dev-toolbar","location":"dev-toolbar","context":"addon","weight":9999,"target":{"type":"dialog","options":{}},"tooltip":{"value":"Sample tooltip"},"key":"wittified-generated-item-18","name":{"value":"dev-toolbar"},"conditions":[{"condition":"user_is_logged_in"}]},{"url":"/display-web-item.html?web-item=top_system_section/user_interface","location":"top_system_section/user_interface","context":"addon","weight":9999,"target":{"type":"dialog","options":{}},"tooltip":{"value":"Sample tooltip"},"key":"wittified-generated-item-19","name":{"value":"top_system_section/user_interface"},"conditions":[{"condition":"user_is_logged_in"}]},{"url":"/display-web-item.html?web-item=operations-admin-helper","location":"operations-admin-helper","context":"addon","weight":9999,"target":{"type":"dialog","options":{}},"tooltip":{"value":"Sample tooltip"},"key":"wittified-generated-item-20","name":{"value":"operations-admin-helper"},"conditions":[{"condition":"user_is_logged_in"}]},{"url":"/display-web-item.html?web-item=system.top.navigation.admin.link","location":"system.top.navigation.admin.link","context":"addon","weight":9999,"target":{"type":"dialog","options":{}},"tooltip":{"value":"Sample tooltip"},"key":"wittified-generated-item-21","name":{"value":"system.top.navigation.admin.link"},"conditions":[{"condition":"user_is_logged_in"}]},{"url":"/display-web-item.html?web-item=admin_issues_menu/issue_attributes","location":"admin_issues_menu/issue_attributes","context":"addon","weight":9999,"target":{"type":"dialog","options":{}},"tooltip":{"value":"Sample tooltip"},"key":"wittified-generated-item-22","name":{"value":"admin_issues_menu/issue_attributes"},"conditions":[{"condition":"user_is_logged_in"}]},{"url":"/display-web-item.html?web-item=system.user/user-content","location":"system.user/user-content","context":"addon","weight":9999,"target":{"type":"dialog","options":{}},"tooltip":{"value":"Sample tooltip"},"key":"wittified-generated-item-23","name":{"value":"system.user/user-content"},"conditions":[{"condition":"user_is_logged_in"}]},{"url":"/display-web-item.html?web-item=admin_plugins_menu/monitoring_section","location":"admin_plugins_menu/monitoring_section","context":"addon","weight":9999,"target":{"type":"dialog","options":{}},"tooltip":{"value":"Sample tooltip"},"key":"wittified-generated-item-24","name":{"value":"admin_plugins_menu/monitoring_section"},"conditions":[{"condition":"user_is_logged_in"}]},{"url":"/display-web-item.html?web-item=system.admin/system","location":"system.admin/system","context":"addon","weight":9999,"target":{"type":"dialog","options":{}},"tooltip":{"value":"Sample tooltip"},"key":"wittified-generated-item-25","name":{"value":"system.admin/system"},"conditions":[{"condition":"user_is_logged_in"}]},{"url":"/display-web-item.html?web-item=find_link/bulk_create_section","location":"find_link/bulk_create_section","context":"addon","weight":9999,"target":{"type":"dialog","options":{}},"tooltip":{"value":"Sample tooltip"},"key":"wittified-generated-item-26","name":{"value":"find_link/bulk_create_section"},"conditions":[{"condition":"user_is_logged_in"}]},{"url":"/display-web-item.html?web-item=admin_system_menu/top_system_section","location":"admin_system_menu/top_system_section","context":"addon","weight":9999,"target":{"type":"dialog","options":{}},"tooltip":{"value":"Sample tooltip"},"key":"wittified-generated-item-27","name":{"value":"admin_system_menu/top_system_section"},"conditions":[{"condition":"user_is_logged_in"}]},{"url":"/display-web-item.html?web-item=admin_users_menu/users_groups_section","location":"admin_users_menu/users_groups_section","context":"addon","weight":9999,"target":{"type":"dialog","options":{}},"tooltip":{"value":"Sample tooltip"},"key":"wittified-generated-item-28","name":{"value":"admin_users_menu/users_groups_section"},"conditions":[{"condition":"user_is_logged_in"}]},{"url":"/display-web-item.html?web-item=system.top.navigation.bar","location":"system.top.navigation.bar","context":"addon","weight":9999,"target":{"type":"dialog","options":{}},"tooltip":{"value":"Sample tooltip"},"key":"wittified-generated-item-29","name":{"value":"system.top.navigation.bar"},"conditions":[{"condition":"user_is_logged_in"}]},{"url":"/display-web-item.html?web-item=create-issue-link-types","location":"create-issue-link-types","context":"addon","weight":9999,"target":{"type":"dialog","options":{}},"tooltip":{"value":"Sample tooltip"},"key":"wittified-generated-item-30","name":{"value":"create-issue-link-types"},"conditions":[{"condition":"user_is_logged_in"}]},{"url":"/display-web-item.html?web-item=system.user.options/personal","location":"system.user.options/personal","context":"addon","weight":9999,"target":{"type":"dialog","options":{}},"tooltip":{"value":"Sample tooltip"},"key":"wittified-generated-item-31","name":{"value":"system.user.options/personal"},"conditions":[{"condition":"user_is_logged_in"}]},{"url":"/display-web-item.html?web-item=operations-voteswatchers","location":"operations-voteswatchers","context":"addon","weight":9999,"target":{"type":"dialog","options":{}},"tooltip":{"value":"Sample tooltip"},"key":"wittified-generated-item-32","name":{"value":"operations-voteswatchers"},"conditions":[{"condition":"user_is_logged_in"}]},{"url":"/display-web-item.html?web-item=system.user.options/jira-help","location":"system.user.options/jira-help","context":"addon","weight":9999,"target":{"type":"dialog","options":{}},"tooltip":{"value":"Sample tooltip"},"key":"wittified-generated-item-33","name":{"value":"system.user.options/jira-help"},"conditions":[{"condition":"user_is_logged_in"}]},{"url":"/display-web-item.html?web-item=system.user.profile.links/operations","location":"system.user.profile.links/operations","context":"addon","weight":9999,"target":{"type":"dialog","options":{}},"tooltip":{"value":"Sample tooltip"},"key":"wittified-generated-item-34","name":{"value":"system.user.profile.links/operations"},"conditions":[{"condition":"user_is_logged_in"}]},{"url":"/display-web-item.html?web-item=com.atlassian.jira.jira-view-issue-plugin:timetrackingmodule/header","location":"com.atlassian.jira.jira-view-issue-plugin:timetrackingmodule/header","context":"addon","weight":9999,"target":{"type":"dialog","options":{}},"tooltip":{"value":"Sample tooltip"},"key":"wittified-generated-item-35","name":{"value":"com.atlassian.jira.jira-view-issue-plugin:timetrackingmodule/header"},"conditions":[{"condition":"user_is_logged_in"}]},{"url":"/display-web-item.html?web-item=operations-subtasks","location":"operations-subtasks","context":"addon","weight":9999,"target":{"type":"dialog","options":{}},"tooltip":{"value":"Sample tooltip"},"key":"wittified-generated-item-36","name":{"value":"operations-subtasks"},"conditions":[{"condition":"user_is_logged_in"}]},{"url":"/display-web-item.html?web-item=admin_users_menu/users_groups_configuration","location":"admin_users_menu/users_groups_configuration","context":"addon","weight":9999,"target":{"type":"dialog","options":{}},"tooltip":{"value":"Sample tooltip"},"key":"wittified-generated-item-37","name":{"value":"admin_users_menu/users_groups_configuration"},"conditions":[{"condition":"user_is_logged_in"}]},{"url":"/display-web-item.html?web-item=gadgets.dashboard.menu","location":"gadgets.dashboard.menu","context":"addon","weight":9999,"target":{"type":"dialog","options":{}},"tooltip":{"value":"Sample tooltip"},"key":"wittified-generated-item-38","name":{"value":"gadgets.dashboard.menu"},"conditions":[{"condition":"user_is_logged_in"}]},{"url":"/display-web-item.html?web-item=home_link/dashboard_link_manage","location":"home_link/dashboard_link_manage","context":"addon","weight":9999,"target":{"type":"dialog","options":{}},"tooltip":{"value":"Sample tooltip"},"key":"wittified-generated-item-39","name":{"value":"home_link/dashboard_link_manage"},"conditions":[{"condition":"user_is_logged_in"}]},{"url":"/display-web-item.html?web-item=system.admin.header.pageactions","location":"system.admin.header.pageactions","context":"addon","weight":9999,"target":{"type":"dialog","options":{}},"tooltip":{"value":"Sample tooltip"},"key":"wittified-generated-item-40","name":{"value":"system.admin.header.pageactions"},"conditions":[{"condition":"user_is_logged_in"}]},{"url":"/display-web-item.html?web-item=gadgets.dashboard.tools.menu","location":"gadgets.dashboard.tools.menu","context":"addon","weight":9999,"target":{"type":"dialog","options":{}},"tooltip":{"value":"Sample tooltip"},"key":"wittified-generated-item-41","name":{"value":"gadgets.dashboard.tools.menu"},"conditions":[{"condition":"user_is_logged_in"}]},{"url":"/display-web-item.html?web-item=applinks.application.link.list.operation","location":"applinks.application.link.list.operation","context":"addon","weight":9999,"target":{"type":"dialog","options":{}},"tooltip":{"value":"Sample tooltip"},"key":"wittified-generated-item-42","name":{"value":"applinks.application.link.list.operation"},"conditions":[{"condition":"user_is_logged_in"}]},{"url":"/display-web-item.html?web-item=com.atlassian.jira.jira-view-issue-plugin:attachmentmodule/header","location":"com.atlassian.jira.jira-view-issue-plugin:attachmentmodule/header","context":"addon","weight":9999,"target":{"type":"dialog","options":{}},"tooltip":{"value":"Sample tooltip"},"key":"wittified-generated-item-43","name":{"value":"com.atlassian.jira.jira-view-issue-plugin:attachmentmodule/header"},"conditions":[{"condition":"user_is_logged_in"}]},{"url":"/display-web-item.html?web-item=system.header/left","location":"system.header/left","context":"addon","weight":9999,"target":{"type":"dialog","options":{}},"tooltip":{"value":"Sample tooltip"},"key":"wittified-generated-item-44","name":{"value":"system.header/left"},"conditions":[{"condition":"user_is_logged_in"}]},{"url":"/display-web-item.html?web-item=system.user.create.options/create-menu-section","location":"system.user.create.options/create-menu-section","context":"addon","weight":9999,"target":{"type":"dialog","options":{}},"tooltip":{"value":"Sample tooltip"},"key":"wittified-generated-item-45","name":{"value":"system.user.create.options/create-menu-section"},"conditions":[{"condition":"user_is_logged_in"}]},{"url":"/display-web-item.html?web-item=top_system_section/support_tools_section","location":"top_system_section/support_tools_section","context":"addon","weight":9999,"target":{"type":"dialog","options":{}},"tooltip":{"value":"Sample tooltip"},"key":"wittified-generated-item-46","name":{"value":"top_system_section/support_tools_section"},"conditions":[{"condition":"user_is_logged_in"}]},{"url":"/display-web-item.html?web-item=admin_project_menu/project_section","location":"admin_project_menu/project_section","context":"addon","weight":9999,"target":{"type":"dialog","options":{}},"tooltip":{"value":"Sample tooltip"},"key":"wittified-generated-item-47","name":{"value":"admin_project_menu/project_section"},"conditions":[{"condition":"user_is_logged_in"}]},{"url":"/display-web-item.html?web-item=element_options_section/screens_section","location":"element_options_section/screens_section","context":"addon","weight":9999,"target":{"type":"dialog","options":{}},"tooltip":{"value":"Sample tooltip"},"key":"wittified-generated-item-48","name":{"value":"element_options_section/screens_section"},"conditions":[{"condition":"user_is_logged_in"}]},{"url":"/display-web-item.html?web-item=jira.hints/ASSIGN","location":"jira.hints/ASSIGN","context":"addon","weight":9999,"target":{"type":"dialog","options":{}},"tooltip":{"value":"Sample tooltip"},"key":"wittified-generated-item-49","name":{"value":"jira.hints/ASSIGN"},"conditions":[{"condition":"user_is_logged_in"}]},{"url":"/display-web-item.html?web-item=com.atlassian.jira.jira-view-issue-plugin:attachmentmodule/drop/attachment-manage-options","location":"com.atlassian.jira.jira-view-issue-plugin:attachmentmodule/drop/attachment-manage-options","context":"addon","weight":9999,"target":{"type":"dialog","options":{}},"tooltip":{"value":"Sample tooltip"},"key":"wittified-generated-item-50","name":{"value":"com.atlassian.jira.jira-view-issue-plugin:attachmentmodule/drop/attachment-manage-options"},"conditions":[{"condition":"user_is_logged_in"}]},{"url":"/display-web-item.html?web-item=top_system_section/troubleshooting_and_support","location":"top_system_section/troubleshooting_and_support","context":"addon","weight":9999,"target":{"type":"dialog","options":{}},"tooltip":{"value":"Sample tooltip"},"key":"wittified-generated-item-51","name":{"value":"top_system_section/troubleshooting_and_support"},"conditions":[{"condition":"user_is_logged_in"}]},{"url":"/display-web-item.html?web-item=atl.jira.proj.config/projectgroup2","location":"atl.jira.proj.config/projectgroup2","context":"addon","weight":9999,"target":{"type":"dialog","options":{}},"tooltip":{"value":"Sample tooltip"},"key":"wittified-generated-item-52","name":{"value":"atl.jira.proj.config/projectgroup2"},"conditions":[{"condition":"user_is_logged_in"}]},{"url":"/display-web-item.html?web-item=atl.jira.proj.config/projectgroup1","location":"atl.jira.proj.config/projectgroup1","context":"addon","weight":9999,"target":{"type":"dialog","options":{}},"tooltip":{"value":"Sample tooltip"},"key":"wittified-generated-item-53","name":{"value":"atl.jira.proj.config/projectgroup1"},"conditions":[{"condition":"user_is_logged_in"}]},{"url":"/display-web-item.html?web-item=atl.jira.proj.config/projectgroup4","location":"atl.jira.proj.config/projectgroup4","context":"addon","weight":9999,"target":{"type":"dialog","options":{}},"tooltip":{"value":"Sample tooltip"},"key":"wittified-generated-item-54","name":{"value":"atl.jira.proj.config/projectgroup4"},"conditions":[{"condition":"user_is_logged_in"}]},{"url":"/display-web-item.html?web-item=atl.jira.proj.config/projectgroup3","location":"atl.jira.proj.config/projectgroup3","context":"addon","weight":9999,"target":{"type":"dialog","options":{}},"tooltip":{"value":"Sample tooltip"},"key":"wittified-generated-item-55","name":{"value":"atl.jira.proj.config/projectgroup3"},"conditions":[{"condition":"user_is_logged_in"}]},{"url":"/display-web-item.html?web-item=admin_system_menu/shared_section","location":"admin_system_menu/shared_section","context":"addon","weight":9999,"target":{"type":"dialog","options":{}},"tooltip":{"value":"Sample tooltip"},"key":"wittified-generated-item-56","name":{"value":"admin_system_menu/shared_section"},"conditions":[{"condition":"user_is_logged_in"}]},{"url":"/display-web-item.html?web-item=system.preset.filters.column.four","location":"system.preset.filters.column.four","context":"addon","weight":9999,"target":{"type":"dialog","options":{}},"tooltip":{"value":"Sample tooltip"},"key":"wittified-generated-item-57","name":{"value":"system.preset.filters.column.four"},"conditions":[{"condition":"user_is_logged_in"}]},{"url":"/display-web-item.html?web-item=jira.navigator.pluggable.items","location":"jira.navigator.pluggable.items","context":"addon","weight":9999,"target":{"type":"dialog","options":{}},"tooltip":{"value":"Sample tooltip"},"key":"wittified-generated-item-58","name":{"value":"jira.navigator.pluggable.items"},"conditions":[{"condition":"user_is_logged_in"}]},{"url":"/display-web-item.html?web-item=system.preset.filters.column.one","location":"system.preset.filters.column.one","context":"addon","weight":9999,"target":{"type":"dialog","options":{}},"tooltip":{"value":"Sample tooltip"},"key":"wittified-generated-item-59","name":{"value":"system.preset.filters.column.one"},"conditions":[{"condition":"user_is_logged_in"}]},{"url":"/display-web-item.html?web-item=admin_system_menu/licensing_section","location":"admin_system_menu/licensing_section","context":"addon","weight":9999,"target":{"type":"dialog","options":{}},"tooltip":{"value":"Sample tooltip"},"key":"wittified-generated-item-60","name":{"value":"admin_system_menu/licensing_section"},"conditions":[{"condition":"user_is_logged_in"}]},{"url":"/display-web-item.html?web-item=advanced_menu_section/advanced_section","location":"advanced_menu_section/advanced_section","context":"addon","weight":9999,"target":{"type":"dialog","options":{}},"tooltip":{"value":"Sample tooltip"},"key":"wittified-generated-item-61","name":{"value":"advanced_menu_section/advanced_section"},"conditions":[{"condition":"user_is_logged_in"}]},{"url":"/display-web-item.html?web-item=system.preset.filters.column.two","location":"system.preset.filters.column.two","context":"addon","weight":9999,"target":{"type":"dialog","options":{}},"tooltip":{"value":"Sample tooltip"},"key":"wittified-generated-item-62","name":{"value":"system.preset.filters.column.two"},"conditions":[{"condition":"user_is_logged_in"}]},{"url":"/display-web-item.html?web-item=jira.issue.tools","location":"jira.issue.tools","context":"addon","weight":9999,"target":{"type":"dialog","options":{}},"tooltip":{"value":"Sample tooltip"},"key":"wittified-generated-item-63","name":{"value":"jira.issue.tools"},"conditions":[{"condition":"user_is_logged_in"}]},{"url":"/display-web-item.html?web-item=top_system_section/issue_features","location":"top_system_section/issue_features","context":"addon","weight":9999,"target":{"type":"dialog","options":{}},"tooltip":{"value":"Sample tooltip"},"key":"wittified-generated-item-64","name":{"value":"top_system_section/issue_features"},"conditions":[{"condition":"user_is_logged_in"}]},{"url":"/display-web-item.html?web-item=system.admin.userbrowser.opsbar","location":"system.admin.userbrowser.opsbar","context":"addon","weight":9999,"target":{"type":"dialog","options":{}},"tooltip":{"value":"Sample tooltip"},"key":"wittified-generated-item-65","name":{"value":"system.admin.userbrowser.opsbar"},"conditions":[{"condition":"user_is_logged_in"}]},{"url":"/display-web-item.html?web-item=com.atlassian.jira.jira-view-issue-plugin:linkingmodule/header","location":"com.atlassian.jira.jira-view-issue-plugin:linkingmodule/header","context":"addon","weight":9999,"target":{"type":"dialog","options":{}},"tooltip":{"value":"Sample tooltip"},"key":"wittified-generated-item-66","name":{"value":"com.atlassian.jira.jira-view-issue-plugin:linkingmodule/header"},"conditions":[{"condition":"user_is_logged_in"}]},{"url":"/display-web-item.html?web-item=top_system_section/security_section","location":"top_system_section/security_section","context":"addon","weight":9999,"target":{"type":"dialog","options":{}},"tooltip":{"value":"Sample tooltip"},"key":"wittified-generated-item-67","name":{"value":"top_system_section/security_section"},"conditions":[{"condition":"user_is_logged_in"}]},{"url":"/display-web-item.html?web-item=admin_plugins_menu/issue_collectors","location":"admin_plugins_menu/issue_collectors","context":"addon","weight":9999,"target":{"type":"dialog","options":{}},"tooltip":{"value":"Sample tooltip"},"key":"wittified-generated-item-68","name":{"value":"admin_plugins_menu/issue_collectors"},"conditions":[{"condition":"user_is_logged_in"}]},{"url":"/display-web-item.html?web-item=atl.jira.version.admin.operations","location":"atl.jira.version.admin.operations","context":"addon","weight":9999,"target":{"type":"dialog","options":{}},"tooltip":{"value":"Sample tooltip"},"key":"wittified-generated-item-69","name":{"value":"atl.jira.version.admin.operations"},"conditions":[{"condition":"user_is_logged_in"}]},{"url":"/display-web-item.html?web-item=admin_plugins_menu/upm_section","location":"admin_plugins_menu/upm_section","context":"addon","weight":9999,"target":{"type":"dialog","options":{}},"tooltip":{"value":"Sample tooltip"},"key":"wittified-generated-item-70","name":{"value":"admin_plugins_menu/upm_section"},"conditions":[{"condition":"user_is_logged_in"}]},{"url":"/display-web-item.html?web-item=find_link/issues_new","location":"find_link/issues_new","context":"addon","weight":9999,"target":{"type":"dialog","options":{}},"tooltip":{"value":"Sample tooltip"},"key":"wittified-generated-item-71","name":{"value":"find_link/issues_new"},"conditions":[{"condition":"user_is_logged_in"}]},{"url":"/display-web-item.html?web-item=top_plugins_section/ual_section","location":"top_plugins_section/ual_section","context":"addon","weight":9999,"target":{"type":"dialog","options":{}},"tooltip":{"value":"Sample tooltip"},"key":"wittified-generated-item-72","name":{"value":"top_plugins_section/ual_section"},"conditions":[{"condition":"user_is_logged_in"}]},{"url":"/display-web-item.html?web-item=system.admin/globalsettings","location":"system.admin/globalsettings","context":"addon","weight":9999,"target":{"type":"dialog","options":{}},"tooltip":{"value":"Sample tooltip"},"key":"wittified-generated-item-73","name":{"value":"system.admin/globalsettings"},"conditions":[{"condition":"user_is_logged_in"}]},{"url":"/display-web-item.html?web-item=admin_plugins_menu/source_control","location":"admin_plugins_menu/source_control","context":"addon","weight":9999,"target":{"type":"dialog","options":{}},"tooltip":{"value":"Sample tooltip"},"key":"wittified-generated-item-74","name":{"value":"admin_plugins_menu/source_control"},"conditions":[{"condition":"user_is_logged_in"}]},{"url":"/display-web-item.html?web-item=operations-top-level","location":"operations-top-level","context":"addon","weight":9999,"target":{"type":"dialog","options":{}},"tooltip":{"value":"Sample tooltip"},"key":"wittified-generated-item-75","name":{"value":"operations-top-level"},"conditions":[{"condition":"user_is_logged_in"}]},{"url":"/display-web-item.html?web-item=browse_link/project_view_all","location":"browse_link/project_view_all","context":"addon","weight":9999,"target":{"type":"dialog","options":{}},"tooltip":{"value":"Sample tooltip"},"key":"wittified-generated-item-76","name":{"value":"browse_link/project_view_all"},"conditions":[{"condition":"user_is_logged_in"}]},{"url":"/display-web-item.html?web-item=devstatus.cta.createbranch","location":"devstatus.cta.createbranch","context":"addon","weight":9999,"target":{"type":"dialog","options":{}},"tooltip":{"value":"Sample tooltip"},"key":"wittified-generated-item-77","name":{"value":"devstatus.cta.createbranch"},"conditions":[{"condition":"user_is_logged_in"}]},{"url":"/display-web-item.html?web-item=system.admin/marketplace_confluence","location":"system.admin/marketplace_confluence","context":"addon","weight":9999,"target":{"type":"dialog","options":{}},"tooltip":{"value":"Sample tooltip"},"key":"wittified-generated-item-78","name":{"value":"system.admin/marketplace_confluence"},"conditions":[{"condition":"user_is_logged_in"}]},{"url":"/display-web-item.html?web-item=operations-work","location":"operations-work","context":"addon","weight":9999,"target":{"type":"dialog","options":{}},"tooltip":{"value":"Sample tooltip"},"key":"wittified-generated-item-79","name":{"value":"operations-work"},"conditions":[{"condition":"user_is_logged_in"}]},{"url":"/display-web-item.html?web-item=operations-delete","location":"operations-delete","context":"addon","weight":9999,"target":{"type":"dialog","options":{}},"tooltip":{"value":"Sample tooltip"},"key":"wittified-generated-item-80","name":{"value":"operations-delete"},"conditions":[{"condition":"user_is_logged_in"}]},{"url":"/display-web-item.html?web-item=find_link/issues_manage_filters","location":"find_link/issues_manage_filters","context":"addon","weight":9999,"target":{"type":"dialog","options":{}},"tooltip":{"value":"Sample tooltip"},"key":"wittified-generated-item-81","name":{"value":"find_link/issues_manage_filters"},"conditions":[{"condition":"user_is_logged_in"}]},{"url":"/display-web-item.html?web-item=system.user.options/system","location":"system.user.options/system","context":"addon","weight":9999,"target":{"type":"dialog","options":{}},"tooltip":{"value":"Sample tooltip"},"key":"wittified-generated-item-82","name":{"value":"system.user.options/system"},"conditions":[{"condition":"user_is_logged_in"}]},{"url":"/display-web-item.html?web-item=users_groups_configuration/embedded_crowd_section","location":"users_groups_configuration/embedded_crowd_section","context":"addon","weight":9999,"target":{"type":"dialog","options":{}},"tooltip":{"value":"Sample tooltip"},"key":"wittified-generated-item-83","name":{"value":"users_groups_configuration/embedded_crowd_section"},"conditions":[{"condition":"user_is_logged_in"}]},{"url":"/display-web-item.html?web-item=atl.jira.proj.config/devstatus-admin-page-group","location":"atl.jira.proj.config/devstatus-admin-page-group","context":"addon","weight":9999,"target":{"type":"dialog","options":{}},"tooltip":{"value":"Sample tooltip"},"key":"wittified-generated-item-84","name":{"value":"atl.jira.proj.config/devstatus-admin-page-group"},"conditions":[{"condition":"user_is_logged_in"}]},{"url":"/display-web-item.html?web-item=atl.jira.proj.config/issuecollectorgroup","location":"atl.jira.proj.config/issuecollectorgroup","context":"addon","weight":9999,"target":{"type":"dialog","options":{}},"tooltip":{"value":"Sample tooltip"},"key":"wittified-generated-item-85","name":{"value":"atl.jira.proj.config/issuecollectorgroup"},"conditions":[{"condition":"user_is_logged_in"}]},{"url":"/display-web-item.html?web-item=system.user.options/set_my_jira_home","location":"system.user.options/set_my_jira_home","context":"addon","weight":9999,"target":{"type":"dialog","options":{}},"tooltip":{"value":"Sample tooltip"},"key":"wittified-generated-item-86","name":{"value":"system.user.options/set_my_jira_home"},"conditions":[{"condition":"user_is_logged_in"}]},{"url":"/display-web-item.html?web-item=element_options_section/fields_section","location":"element_options_section/fields_section","context":"addon","weight":9999,"target":{"type":"dialog","options":{}},"tooltip":{"value":"Sample tooltip"},"key":"wittified-generated-item-87","name":{"value":"element_options_section/fields_section"},"conditions":[{"condition":"user_is_logged_in"}]},{"url":"/display-web-item.html?web-item=header.global.primary","location":"header.global.primary","context":"addon","weight":9999,"target":{"type":"dialog","options":{}},"tooltip":{"value":"Sample tooltip"},"key":"wittified-generated-item-88","name":{"value":"header.global.primary"},"conditions":[{"condition":"user_is_logged_in"}]},{"url":"/display-web-item.html?web-item=system.view.project.operations","location":"system.view.project.operations","context":"addon","weight":9999,"target":{"type":"dialog","options":{}},"tooltip":{"value":"Sample tooltip"},"key":"wittified-generated-item-89","name":{"value":"system.view.project.operations"},"conditions":[{"condition":"user_is_logged_in"}]},{"url":"/display-web-item.html?web-item=admin_link/tasks","location":"admin_link/tasks","context":"addon","weight":9999,"target":{"type":"dialog","options":{}},"tooltip":{"value":"Sample tooltip"},"key":"wittified-generated-item-90","name":{"value":"admin_link/tasks"},"conditions":[{"condition":"user_is_logged_in"}]},{"url":"/display-web-item.html?web-item=system.preset.filters.column.three","location":"system.preset.filters.column.three","context":"addon","weight":9999,"target":{"type":"dialog","options":{}},"tooltip":{"value":"Sample tooltip"},"key":"wittified-generated-item-91","name":{"value":"system.preset.filters.column.three"},"conditions":[{"condition":"user_is_logged_in"}]},{"url":"/display-web-item.html?web-item=admin_issues_menu/misc_schemes_section","location":"admin_issues_menu/misc_schemes_section","context":"addon","weight":9999,"target":{"type":"dialog","options":{}},"tooltip":{"value":"Sample tooltip"},"key":"wittified-generated-item-92","name":{"value":"admin_issues_menu/misc_schemes_section"},"conditions":[{"condition":"user_is_logged_in"}]},{"url":"/display-web-item.html?web-item=top_system_section/import_export_section","location":"top_system_section/import_export_section","context":"addon","weight":9999,"target":{"type":"dialog","options":{}},"tooltip":{"value":"Sample tooltip"},"key":"wittified-generated-item-93","name":{"value":"top_system_section/import_export_section"},"conditions":[{"condition":"user_is_logged_in"}]},{"url":"/display-web-item.html?web-item=element_options_section/issue_types_section","location":"element_options_section/issue_types_section","context":"addon","weight":9999,"target":{"type":"dialog","options":{}},"tooltip":{"value":"Sample tooltip"},"key":"wittified-generated-item-94","name":{"value":"element_options_section/issue_types_section"},"conditions":[{"condition":"user_is_logged_in"}]},{"url":"/display-web-item.html?web-item=browse_link/project_new","location":"browse_link/project_new","context":"addon","weight":9999,"target":{"type":"dialog","options":{}},"tooltip":{"value":"Sample tooltip"},"key":"wittified-generated-item-95","name":{"value":"browse_link/project_new"},"conditions":[{"condition":"user_is_logged_in"}]},{"url":"/display-web-item.html?web-item=system.admin/general","location":"system.admin/general","context":"addon","weight":9999,"target":{"type":"dialog","options":{}},"tooltip":{"value":"Sample tooltip"},"key":"wittified-generated-item-96","name":{"value":"system.admin/general"},"conditions":[{"condition":"user_is_logged_in"}]},{"url":"/display-web-item.html?web-item=element_options_section/workflows_section","location":"element_options_section/workflows_section","context":"addon","weight":9999,"target":{"type":"dialog","options":{}},"tooltip":{"value":"Sample tooltip"},"key":"wittified-generated-item-97","name":{"value":"element_options_section/workflows_section"},"conditions":[{"condition":"user_is_logged_in"}]},{"url":"/display-web-item.html?web-item=atl.jira.proj.config/custom-content-links-admin-page-group","location":"atl.jira.proj.config/custom-content-links-admin-page-group","context":"addon","weight":9999,"target":{"type":"dialog","options":{}},"tooltip":{"value":"Sample tooltip"},"key":"wittified-generated-item-98","name":{"value":"atl.jira.proj.config/custom-content-links-admin-page-group"},"conditions":[{"condition":"user_is_logged_in"}]},{"url":"/display-web-item.html?web-item=browse_link/project_current","location":"browse_link/project_current","context":"addon","weight":9999,"target":{"type":"dialog","options":{}},"tooltip":{"value":"Sample tooltip"},"key":"wittified-generated-item-99","name":{"value":"browse_link/project_current"},"conditions":[{"condition":"user_is_logged_in"}]},{"url":"/display-web-item.html?web-item=operations-fields","location":"operations-fields","context":"addon","weight":9999,"target":{"type":"dialog","options":{}},"tooltip":{"value":"Sample tooltip"},"key":"wittified-generated-item-100","name":{"value":"operations-fields"},"conditions":[{"condition":"user_is_logged_in"}]},{"url":"/display-web-item.html?web-item=admin_plugins_menu/builds_section","location":"admin_plugins_menu/builds_section","context":"addon","weight":9999,"target":{"type":"dialog","options":{}},"tooltip":{"value":"Sample tooltip"},"key":"wittified-generated-item-101","name":{"value":"admin_plugins_menu/builds_section"},"conditions":[{"condition":"user_is_logged_in"}]}],"webPanels":[{"url":"/display.html?web-panel=workflow.transition.tabs","location":"workflow.transition.tabs","layout":{"width":"100%","height":"10px"},"weight":999,"key":"wittified-generated-panel-1","name":{"value":"Web-Panel: workflow.transition.tabs"}},{"url":"/display.html?web-panel=atl.gh.issue.details.tab","location":"atl.gh.issue.details.tab","layout":{"width":"100%","height":"10px"},"weight":999,"key":"wittified-generated-panel-2","name":{"value":"Web-Panel: atl.gh.issue.details.tab"}},{"url":"/display.html?web-panel=tabs.admin.projectconfig.notifications","location":"tabs.admin.projectconfig.notifications","layout":{"width":"100%","height":"10px"},"weight":999,"key":"wittified-generated-panel-3","name":{"value":"Web-Panel: tabs.admin.projectconfig.notifications"}},{"url":"/display.html?web-panel=tabs.admin.projectconfig.issuesecurity","location":"tabs.admin.projectconfig.issuesecurity","layout":{"width":"100%","height":"10px"},"weight":999,"key":"wittified-generated-panel-4","name":{"value":"Web-Panel: tabs.admin.projectconfig.issuesecurity"}},{"url":"/display.html?web-panel=system.admin.decorator.header","location":"system.admin.decorator.header","layout":{"width":"100%","height":"10px"},"weight":999,"key":"wittified-generated-panel-5","name":{"value":"Web-Panel: system.admin.decorator.header"}},{"url":"/display.html?web-panel=webpanels.user.profile.summary.preferences","location":"webpanels.user.profile.summary.preferences","layout":{"width":"100%","height":"10px"},"weight":999,"key":"wittified-generated-panel-6","name":{"value":"Web-Panel: webpanels.user.profile.summary.preferences"}},{"url":"/display.html?web-panel=webpanels.browse.project.summary.activitystream","location":"webpanels.browse.project.summary.activitystream","layout":{"width":"100%","height":"10px"},"weight":999,"key":"wittified-generated-panel-7","name":{"value":"Web-Panel: webpanels.browse.project.summary.activitystream"}},{"url":"/display.html?web-panel=tabs.admin.projectconfig.summary","location":"tabs.admin.projectconfig.summary","layout":{"width":"100%","height":"10px"},"weight":999,"key":"wittified-generated-panel-8","name":{"value":"Web-Panel: tabs.admin.projectconfig.summary"}},{"url":"/display.html?web-panel=tabs.admin.projectconfig.roles","location":"tabs.admin.projectconfig.roles","layout":{"width":"100%","height":"10px"},"weight":999,"key":"wittified-generated-panel-9","name":{"value":"Web-Panel: tabs.admin.projectconfig.roles"}},{"url":"/display.html?web-panel=tabs.admin.projectconfig.workflows","location":"tabs.admin.projectconfig.workflows","layout":{"width":"100%","height":"10px"},"weight":999,"key":"wittified-generated-panel-10","name":{"value":"Web-Panel: tabs.admin.projectconfig.workflows"}},{"url":"/display.html?web-panel=tabs.admin.projectconfig.versions","location":"tabs.admin.projectconfig.versions","layout":{"width":"100%","height":"10px"},"weight":999,"key":"wittified-generated-panel-11","name":{"value":"Web-Panel: tabs.admin.projectconfig.versions"}},{"url":"/display.html?web-panel=com.atlassian.jira.plugin.headernav.right.context","location":"com.atlassian.jira.plugin.headernav.right.context","layout":{"width":"100%","height":"10px"},"weight":999,"key":"wittified-generated-panel-12","name":{"value":"Web-Panel: com.atlassian.jira.plugin.headernav.right.context"}},{"url":"/display.html?web-panel=tabs.admin.projectconfig.screens","location":"tabs.admin.projectconfig.screens","layout":{"width":"100%","height":"10px"},"weight":999,"key":"wittified-generated-panel-13","name":{"value":"Web-Panel: tabs.admin.projectconfig.screens"}},{"url":"/display.html?web-panel=atl.header","location":"atl.header","layout":{"width":"100%","height":"10px"},"weight":999,"key":"wittified-generated-panel-14","name":{"value":"Web-Panel: atl.header"}},{"url":"/display.html?web-panel=com.atlassian.jira.plugin.headernav.left.context","location":"com.atlassian.jira.plugin.headernav.left.context","layout":{"width":"100%","height":"10px"},"weight":999,"key":"wittified-generated-panel-15","name":{"value":"Web-Panel: com.atlassian.jira.plugin.headernav.left.context"}},{"url":"/display.html?web-panel=tabs.admin.projectconfig.components","location":"tabs.admin.projectconfig.components","layout":{"width":"100%","height":"10px"},"weight":999,"key":"wittified-generated-panel-16","name":{"value":"Web-Panel: tabs.admin.projectconfig.components"}},{"url":"/display.html?web-panel=atl.jira.proj.config.sidebar","location":"atl.jira.proj.config.sidebar","layout":{"width":"100%","height":"10px"},"weight":999,"key":"wittified-generated-panel-17","name":{"value":"Web-Panel: atl.jira.proj.config.sidebar"}},{"url":"/display.html?web-panel=webpanels.browse.projects.info-panels","location":"webpanels.browse.projects.info-panels","layout":{"width":"100%","height":"10px"},"weight":999,"key":"wittified-generated-panel-18","name":{"value":"Web-Panel: webpanels.browse.projects.info-panels"}},{"url":"/display.html?web-panel=webpanels.user.profile.summary.assigned","location":"webpanels.user.profile.summary.assigned","layout":{"width":"100%","height":"10px"},"weight":999,"key":"wittified-generated-panel-19","name":{"value":"Web-Panel: webpanels.user.profile.summary.assigned"}},{"url":"/display.html?web-panel=webpanels.admin.summary.right-panels","location":"webpanels.admin.summary.right-panels","layout":{"width":"100%","height":"10px"},"weight":999,"key":"wittified-generated-panel-20","name":{"value":"Web-Panel: webpanels.admin.summary.right-panels"}},{"url":"/display.html?web-panel=tabs.admin.projectconfig.issuetypes","location":"tabs.admin.projectconfig.issuetypes","layout":{"width":"100%","height":"10px"},"weight":999,"key":"wittified-generated-panel-21","name":{"value":"Web-Panel: tabs.admin.projectconfig.issuetypes"}},{"url":"/display.html?web-panel=webpanels.admin.adduser.count","location":"webpanels.admin.adduser.count","layout":{"width":"100%","height":"10px"},"weight":999,"key":"wittified-generated-panel-22","name":{"value":"Web-Panel: webpanels.admin.adduser.count"}},{"url":"/display.html?web-panel=webpanels.admin.adduser","location":"webpanels.admin.adduser","layout":{"width":"100%","height":"10px"},"weight":999,"key":"wittified-generated-panel-23","name":{"value":"Web-Panel: webpanels.admin.adduser"}},{"url":"/display.html?web-panel=com.atlassian.jira.jira-view-issue-plugin:view-subtasks/panels","location":"com.atlassian.jira.jira-view-issue-plugin:view-subtasks/panels","layout":{"width":"100%","height":"10px"},"weight":999,"key":"wittified-generated-panel-24","name":{"value":"Web-Panel: com.atlassian.jira.jira-view-issue-plugin:view-subtasks/panels"}},{"url":"/display.html?web-panel=atl.jira.view.issue.devstatus.panels","location":"atl.jira.view.issue.devstatus.panels","layout":{"width":"100%","height":"10px"},"weight":999,"key":"wittified-generated-panel-25","name":{"value":"Web-Panel: atl.jira.view.issue.devstatus.panels"}},{"url":"/display.html?web-panel=atl.jira.view.issue.right.context","location":"atl.jira.view.issue.right.context","layout":{"width":"100%","height":"10px"},"weight":999,"key":"wittified-generated-panel-26","name":{"value":"Web-Panel: atl.jira.view.issue.right.context"}},{"url":"/display.html?web-panel=atl.jira.proj.config.header","location":"atl.jira.proj.config.header","layout":{"width":"100%","height":"10px"},"weight":999,"key":"wittified-generated-panel-27","name":{"value":"Web-Panel: atl.jira.proj.config.header"}},{"url":"/display.html?web-panel=tabs.admin.projectconfig.fields","location":"tabs.admin.projectconfig.fields","layout":{"width":"100%","height":"10px"},"weight":999,"key":"wittified-generated-panel-28","name":{"value":"Web-Panel: tabs.admin.projectconfig.fields"}},{"url":"/display.html?web-panel=atl.jira.view.issue.left.context","location":"atl.jira.view.issue.left.context","layout":{"width":"100%","height":"10px"},"weight":999,"key":"wittified-generated-panel-29","name":{"value":"Web-Panel: atl.jira.view.issue.left.context"}},{"url":"/display.html?web-panel=webpanels.admin.summary.left-panels","location":"webpanels.admin.summary.left-panels","layout":{"width":"100%","height":"10px"},"weight":999,"key":"wittified-generated-panel-30","name":{"value":"Web-Panel: webpanels.admin.summary.left-panels"}},{"url":"/display.html?web-panel=webpanels.user.profile.summary.details","location":"webpanels.user.profile.summary.details","layout":{"width":"100%","height":"10px"},"weight":999,"key":"wittified-generated-panel-31","name":{"value":"Web-Panel: webpanels.user.profile.summary.details"}},{"url":"/display.html?web-panel=tabs.admin.projectconfig.permissions","location":"tabs.admin.projectconfig.permissions","layout":{"width":"100%","height":"10px"},"weight":999,"key":"wittified-generated-panel-32","name":{"value":"Web-Panel: tabs.admin.projectconfig.permissions"}},{"url":"/display.html?web-panel=workflow.header","location":"workflow.header","layout":{"width":"100%","height":"10px"},"weight":999,"key":"wittified-generated-panel-33","name":{"value":"Web-Panel: workflow.header"}}],"webSections":[{"location":"browse_link","weight":9999,"key":"wittified-generated-section-1","name":{"value":"Web-Section: browse_link"}},{"location":"opsbar-admin","weight":9999,"key":"wittified-generated-section-2","name":{"value":"Web-Section: opsbar-admin"}},{"location":"advanced_menu_section","weight":9999,"key":"wittified-generated-section-3","name":{"value":"Web-Section: advanced_menu_section"}},{"location":"top_plugins_section","weight":9999,"key":"wittified-generated-section-4","name":{"value":"Web-Section: top_plugins_section"}},{"location":"element_options_section","weight":9999,"key":"wittified-generated-section-5","name":{"value":"Web-Section: element_options_section"}},{"location":"system.admin","weight":9999,"key":"wittified-generated-section-6","name":{"value":"Web-Section: system.admin"}},{"location":"view.issue.opsbar","weight":9999,"key":"wittified-generated-section-7","name":{"value":"Web-Section: view.issue.opsbar"}},{"location":"find_link","weight":9999,"key":"wittified-generated-section-8","name":{"value":"Web-Section: find_link"}},{"location":"com.atlassian.jira.jira-view-issue-plugin:create-issue-link","weight":9999,"key":"wittified-generated-section-9","name":{"value":"Web-Section: com.atlassian.jira.jira-view-issue-plugin:create-issue-link"}},{"location":"jira.hints","weight":9999,"key":"wittified-generated-section-10","name":{"value":"Web-Section: jira.hints"}},{"location":"admin_system_menu","weight":9999,"key":"wittified-generated-section-11","name":{"value":"Web-Section: admin_system_menu"}},{"location":"home_link","weight":9999,"key":"wittified-generated-section-12","name":{"value":"Web-Section: home_link"}},{"location":"system.user.hover.links","weight":9999,"key":"wittified-generated-section-13","name":{"value":"Web-Section: system.user.hover.links"}},{"location":"system.browse.projects","weight":9999,"key":"wittified-generated-section-14","name":{"value":"Web-Section: system.browse.projects"}},{"location":"users_groups_configuration","weight":9999,"key":"wittified-generated-section-15","name":{"value":"Web-Section: users_groups_configuration"}},{"location":"system.admin.top.navigation.bar","weight":9999,"key":"wittified-generated-section-16","name":{"value":"Web-Section: system.admin.top.navigation.bar"}},{"location":"atl.jira.proj.config","weight":9999,"key":"wittified-generated-section-17","name":{"value":"Web-Section: atl.jira.proj.config"}},{"location":"system.user.create.options","weight":9999,"key":"wittified-generated-section-18","name":{"value":"Web-Section: system.user.create.options"}},{"location":"atj.jira.proj.nav.switcher","weight":9999,"key":"wittified-generated-section-19","name":{"value":"Web-Section: atj.jira.proj.nav.switcher"}},{"location":"opsbar-transitions","weight":9999,"key":"wittified-generated-section-20","name":{"value":"Web-Section: opsbar-transitions"}},{"location":"com.atlassian.jira.jira-view-issue-plugin:attachmentmodule/drop","weight":9999,"key":"wittified-generated-section-21","name":{"value":"Web-Section: com.atlassian.jira.jira-view-issue-plugin:attachmentmodule/drop"}},{"location":"system.admin.top","weight":9999,"key":"wittified-generated-section-22","name":{"value":"Web-Section: system.admin.top"}},{"location":"top_system_section","weight":9999,"key":"wittified-generated-section-23","name":{"value":"Web-Section: top_system_section"}},{"location":"legacy.will.be.removed.in.future.release","weight":9999,"key":"wittified-generated-section-24","name":{"value":"Web-Section: legacy.will.be.removed.in.future.release"}},{"location":"admin_issues_menu","weight":9999,"key":"wittified-generated-section-25","name":{"value":"Web-Section: admin_issues_menu"}},{"location":"opsbar-operations","weight":9999,"key":"wittified-generated-section-26","name":{"value":"Web-Section: opsbar-operations"}},{"location":"com.atlassian.jira.jira-view-issue-plugin:view-subtasks/drop","weight":9999,"key":"wittified-generated-section-27","name":{"value":"Web-Section: com.atlassian.jira.jira-view-issue-plugin:view-subtasks/drop"}},{"location":"system.user.options","weight":9999,"key":"wittified-generated-section-28","name":{"value":"Web-Section: system.user.options"}},{"location":"system.admin.userbrowser","weight":9999,"key":"wittified-generated-section-29","name":{"value":"Web-Section: system.admin.userbrowser"}},{"location":"admin_project_menu","weight":9999,"key":"wittified-generated-section-30","name":{"value":"Web-Section: admin_project_menu"}},{"location":"admin_plugins_menu","weight":9999,"key":"wittified-generated-section-31","name":{"value":"Web-Section: admin_plugins_menu"}},{"location":"system.browse.project","weight":9999,"key":"wittified-generated-section-32","name":{"value":"Web-Section: system.browse.project"}},{"location":"admin_users_menu","weight":9999,"key":"wittified-generated-section-33","name":{"value":"Web-Section: admin_users_menu"}},{"location":"admin_project_current","weight":9999,"key":"wittified-generated-section-34","name":{"value":"Web-Section: admin_project_current"}}]},"version":"1.5.1"}