{"name":"Svn Add-on","description":"Simple Atlassian Connect add-on for Subversion","key":"com.matrixreq.svnplugin","baseUrl":"https://svnplugin.matrixreq.com","vendor":{"name":"Matrix Requirements","url":"http://www.matrixreq.com"},"authentication":{"type":"jwt"},"lifecycle":{"installed":"/plugin/lifecycleInstalled","uninstalled":"/plugin/lifecycleUninstalled"},"modules":{"configurePage":{"url":"/plugin/adminPages","key":"configure","name":{"value":"Svn Plugin Setup"}},"jiraIssueTabPanels":[{"url":"/plugin/issueTab?issueKey={issue.key}","weight":100,"key":"svnplugin-tab","name":{"value":"Svn"}}]},"scopes":["read"],"version":"1.1.3"}