<?xml version="1.0" ?>
<atlassian-plugin key="com.ajakubowski.myaddon_helloworld" name="Hello World" plugins-version="2">
 
    <plugin-info>
        <description>Atlassian Connect add-on</description>
        <version>1</version>
        <vendor name="My Organization, Inc" url="https://developer.atlassian.com" />
    </plugin-info>
 
    <remote-plugin-container key="container" display-url="http://morning-beach-9221.herokuapp.com/">
    </remote-plugin-container>

    <general-page key="general" name="AC Builder" url="/">
    </general-page>

    <webhook key="wh-issue_created" event="jira:issue_created" url="/webhook" />
    <webhook key="wh-worklof" event="jira:worklog_updated" url="/webhook">
        <param key="jql">project = DEMO</param>
    </webhook>

</atlassian-plugin>
