{"key":"com.bit.agile.bit-storymap","name":"Agile User Story Map","description":"Agile User Story Map for JIRA","enableLicensing":true,"vendor":{"name":"Bauer Information Technology","url":"https://bauer-information-technology.com"},"baseUrl":"https://bit-atlassian.herokuapp.com","links":{"self":"https://bit-atlassian.herokuapp.com/bit-storymap/atlassian-connect.json","homepage":"https://bit-atlassian.herokuapp.com/bit-storymap/atlassian-connect.json"},"scopes":["READ","WRITE"],"authentication":{"type":"jwt"},"lifecycle":{"installed":"/installed","uninstalled":"/bit-base/service/lifecycle","enabled":"/bit-base/service/lifecycle","disabled":"/bit-base/service/lifecycle"},"modules":{"generalPages":[{"key":"agile-story-map-main","location":"greenhopper_menu/greenhopper_menu_dropdown","name":{"value":"Story Map"},"url":"/bit-storymap/index/","conditions":[{"condition":"user_is_logged_in"}]}],"webhooks":[{"event":"jira:issue_created","url":"/bit-base/service/webhook/"},{"event":"remote_issue_link_aggregate_cleared_event","url":"/bit-base/service/webhook/"},{"event":"jira:worklog_updated","url":"/bit-base/service/webhook/"},{"event":"remote_workflow_post_function","url":"/bit-base/service/webhook/"},{"event":"jira-webhook-post-function","url":"/bit-base/service/webhook/"},{"event":"jira:issue_deleted","url":"/bit-base/service/webhook/"},{"event":"jira:issue_updated","url":"/bit-base/service/webhook/"}]},"version":"1.0.1"}