<?xml version="1.0" ?>
<atlassian-plugin key="com.heptagonsolutions.jira.demo-uno" name="Demo Uno" plugins-version="2">
 
    <plugin-info>
        <description>Demo Uno Plugin</description>
        <version>0.1.0</version>
        <vendor name="Heptagon Solutions, LLC" url="https://heptagonsolutions.com" />
        <param name="atlassian-licensing-enabled">true</param>
    </plugin-info>
 
    <remote-plugin-container key="container" display-url="https://c9.io">
    </remote-plugin-container>
   <general-page key="general" name="AC Builder" url="/gopherr/demo-project/workspace/html/index.html">
    </general-page>
</atlassian-plugin>