{"name":"SVN plugin - staging","description":"Simple Atlassian Connect add-on for Subversion","key":"com.matrixreq.svnplugin-st","baseUrl":"https://svnplugin-st.matrixreq.com","vendor":{"name":"Matrix Requirements","url":"http://www.matrixreq.com"},"authentication":{"type":"jwt"},"lifecycle":{"installed":"/plugin/lifecycleInstalled","uninstalled":"/plugin/lifecycleUninstalled"},"modules":{"configurePage":{"url":"/plugin/adminPages","key":"configure","name":{"value":"Svn Plugin Setup (Staging)"}},"jiraIssueTabPanels":[{"url":"/plugin/issueTab?issueKey={issue.key}","weight":100,"key":"svnplugin-tab","name":{"value":"Svn (Staging)"}}]},"scopes":["read"],"version":"1.1.0"}