{"key":"com.inkfilepicker.plugin.confluence.filepicker","name":"Ink File Picker for Confluence","enableLicensing":true,"description":"Import files from: Dropbox, Box, Google Drive, Evernote, Skydrive, Github, Gmail, Alfresco, Link, FTP, WebDav and 7 sources for images (Picasa, Webcam, Video, Facebook, Instagram, Flickr, Image Search)","vendor":{"name":"Ink","url":"http://www.inkfilepicker.com/"},"baseUrl":"https://desolate-beach-6557.herokuapp.com/","authentication":{"type":"jwt"},"lifecycle":{"installed":"/filepicker/install"},"modules":{"generalPages":[{"url":"/filepicker/attachments-macro/stand-alone?page_id=${page.id}&ctx_page_id=${page.id}","location":"system.content.action","icon":{"width":16,"height":16,"url":"/assets/images/Logo16x16.png"},"key":"general","name":{"value":"Cloud Attachments"}}],"adminPages":[{"url":"/filepicker/settings","key":"file-picker-admin-page","name":{"value":"Ink File Picker Settings"}}],"dynamicContentMacros":[{"url":"/filepicker/render-macro?page_id=${page.id}&url={url}&xlink={xlink}","description":{"value":"Embed cloud file and insert it to the page"},"featured":true,"key":"embed-cloud-file","name":{"value":"Embed cloud file"},"icon":{"width":16,"height":16,"url":"/assets/images/Logo16x16.png"},"categories":["media"],"outputType":"inline","bodyType":"none","aliases":["ink"],"parameters":[{"identifier":"url","name":{"value":"url"},"description":{"value":"File Picker Url"},"type":"string","required":true},{"identifier":"xlink","name":{"value":"xlink"},"description":{"value":"File Picker xlink"},"type":"string","required":true}],"editor":{"width":"1000px","height":"650px","url":"/filepicker/mymacro","editTitle":{"value":"Cloud File"},"insertTitle":{"value":"Cloud File"}},"key":"embed-cloud-file-macro","name":{"value":"Embed Cloud File"}},{"url":"/filepicker/attachments-macro?page_id=${page.id}","description":{"value":"Display all embeded cloud files attached to the page"},"icon":{"width":16,"height":16,"url":"/assets/images/Logo16x16.png"},"categories":["media"],"outputType":"block","bodyType":"none","aliases":["Cloud"],"featured":false,"parameters":[{"identifier":"view","name":{"value":"Map View"},"description":{"value":"Allows switching between view types"},"type":"enum","required":true,"multiple":false,"defaultValue":"Map","values":["Map","Satellite"]}],"editor":{"width":"1100px","height":"650px","url":"/filepicker/attachments-macro?page_id=${page.id}&url={url}","editTitle":{"value":"Cloud File List"},"insertTitle":{"value":"Cloud File List"}},"key":"static-macro-example","name":{"value":"Cloud File List"}}]},"scopes":["READ"],"version":"1.2.1"}