<?xml version="1.0" ?>
<atlassian-plugin key="com.atlassian.jira.jira-auto-analytics-connect" name="JIRA Auto Analytics" plugins-version="2">
 
    <plugin-info>
        <description>Atlassian Connect add-on which automatically detects analytics event that have been committed, and displays them on the issue page.</description>
        <version>1</version>
        <vendor name="Atlassian" url="http://www.atlassian.com" />
    </plugin-info>
 
    <remote-plugin-container key="container" display-url="https://houston.internal.atlassian.com/nanny">
    </remote-plugin-container>

    <issue-panel-page key="issuepanel" name="Analytics" url="/issuepanel?issue_id=${issue.id}&amp;project_id=${project.id}" application="jira">
        <conditions>
            <condition name="has_issue_permission">
                <param name="permission">edit</param>
                <param name="permission">assignable</param>
            </condition>
        </conditions>
    </issue-panel-page>
</atlassian-plugin>
