{"vendor":{"name":"Comalatech","url":"http://www.comalatech.com"},"name":"Comalatech Canvas for Confluence","description":"Use Canvas boards to visualize your ideas and organize your pages","key":"com.comalatech.canvas.local.rodogu","apiVersion":2,"enableLicensing":true,"baseUrl":"https://rodogu.ngrok.com","authentication":{"type":"jwt"},"lifecycle":{"installed":"/installed"},"scopes":["read","write","delete"],"modules":{"dynamicContentMacros":[{"key":"canvas","name":{"value":"Canvas"},"url":"/canvas/board?body={macro.body}&space_key={space.key}&ctx_page_id={page.id}&board={board}","description":{"value":"Canvas Board"},"width":"100%","height":"200px","icon":{"width":80,"height":80,"url":"/styles/images/canvasmacro.png"},"categories":["visuals","confluence-content","reporting"],"outputType":"block","bodyType":"plain-text","featured":true,"parameters":[{"identifier":"board","name":{"value":"Canvas markup"},"description":{"value":"Canvas markup"},"type":"string","required":true}],"editor":{"url":"/canvas/designer?body={macro.body}&space_key={space.key}&page_id={page.id}","editTitle":{"value":"Edit Canvas"},"insertTitle":{"value":"Insert Canvas"},"width":"840px","height":"373px"}}],"webItems":[{"key":"canvas-wizard","name":{"value":"Canvas"},"url":"/canvas/wizard?space_key={space.key}","location":"system.header/left","context":"addon","target":{"type":"dialog","options":{"width":"840px","height":"373px"}},"conditions":[{"condition":"user_is_logged_in"}],"styleClasses":["webitem","system-present-webitem"],"tooltip":{"value":"Canvas Wizard"}}]},"version":"2.0.29"}