{"name":"??ervice??ate","description":"Atlassian Connect add-on for ??ervice??ate","key":"com.matrixreq.service","baseUrl":"https://service.matrixreq.com","vendor":{"name":"Matrix Requirements","url":"http://www.matrixreq.com"},"authentication":{"type":"jwt"},"lifecycle":{"installed":"/plugin/lifecycleInstalled","uninstalled":"/plugin/lifecycleUninstalled"},"modules":{"webPanels":[{"url":"/plugin/webPanel?issueKey={issue.key}&issueId={issue.id}&projectId={project.id}","weight":0,"key":"webPanel","name":{"value":"??ervice??ate"},"location":"atl.jira.view.issue.right.context"}],"generalPages":[{"url":"/plugin/generalPages","key":"genPages","name":{"value":"??ervice??ate"}},{"key":"lookup-matrix","url":"/plugin/lookupMatrix?issueKey={issue.key}&issueId={issue.id}&projectId={project.id}","location":"none","name":{"value":"Lookup"}}],"configurePage":{"url":"/plugin/adminPages","key":"configPage","name":{"value":"??ervice??ate configuration"}}},"scopes":["read","write","delete","project_admin","admin"],"version":"1.0.2"}