<?xml version="1.0" encoding="UTF-8"?>
<atlassian-plugin key="com.quandora.atlassian" name="Quandora for Atlassian Jira" plugins-version="2">
    <plugin-info>
        <description>
            This is a plugin to integrate quandora's Question and answer in Atlassian Jira
        </description>
        <version>1.0</version>
        <vendor name="Quandora Corp" url="http://www.quandora.com"/>
        <permissions>
            <permission>create_oauth_link</permission>
            <permission>browse_projects</permission>
        </permissions>

        <param name="configure.url">/plugins/servlet/atlassian-connect/com.quandora.atlassian/configure</param>
    </plugin-info>
    <remote-plugin-container key="container" display-url="https://app.quandora.com/atlassian">
        <oauth>
            <public-key>
                -----BEGIN PUBLIC KEY-----
            MIGfMA0GCSqGSIb3DQEBAQUAA4GNADCBiQKBgQDL2UfkrSO6hkzhTbkRv7lVQKEn
            32SvEBPaizv2FDpgqImBsg0KOAFT7J09kXZn2JLP2+RXZ6a2M1rvKnc5uJ3GD0e4
            oqyWYWLW/DGuKZS7ZhUFs75J6mVr1oPTArwb+fZVG2k4ktB5O2PF2Uod+tmlN1LJ
            vuppNokm4GFtlewGeQIDAQAB
                -----END PUBLIC KEY-----
            </public-key>
        </oauth>
    </remote-plugin-container>

    <!-- plugin modules -->

    <issue-panel-page key="jira-issue-page" name="Quandora Q&amp;A" application="jira" url="/jira?issue_id=${issue.id}&amp;project_id=${project.id}&amp;issue_key=${issue.key}&amp;project_key=${project.key}">
       <description>
           This module is the view of quandora related questions in the issue panel
       </description>
    </issue-panel-page>
<!--
    <macro-page key="confluence-page" name="Related Q&amp;amp;A from Quandora" application="confluence" url="/confluence"></macro-page>
-->
    <configure-page key="configure" name="Configure Quandora" url="/configure"/>

    <webhook key="installed" event="remote_plugin_enabled" url="/installed"/>
</atlassian-plugin>