<!--
  # `atlassian-plugin.xml`

  This file is a manifest of all the components used to describe your add-on's features.
  For information about what Atlassian Connect components are available for use in this file
  visit the [Interactive Descriptor Guide](https://developer.atlassian.com/static/connect).
 -->
<atlassian-plugin key="com.atlassian.labs.planning-poker" name="Planning Poker for JIRA Agile" plugins-version="2"
  xmlns="https://ecosystem.atlassian.net/rest/atlassian-connect/1/installer/schema/atlassian-plugin">

  <plugin-info>
    <description>An extension to JIRA Agile which allows for planning poker within JIRA.</description>
    <version>1.1</version>
    <vendor name="Atlassian Labs" url="https://marketplace.atlassian.com/vendors/33202"/>

    <permissions>
      <permission>create_oauth_link</permission>
      <permission>browse_projects</permission>
      <permission>edit_issues</permission>
      <permission>read_metadata</permission>
      <permission>read_users_and_groups</permission>
      <permission>read_user_session_data</permission>
    </permissions>

        <param name="documentation.url">http://example.com</param>
    
  </plugin-info>

  <configure-page key="config-add-on" name="Configure Poker Planning Add-on" url="/configure" />

  <remote-plugin-container key="container" display-url="https://ac-poker.herokuapp.com">
    <!--
      ## OAuth Authentication

      To protect your add-on from unauthorized use, we use two-legged OAuth 1.0. Your public-key is already
      set in ./public-key.pem... no need to add it here. At run-time, the publicKey token below will
      be populated with your real public-key.pem.
     -->
    <oauth>
      <public-key>
-----BEGIN PUBLIC KEY-----
MIIBIjANBgkqhkiG9w0BAQEFAAOCAQ8AMIIBCgKCAQEAylKrRd2NoF8fWvNO4cW8
BffmgsXGabSklkeMqb8RD4c1uxtXywBKYg0Dz0lbPjZGNIrmacl2KKa7Dw520/+d
KT9hHeQFLxTvCpE1VOfEokVzMoXYZN8wo3slTEb9P2Bv6JczJ55uVHX37P5iEg6D
v0OuLHE3CmSjC4/i6nt1BFRJPkqKYBSzhsKJhTLBgaXvnniuvR0zyIHuJp2dVtCs
p4s6kOlcKGHLTixYdd8lm5HhixNjk5hfW1QWFt4aNXTdcV4oS2bKk9byFzKplqND
vjGGZiEqLzzu6vY/rel7zU8lg79uKkmmGvXf/1sfh+nH+UHs8GQJGW8O9q94+LOY
zwIDAQAB
-----END PUBLIC KEY-----      </public-key>
    </oauth>
  </remote-plugin-container>

  <!--
    ## Webhooks

    At the moment, Atlassian Connect supports two types of components of which webhooks is one of them.
    The "remote_plugin_enabled" webhook is a special webhook that `atlassian-connect-express` will automatically
    handle for you. When your add-on is enabled inside a JIRA or Confluence host, that host will
    send a POST to your add-on with information about that host (i.e., host clientKey, host public key, etc.).

    If you define your own hooks, you'll need to create POST routes to handle them. For more information on
    the webhooks available, check out the [Interactive Descriptor Guide](https://developer.atlassian.com/static/connect).

    * [JIRA](https://developer.atlassian.com/static/connect#jira/webhook)
    * [Confluence](https://developer.atlassian.com/static/connect#confluence/webhook)
   -->
  <webhook key="enabled" event="remote_plugin_enabled" url="/enabled"/>

  <!--
    ## Pages

    The other type of components Atlassian Connect supports are pages. Pages are UI extension points inside
    of JIRA or Confluence. Currently they're implemented as [seamless iframes](https://developer.atlassian.com/static/connect/#confluence/webhook).
    Some of these page components can be viewed as full pages wrapped with JIRA or Confluence's layout. And others
    might be implemented as smaller web fragments on the page, such as tabs or sidebar panels.

    All of the page components available can be found on the
    [Interactive Descriptor Guide](https://developer.atlassian.com/static/connect) starting with `*-page`.

    * [JIRA](https://developer.atlassian.com/static/connect#jira)
    * [Confluence](https://developer.atlassian.com/static/connect#confluence)
   -->
  
  <!-- <remote-web-item key="planning-poker" name="Planning Poker" section="greenhopper_menu/greenhopper_menu_dropdown" weight="165">
    <link>/poker/session/MySessionId</link>
  </remote-web-item> -->

  <project-tab-page key="planning-poker" name="Planning Poker" url="/poker/project?project_key=${project.key}" application="jira">
    <conditions>
      <condition name="has_project_permission">
        <param name="permission">edit</param>
      </condition>
    </conditions>
  </project-tab-page> 

</atlassian-plugin>
