{"key":"com.atlassian.addon.connect.jiraautowatch","name":"JIRA Autowatch","description":"JIRA Autwatch add-on. Automate adding projects watchers.","vendor":{"name":"Atlassian","url":"http://www.atlassian.com"},"baseUrl":"https://autowatch.herokuapp.com","authentication":{"type":"jwt"},"enableLicensing":false,"lifecycle":{"installed":"/installed"},"modules":{"jiraProjectAdminTabPanels":[{"location":"projectgroup4","url":"/autowatch/addrule?project_key={project.key}","weight":70,"height":400,"key":"autowatch-config-tab","name":{"value":"Autowatch Rules"}}],"webhooks":[{"key":"issue-created-event","event":"jira:issue_created","url":"/event/issue-created/"}]},"scopes":["READ","WRITE"],"version":"1.2.1"}