{"name":"Matrix Requirements Clouds add-on for Jira","description":"Atlassian Connect add-on for Matrix Requirements Clouds","key":"com.matrixreq.matrix","baseUrl":"https://matrixjira.matrixreq.com","vendor":{"name":"Matrix Requirements","url":"http://www.matrixreq.com"},"authentication":{"type":"jwt"},"lifecycle":{"installed":"/plugin/lifecycleInstalled","uninstalled":"/plugin/lifecycleUninstalled"},"modules":{"webPanels":[{"url":"/plugin/webPanel?issueKey={issue.key}&issueId={issue.id}&projectId={project.id}","weight":0,"key":"webPanel","name":{"value":"MatrixRequirements Clouds"},"location":"atl.jira.view.issue.right.context"}],"configurePage":{"url":"/plugin/adminPages","key":"configPage","name":{"value":"MatrixRequirements Clouds configuration"}}},"scopes":["read","write"],"version":"1.3.13"}