{"key":"com.playsql.sqlsaas","name":"SQL Connector","description":"SQL Macro for Confluence OnDemand","vendor":{"name":"Play SQL","url":"http://www.play-sql.com"},"links":{"self":"https://com-playsql-sqlsaas.herokuapp.com"},"lifecycle":{"installed":"/lifecycle/installed","uninstalled":"/lifecycle/uninstalled","enabled":"/lifecycle/enabled","disabled":"/lifecycle/disabled"},"baseUrl":"https://com-playsql-sqlsaas.herokuapp.com","authentication":{"type":"jwt"},"enableLicensing":true,"modules":{"configurePage":{"key":"configure","url":"/customer/configuration/od","name":{"value":"SQL Connector Configuration"}},"dynamicContentMacros":[{"key":"playsql-query","name":{"value":"Play SQL Macro"},"url":"/results?contextkey={contextkey}&queryid={queryid}&query={query}","description":{"value":"Display a SQL macro inside of Confluence"},"height":"50px","documentation":{"url":"http://www.play-sql.com"},"categories":["reporting"],"outputType":"block","bodyType":"none","featured":true,"editor":{"url":"/macro/editor"},"parameters":[{"name":{"value":"query"},"identifier":"query","type":"string","required":false},{"name":{"value":"contextKey"},"identifier":"contextkey","type":"string","required":true},{"name":{"value":"queryid"},"identifier":"queryid","type":"string","required":true}]}],"webItems":[{"key":"configure-screen","url":"/plugins/servlet/ac/com.playsql.sqlsaas/configure","location":"system.admin/marketplace_confluence","context":"product","weight":80,"target":{"type":"page"},"tooltip":{"value":"Configuration for the Play SQL Connector"},"name":{"value":"SQL Connector"}}]},"scopes":["read"],"version":"1.0.6"}