{"key":"com.wittified.status-tracker","name":"Product Portfolio","description":"My very first add-on","vendor":{"name":"Wittifed, LLC","url":"http://wittified.com"},"baseUrl":"https://statustracker-wittifiedapps.rhcloud.com/","links":{"self":"https://statustracker-wittifiedapps.rhcloud.com/atlassian-connect.json","homepage":"https://statustracker-wittifiedapps.rhcloud.com/atlassian-connect.json"},"authentication":{"type":"jwt"},"lifecycle":{"installed":"/installed"},"modules":{"generalPages":[{"location":"system.top.navigation.bar","name":{"value":"Portfolio Tracker"},"key":"overview","url":"/overview","conditions":[{"condition":"user_is_admin"}]},{"location":"wittified.details.page","name":{"value":"Details"},"url":"/details-landing","key":"details","conditions":[{"condition":"user_is_admin"}]}]},"scope":["READ"],"version":"1.0.3"}