<?xml version="1.0" ?>
<atlassian-plugin key="com.uservoice.plugins.jira-addon" name="UserVoice for JIRA" plugins-version="2">
  <plugin-info>
    <description>
      This add-on lets handle your customer communication with UserVoice and sync specific tickets and ideas with JIRA.
    </description>
    <version>1.0</version>
    <vendor name="UserVoice" url="https://uservoice.com/" />
    <permissions>
      <permission>create_oauth_link</permission>
      <permission>create_issues</permission>
      <permission>browse_projects</permission>
      <permission>read_users_and_groups</permission>
    </permissions>
    <param name="documentation.url">http://feedback.uservoice.com/</param>
    <param name="configure.url">/plugins/servlet/atlassian-connect/com.uservoice.plugins.jira-addon/getting_started</param>
  </plugin-info>

  <remote-plugin-container key="container" display-url="https://app.uservoice.com/">
    <oauth>
      <public-key>
      -----BEGIN PUBLIC KEY-----
      MIIBIjANBgkqhkiG9w0BAQEFAAOCAQ8AMIIBCgKCAQEA2yLLgLzp4E3qsS3iEJF6
      h/mMlC1N48YwmGDTzu5NyqdKGiDzUO5RI7NsnGtH+e4eRqRd5Mvxxa/tTqbIChLb
      uhdYbLLPcW3c70+NF4HQ34NBhonYmDhjWES8VkOjEbrR0fjX4G6TrcjnYazKdqjs
      3BwL/BAwpOsIXeMSd5lgLFiArz5dYI2f/IwaPl1SAqM0VW57excv2DA2n8rMqBga
      88D88DW/H7T09L6iG6N7IDaMwuduMTA/pf6OClYNlt7XsM5saohIdQJ/y5iwkvxk
      8vy8l3uQnvjESJnRMDEvQ86IbThpoJelJzKWN/X1eeJKhJH3a7x6CV+EljCsOrNm
      JQIDAQAB
      -----END PUBLIC KEY-----
      </public-key>
    </oauth>
  </remote-plugin-container>

  <configure-page key="getting_started" name="UserVoice Configuration" url="/jira/getting_started" />

  <webhook key="enabled" event="remote_plugin_enabled" url="/jira/enabled"/>
  <webhook key="issue_updated" application="jira" event="jira:issue_updated" url="/api/external/jira/issues/updates.json"/>
</atlassian-plugin>
