<?xml version="1.0" ?>
<atlassian-plugin key="com.spartez.webapps.tfs4jira-ondemand" name="TFS4JIRA OnDemand" plugins-version="2">

    <plugin-info>
        <description>Shows TFS source code check-ins in JIRA and performs TFS work items and JIRA issues synchronization</description>
        <version>1.0-SNAPSHOT</version>
        <vendor name="Spartez" url="http://spartez.com" />
        <permissions>
            <permission>create_oauth_link</permission>
        </permissions>
        <param name="atlassian-licensing-enabled">true</param>
    </plugin-info>

    <remote-plugin-container key="container" display-url="http://localhost:8088/tfs4jira/">
        <oauth>
            <public-key>
-----BEGIN PUBLIC KEY-----
MIGfMA0GCSqGSIb3DQEBAQUAA4GNADCBiQKBgQCJApGGPjiXXJffuDdvsloXk2zTE/FFO4Kf2XWv
htpb1/RkwoonllqaQHTMPMnPWZ7OaxVApG6O+6gxQmiob56vkI+ayKf7KlQ6PeeN1xpUmHF/15ff
enb3u1jninnoVlzquDDeqSSpLwJlSYLK4aCy3RTSBnVhmTrb8d3+fOGIcwIDAQAB
-----END PUBLIC KEY-----
            </public-key>
        </oauth>
    </remote-plugin-container>
    <admin-page key="admin" name="TFS4JIRA Administration" url="/remoteapp/admin" />
    <webhook key="event_installed" event="remote_plugin_installed" url="/remoteapp/remote_plugin_installed" />
    <webhook key="event_enabled" event="remote_plugin_enabled" url="/remoteapp/remote_plugin_enabled" />
    <webhook key="event_disabled" event="remote_plugin_disabled" url="/remoteapp/remote_plugin_disabled" />
    <issue-tab-page key="issue" name="TFS Check-ins" url="/remoteapp/issue">
        <conditions>
            <condition name="has_issue_permission">
                <param name="permission">viewversioncontrol</param>
            </condition>
        </conditions>
    </issue-tab-page>
    <project-tab-page key="project" name="TFS Check-ins" url="/remoteapp/project">
        <conditions>
            <condition name="has_issue_permission">
                <param name="permission">viewversioncontrol</param>
            </condition>
        </conditions>
    </project-tab-page>
</atlassian-plugin>