{"key":"com.protoshare.jira.plugins.protoshare-jira","name":"ProtoShare for JIRA","description":"ProtoShare add-on for JIRA OnDemand","vendor":{"name":"ProtoShare","url":"https://www.protoshare.com"},"apiVersion":1,"baseUrl":"https://ps-jira-ac.herokuapp.com","links":{"self":"https://ps-jira-ac.herokuapp.com/atlassian-connect.json","homepage":"https://ps-jira-ac.herokuapp.com/atlassian-connect.json","documentation":"http://plugindoc.protoshare.com"},"authentication":{"type":"jwt"},"scopes":["READ","WRITE","DELETE"],"lifecycle":{"installed":"/installed"},"enableLicensing":true,"modules":{"webPanels":[{"location":"atl.jira.view.issue.left.context","key":"protoshare-designs-viewer","url":"/viewer?issue_key=${issue.key}&project_key=${project.key}","layout":{"height":"100%"},"weight":400,"name":{"value":"ProtoShare Designs"},"conditions":[{"condition":"/accessCondition?project_key=${project.key}"}]}],"generalPages":[{"key":"protoshare-editor","name":{"value":"ProtoShare Editor"},"location":"none","url":"/editor?issue_key=${issue.key}&project_key=${project.key}"},{"url":"/deleteConfDialog?issue_key=${issue.key}&project_key=${project.key}","key":"protoshare-delete-dlg","name":{"value":"ProtoShare Delete Confirmation"},"location":"none"}],"adminPages":[{"name":{"value":"ProtoShare Settings"},"url":"/configureProject?project_key=${project.key}","conditions":[{"condition":"user_is_admin"}],"location":"atl.jira.proj.config/projectgroup4","key":"configure-ps-jira"}]},"version":"1.2.0"}