{"key":"com.playsql.createyourown","name":"CYO Create-Your-Own","description":"CYO Create-Your-Own for Confluence OnDemand","vendor":{"name":"Adrien Ragot","url":"http://www.play-sql.com"},"links":{"self":"https://create-your-own.play-sql.com"},"lifecycle":{"installed":"/lifecycle/installed","uninstalled":"/lifecycle/uninstalled","enabled":"/lifecycle/enabled","disabled":"/lifecycle/disabled"},"baseUrl":"https://create-your-own.play-sql.com","authentication":{"type":"jwt"},"enableLicensing":false,"modules":{"configurePage":{"key":"configure","url":"/customer/configuration/od","name":{"value":"Create-Your-Own Configuration"}},"dynamicContentMacros":[{"key":"cyo","name":{"value":"CYO Create-Your-Own Custom Macro"},"url":"/render?moduleid={moduleid}&module={module}","description":{"value":"Design your custom widget inside of Confluence"},"height":"50px","documentation":{"url":"http://www.play-sql.com"},"categories":["reporting"],"outputType":"block","bodyType":"none","featured":true,"editor":{"url":"/macro/editor"},"parameters":[{"name":{"value":"module"},"identifier":"module","type":"string","required":false},{"name":{"value":"moduleid"},"identifier":"moduleid","type":"string","required":true}]}],"webItems":[{"key":"configure-screen","url":"/plugins/servlet/ac/com.playsql.createyourown/configure","location":"system.admin/marketplace_confluence","context":"product","weight":90,"target":{"type":"page"},"tooltip":{"value":"Configuration for CYO Create-Your-Own"},"name":{"value":"CYO Create-Your-Own"}}]},"scopes":["read"],"version":"1.2.0"}