{
    "name": "People Directory",
    "description": "Atlassian Connect add-on",
    "key": "com.moskrc.people-directory-addon",
    "baseUrl": "https://blooming-beach-1348.herokuapp.com",
    "vendor": {
        "name": "Vitaliy",
        "url": "https://developer.atlassian.com"
    },
    "version": "1.4",
    "authentication": {
        "type": "jwt"
    },
    "lifecycle": {
        "installed": "/addon/hooks/installed/",
        "disabled": "/addon/hooks/disabled/",
        "enabled": "/addon/hooks/enabled/",
        "uninstalled": "/addon/hooks/uninstalled/"
    },
    "enableLicensing": false,
    "modules": {
        "generalPages": [
            {
                "url": "/addon/login/",
                "name": {
                    "value": "People Directory"
                },
                "conditions": [
                    {
                        "condition": "user_is_admin"
                    }
                ]
            }
        ]
    },
    "scopes": [
        "READ",
        "WRITE"
    ]
}
