﻿<?xml version="1.0" ?>
<atlassian-plugin key="com.mamigoinc.buildman" name="Build Manager" plugins-version="2">
  <plugin-info>
    <description>Manage your builds</description>
    <version>1</version>
    <vendor name="Mamigo, Inc" url="http://www.mamigoinc.com" />
  </plugin-info>
  <remote-plugin-container key="container" display-url="http://www.mamigoinc.com/buildman">
  </remote-plugin-container>
  <general-page key="general" name="Greeting" url="/buildman.html">
  </general-page>
</atlassian-plugin>
