{"key":"com.nurago.confluence.plugins.treecopy","name":"Copy Page Tree","description":"Copies a Confluence page tree","baseUrl":"https://copy-page-hierarchy.herokuapp.com","enableLicensing":true,"vendor":{"name":"Artemis Software","url":"http://artemissoftware.net"},"links":{"self":"https://copy-page-hierarchy.herokuapp.com/atlassian-connect.json","homepage":"https://copy-page-hierarchy.herokuapp.com"},"authentication":{"type":"jwt"},"lifecycle":{"installed":"/installed"},"modules":{"generalPages":[{"key":"copy-page-tree-confluence","location":"system.content.action/modify","name":{"value":"Copy Page Tree"},"url":"/copy-tree?page-id={page.id}&space-key={space.key}","conditions":[{"condition":"user_is_logged_in"}]},{"key":"delete-page-tree-confluence","location":"system.content.action/modify","name":{"value":"Delete Page Tree"},"url":"/delete-tree?page-id={page.id}&space-key={space.key}","conditions":[{"condition":"user_is_admin"}]}]},"scopes":["read","write","delete"],"version":"1.0.0"}