<?xml version="1.0" ?>
<atlassian-plugin key="com.knowledgemill.sendtoyammer" name="Send To Yammer" plugins-version="2">
    <plugin-info>
        <description>Send To Yammer</description>
        <version>1</version>
        <vendor name="Knowledgemill.com" url="https://developer.knowledgemill.com" />
    </plugin-info>
    <remote-plugin-container key="container" display-url="http://kmsendtoyammer.azurewebsites.net">
    </remote-plugin-container>
    <general-page key="general" name="Greeting" url="/helloworld.html">
    </general-page>
    <webhook key="installed" event="remote_plugin_installed"/>
    <webhook key="newissue" event="jira:issue_created" url="/sentoyammer"/>
   <webhook key="updateissue" event="jira:issue_updated" url="/sentoyammer"/>
</atlassian-plugin>