{"key":"com.strategery.plugins.harvest.jira-harvest-tracker","name":"Harvest Real-Time Tracking - by Strategery","apiVersion":20140422,"description":"Real-time time-tracking with Harvest for JIRA issues.","vendor":{"name":"Strategery","url":"http://usestrategery.com"},"authentication":{"type":"none"},"scopes":["READ","WRITE"],"baseUrl":"https://harvest-jira.usestrategery.com","enableLicensing":true,"modules":{"generalPages":[{"key":"strategeryharvestdialog","name":{"value":"Harvest Dialog"},"url":"/dialog/?issueId=${issue.id}&projectId=${project.id}","location":"none"}],"webPanels":[{"key":"harvest-time-tracker","location":"atl.jira.view.issue.right.context","url":"/?v=2.2.1&issueId=${issue.id}&projectId=${project.id}","weight":0,"name":{"value":"Harvest Time Tracking"}}]},"version":"20140422.0.1"}