{"key":"com.akelesconsulting.plugins.confluence.inspire","name":"Inspire for Confluence","description":"Everyone needs some inspiration","vendor":{"name":"Akeles Consulting Pte Ltd","url":"http://www.akelesconsulting.com"},"baseUrl":"https://inspire-confluence-app.herokuapp.com","links":{"self":"https://inspire-confluence-app.herokuapp.com/atlassian-connect.json","homepage":"https://inspire-confluence-app.herokuapp.com/atlassian-connect.json"},"authentication":{"type":"jwt"},"lifecycle":{"installed":"/installed"},"modules":{"dynamicContentMacros":[{"key":"qotd","name":{"value":"Quote of the Day"},"width":"900px","height":"200px","description":{"value":"shows the Quote of the Day"},"icon":{"width":80,"height":80,"url":"/images/akeles.png"},"documentation":{"url":"https://akeles.jira.com/wiki/display/INSPIRE/"},"categories":["visuals"],"outputType":"block","bodyType":"none","featured":false,"url":"/inspire"}]},"version":"1.0.0"}