<?xml version="1.0" ?>
<atlassian-plugin key="com.wikistrat.ac" name="Remote Login Monitor" plugins-version="2">

    <plugin-info>
        <description>Chcek remote logins</description>
        <version>0.0.4</version>
        <vendor name="Wikistrat" url="http://www.wikistrat.com/"/>

        <permissions>
            <permission>create_oauth_link</permission>
        </permissions>
    </plugin-info>

    <remote-plugin-container key="container" display-url="http://sia.wikistrat.com/ac/lm">
        <oauth>
            <public-key>
                -----BEGIN PUBLIC KEY-----
                MIIBIjANBgkqhkiG9w0BAQEFAAOCAQ8AMIIBCgKCAQEAtAufU0vNCkKKQecGh8ZG
                fcx6piZmnqkQiplfNZrkSxwe8MlKu+hfQn/qJnhcOoA2ckVYAAqt8G0vKk3AXQZE
                VO5VREp3tn1FXyivYBuN4vvW1m9rD9BKusjpdXao97byWA/cUPouIN4WaECOMtvV
                X3zHZS/IVc1f3CMGQNqxoksuUZNV3iV6L7f3pJkVUEvfIqjEvez+AfrJSrtQFM2x
                U6ZCGYYn5lBgExrRQ2Jvf7UE3Xj0+w6VHtWlYOkbOtGrhSBM4NCeiHE12W7UT0Te
                7jNaN8OWHvtEERpqgb4uW0CoY2q7DgWp73rucod034U0zqL5RroEa8GyHouEYQ4v
                OwIDAQAB
                -----END PUBLIC KEY-----
            </public-key>
        </oauth>
    </remote-plugin-container>

    <webhook key="remote_plugin_enabled" event="remote_plugin_enabled" url="/event/remote_plugin_enabled"/>
    <webhook key="remote_plugin_disabled" event="remote_plugin_disabled" url="/event/remote_plugin_disabled"/>
    <webhook key="server_upgraded" event="server_upgraded" url="/event/server_upgraded"/>
    <webhook key="plugins_upgraded" event="plugins_upgraded" url="/event/plugins_upgraded"/>
    <webhook key="plugin_enabled" event="plugin_enabled" url="/event/plugin_enabled"/>

    <!-- Confluence webhooks http://developer.internal.atlassian.com/static/connect/#confluence/webhook -->
    <webhook application="confluence" key="page_viewed" event="page_viewed" url="/event/page_viewed"/>
    <webhook application="confluence" key="logout" event="logout" url="/event/logout"/>
    <webhook application="confluence" key="login_failed" event="login_failed" url="/event/login_failed"/>
    <webhook application="confluence" key="login" event="login" url="/event/login"/>

    <general-page key="hello-world-page" name="Dan Test" section="system.header/left" url="/event/hello-world?spaceKey=${space.key}">
        <conditions>
            <condition name="user_is_logged_in" />
        </conditions>
    </general-page>
</atlassian-plugin>
