{"name":"Smartesting Zest plugin for JIRA","description":"This is the Smartesting Zest plugin for Atlassian JIRA. Link JIRA Agile issues with Zest test scenarios.","key":"com.smartesting.zest.jira-plugin","baseUrl":"https://www.zest-testing.com","vendor":{"name":"Smartesting","url":"http://smartesting.com"},"authentication":{"type":"none"},"modules":{"webPanels":[{"key":"zest-jira-issue-issue-panel","url":"/jira_issues/{issue.key}","location":"atl.jira.view.issue.right.context","layout":{"width":"10px","height":"100%"},"weight":50,"name":{"value":"Zest test scenarios"}},{"key":"zest-jira-agile-issue-panel","url":"/jira_issues/{issue.key}","location":"atl.gh.issue.details.tab","layout":{"width":"10px","height":"100%"},"weight":50,"name":{"value":"Zest test scenarios"}}]},"version":"1.0.10"}