<?xml version="1.0" ?>
<atlassian-plugin key="com.atlassian.plugins.manifesto.spy" name="Manifesto Spy" plugins-version="2">
    <plugin-info>
        <description>Reads and tells you what is in the Manifesto</description>
        <version>0.1</version>
        <vendor name="Atlassian" url="http://www.atlassian.com"/>
    </plugin-info>

    <remote-plugin-container key="container" display-url="http://thawing-beach-1803.herokuapp.com/">
    </remote-plugin-container>

    <!-- Web panels -->
    <general-page key="general" name="Spy" url="/spy"></general-page>
    <remote-web-panel key="manifesto-spy-panel" location="atl.jira.view.issue.right.context" weight="50" name="Manifesto Spy" url="/spy/mini"/>

    <!-- Webhooks -->
    <webhook key="enabled" event="remote_plugin_enabled" url="/webhooks"/>
</atlassian-plugin>