{
     "name": "Kewill Forwarding Add-ons",
     "description": "Kewill Forwarding Add-ons",
     "key": "com.kewill.kff.jira.addons",
     "baseUrl": "https://dl.dropboxusercontent.com/u/2944064",
     "vendor": {
         "name": "Kewill Asia, Inc.",
         "url": "http://www.kewill.com"
     },
     "authentication": {
         "type": "none"
     },
     "version": "1.0",
     "modules": {
          "webPanels": [
	    {
	      "url": "/tar.html",
	      "location": "atl.jira.view.issue.right.context",
	      "weight": 50,
	      "key": "tar-web-panel",
	      "name": {
		"value": "TAR Panel"
	      }
	    }
	  ]
     }
 }