{"name":"Gantt Chart Project for JIRA Cloud","description":"This native JIRA plugin provides a set of powerful Project Management features based on Gantt-Chart like Microsoft Project.","key":"com.soyatec.jira.plugins.jira-ganttchart-project","baseUrl":"https://www.jiraproject.com/ganttconnect","vendor":{"name":"Soyatec","url":"http://www.soyatec.com"},"enableLicensing":true,"scopes":["READ","WRITE","DELETE","ADMIN"],"authentication":{"type":"jwt"},"lifecycle":{"disabled":"/webhook/remote_plugin_disabled","enabled":"/webhook/remote_plugin_enabled","installed":"/webhook/installed","uninstalled":"/webhook/uninstalled"},"modules":{"webItems":[{"conditions":[{"condition":"user_is_logged_in","invert":false}],"name":{"value":"Gantt Chart"},"location":"system.top.navigation.bar","url":"/action/hello","key":"ganttchart-dropdown"}],"webSections":[{"name":{"value":"Plan"},"location":"ganttchart-dropdown","weight":500,"key":"ganttchart-section-plan"},{"name":{"value":"Tracking"},"location":"ganttchart-dropdown","weight":500,"key":"ganttchart-section-tracking"},{"name":{"value":"Tools"},"location":"ganttchart-dropdown","weight":500,"key":"ganttchart-section-tools"},{"name":{"value":"Administration"},"location":"ganttchart-dropdown","weight":500,"key":"ganttchart-section-admin"},{"name":{"value":"Add-on"},"location":"ganttchart-dropdown","weight":500,"key":"ganttchart-section-add-on"}],"generalPages":[{"conditions":[{"condition":"user_is_logged_in","invert":false},{"condition":"/action/displayCondition"}],"name":{"value":"Resource Plan"},"url":"/action/resourceplan","location":"ganttchart-dropdown/ganttchart-section-plan","weight":1,"key":"gantt-resourceplan"},{"conditions":[{"condition":"user_is_logged_in","invert":false},{"condition":"/action/displayCondition"}],"name":{"value":"Project Portfolio"},"url":"/action/projectportfolio","location":"ganttchart-dropdown/ganttchart-section-plan","weight":2,"key":"gantt-projectportfolio"},{"conditions":[{"condition":"user_is_logged_in","invert":false},{"condition":"/action/displayCondition"}],"name":{"value":"Resource Tracking"},"url":"/action/resourcetracking","location":"ganttchart-dropdown/ganttchart-section-tracking","weight":1,"key":"gantt-resourcetracking"},{"conditions":[{"condition":"user_is_logged_in","invert":false},{"condition":"/action/displayCondition"}],"name":{"value":"Portfolio Tracking"},"url":"/action/portfoliotracking","location":"ganttchart-dropdown/ganttchart-section-tracking","weight":2,"key":"gantt-portfoliotracking"},{"conditions":[{"condition":"user_is_logged_in","invert":false},{"condition":"/action/displayCondition"}],"name":{"value":"Reporter Tracking"},"url":"/action/reportertracking","location":"ganttchart-dropdown/ganttchart-section-tracking","weight":3,"key":"gantt-reportertracking"},{"conditions":[{"condition":"user_is_logged_in","invert":false},{"condition":"/action/displayCondition"}],"name":{"value":"Team Schedule"},"url":"/action/teamschedule","location":"ganttchart-dropdown/ganttchart-section-tools","weight":1,"key":"gantt-teamschedule"},{"conditions":[{"condition":"user_is_admin","invert":false}],"name":{"value":"General"},"url":"/action/general","location":"ganttchart-dropdown/ganttchart-section-admin","weight":1,"key":"gantt-general"},{"conditions":[{"condition":"user_is_admin","invert":false}],"name":{"value":"Working Schedule"},"url":"/action/calendar","location":"ganttchart-dropdown/ganttchart-section-admin","weight":2,"key":"gantt-calendar"},{"conditions":[{"condition":"user_is_admin","invert":false}],"name":{"value":"User Data"},"url":"/action/userdata","location":"ganttchart-dropdown/ganttchart-section-admin","weight":3,"key":"gantt-userdata"},{"conditions":[{"condition":"user_is_admin","invert":false}],"name":{"value":"Shared Data"},"url":"/action/shareddata","location":"ganttchart-dropdown/ganttchart-section-admin","weight":4,"key":"gantt-shareddata"},{"name":{"value":"About Gantt chart Project for JIRA"},"url":"/action/about","location":"ganttchart-dropdown/ganttchart-section-add-on","weight":1,"key":"gantt-about"}],"jiraProjectTabPanels":[{"conditions":[{"condition":"user_is_logged_in","invert":false},{"condition":"/action/displayProjectCondition"}],"url":"/action/timeplan?ctx_project_id={project.id}&ctx_project_key={project.key}","name":{"value":"Time Plan"},"key":"gantt-timeplan"},{"conditions":[{"condition":"user_is_logged_in","invert":false},{"condition":"/action/displayProjectCondition"}],"url":"/action/progresstracking?ctx_project_id={project.id}&ctx_project_key={project.key}","name":{"value":"Progress Tracking"},"key":"gantt-progresstracking"},{"conditions":[{"condition":"user_is_logged_in","invert":false},{"condition":"/action/displayProjectCondition"}],"url":"/action/projectreporter?ctx_project_id={project.id}&ctx_project_key={project.key}","name":{"value":"Reporter Tracking"},"key":"gantt-projectreporter"}],"configurePage":{"key":"gantt-configre-page","url":"/action/userdata","name":{"value":"User Data"}},"webhooks":[{"event":"jira:issue_created","url":"/webhook/issue-created"},{"event":"jira:issue_updated","url":"/webhook/issue-updated"},{"event":"jira:issue_deleted","url":"/webhook/issue_deleted"},{"event":"jira:worklog_updated","url":"/webhook/worklog_updated"},{"event":"jira-webhook-post-function","url":"/webhook/jira-webhook-post-function"},{"event":"connect_addon_disabled","url":"/webhook/connect_addon_disabled"},{"event":"connect_addon_enabled","url":"/webhook/connect_addon_enabled"},{"event":"server_upgraded","url":"/webhook/server_upgraded"}]},"version":"1.8.13"}