{"key":"com.trackduck.jira-plugin3","name":"TrackDuck","description":"JIRA plugin for integration with TrackDuck","vendor":{"name":"TrackDuck","url":"http://trackduck.com"},"lifecycle":{"installed":"/installed","uninstalled":"/uninstalled","enabled":"/enabled","disabled":"/disabled"},"baseUrl":"https://www.dropbox.com/s/pezrszsfvys0equ/jira-plugin3-1.0.jar?dl=1","authentication":{"type":"jwt"},"modules":{"webItems":[{"url":"http://trackduck.com","location":"system.top.navigation.bar","context":"addon","weight":100,"key":"trackDuckButton","name":{"value":"TrackDuck Button"}}]},"scopes":["write","read","admin"],"version":"1.0.0"}