<atlassian-plugin key="com.atlassian.addon.connect.jiraautowatch" name="JIRA Autowatch" plugins-version="2">
    
    <plugin-info>
        <description>Atlassian JIRA Autowatch.</description>
        <version>1.0.1</version>
        <vendor name="Atlassian" url="https://atlassian.com/" />
        <permissions>
            
            <permission>create_oauth_link</permission>
            <permission>browse_projects</permission>
            <permission>resolve_issues</permission>
            <permission>send_email</permission>
            <permission>read_users_and_groups</permission>
        </permissions>
    </plugin-info>


    <remote-plugin-container key="_container" display-url="https://autowatch.herokuapp.com">
        <oauth>
            <public-key>-----BEGIN PUBLIC KEY-----
MIGfMA0GCSqGSIb3DQEBAQUAA4GNADCBiQKBgQDJRyBwzfIgXsRYgRb+WxmLthpZ
4+o9Eiji6UuhhRMLG1WEv9Lsuf7GlG1s0d9B7eTmuuvpYF4fH2nx1hIcLdHRZ9Y1
/GsgEUpMphP8xfNZRzl4XBsDDQupSkOf7zEwa8pK7z4ME2wdcV8IDkgmQsOk9yBg
WcdFPcQAjWSn8vMNPwIDAQAB
-----END PUBLIC KEY-----</public-key>
        </oauth>
    </remote-plugin-container>

    <webhook key="_registration" event="remote_plugin_enabled" url="/remote_plugin_enabled"/>

    

    <project-config-tab key="autowatch-config-tab" name="Autowatch Rules"
                        location="projectgroup4" weight="70" url="/autowatch/addrule" />

    <webhook event="jira:issue_created" key="issue-created-event" url="/event/issue-created/" />


</atlassian-plugin>