{"name":"Atlassian Hercules","description":"Atlassian Hercules Log Scanning Application.","key":"com.atlassian.addon.connect.hercules","baseUrl":"https://hercules.atlassian.com","vendor":{"name":"Atlassian","url":"http://atlassian.com"},"authentication":{"type":"jwt"},"enableLicensing":false,"lifecycle":{"installed":"/installed"},"scopes":["READ","WRITE","ADMIN"],"modules":{"webItems":[{"url":"/hercules/scan?project_id={project.id}&issue_id={issue.id}","location":"operations-operations","context":"addon","target":{"type":"dialog","options":{}},"key":"hercules-scan-dialog","name":{"value":"Scan with Hercules"}}],"jiraIssueTabPanels":[{"url":"/hercules/results/{issue.id}/tab?project_id={project.id}&issue_id={issue.id}","weight":100,"key":"hercules-results-issue-tab","name":{"value":"Hercules"}}],"webPanels":[{"url":"/hercules/results/{issue.id}?project_id={project.id}&issue_id={issue.id}","location":"atl.jira.view.issue.left.context","weight":301,"key":"hercules-results-issue-panel","name":{"value":"Hercules Report"}}],"adminPages":[{"url":"/admin","key":"herc-admin-page","name":{"value":"Hercules"},"conditions":[{"condition":"user_is_sysadmin"}]}],"webhooks":[{"event":"jira:issue_created","url":"/hercules/scan"},{"event":"jira:issue_updated","url":"/hercules/scan"}]},"version":"1.0.2"}