{"key":"com.trackduck.jira-plugin2","name":"TrackDuck","description":"JIRA plugin for integration with TrackDuck","apiVersion":5,"vendor":{"name":"TrackDuck","url":"http://trackduck.com"},"lifecycle":{"installed":"/installed","uninstalled":"/uninstalled","enabled":"/enabled","disabled":"/disabled"},"baseUrl":"https://www.dropbox.com/s/tqvcft8k4ns000u/jira-plugin2-1.0.jar","authentication":{"type":"jwt"},"modules":{"webItems":[{"url":"http://trackduck.com","location":"system.top.navigation.bar","context":"addon","weight":100,"key":"trackDuckButton","name":{"value":"TrackDuck Button"}}]},"scopes":["write","read","admin"],"version":"5.0.0"}