


<atlassian-plugin key="com.thed.zephyr.connect" name="Zephyr for Jira On Demand" plugins-version="2">
     
<plugin-info>
    <description>Welcome to Zephyr Connect, Test Management for Jira On Demand!</description>
    <version>1.0-SNAPSHOT</version>
    <vendor name="Zephyr" url="https://getzephyr.com/" />
    <permissions>
        <permission>create_oauth_link</permission>
        <permission>browse_projects</permission>
        <permission>resolve_issues</permission>
        <permission>send_email</permission>
        <permission>read_users_and_groups</permission>
        
    </permissions>
</plugin-info>
        

    <remote-plugin-container key="_container" display-url="https://zephyr-connect.herokuapp.com">
        <oauth>
            <public-key>-----BEGIN PUBLIC KEY-----
MIGfMA0GCSqGSIb3DQEBAQUAA4GNADCBiQKBgQCDmFmhpZTGPcHu0Ec1T4xrTJ5G
SQvRex1OIWnAQz+Xcvml4UloZKZgKtOrmOrSukIl1DHR9qUB3NvQjIs1+XKWQpr3
99Czlrj9zggLWE+eJj0JzWt1pyhkIoIRU28Aj1qxCojZgcz4yWMNPXtOH8WDC2as
kqFYM0qC85Epf4UhAwIDAQAB
-----END PUBLIC KEY-----</public-key>
        </oauth>
    </remote-plugin-container>

    <webhook key="_registration" event="remote_plugin_enabled" url="/remote_plugin_enabled"/>

    

<general-page key="getting-started" name="Test" url="/welcome" />

<remote-web-panel key="viewissue-teststep" name="Test Details" url="/teststep?issueId=${issue.id}" height="250px" width="70%" location="atl.jira.view.issue.left.context" weight="250">
</remote-web-panel>
<project-tab-page key="summary-tab" name="Test Summary"
                  location="projectgroup4" weight="70" height="400" url="/summary" />

<project-tab-page key="cycle-tab" name="Test Cycles"
                    location="projectgroup5" weight="70" height="400" url="/cycle" />

        
</atlassian-plugin>