<?xml version="1.0" ?>
<atlassian-plugin key="com.atlassian.labs.whos-looking-rich" name="Who's Looking" plugins-version="2">

    <plugin-info>
        <description>Shows who's looking at the same page</description>
        <version>1</version>
        <vendor name="Atlassian" url="https://www.atlassian.com" />
    </plugin-info>

    <remote-plugin-container key="container" display-url="https://dl.dropboxusercontent.com/u/163514/whos-looking">
    </remote-plugin-container>

    <issue-panel-page key="whos-looking" name="Who's Looking" url="/index.html"/>

</atlassian-plugin>