{
     "name": "Fresh Content",
     "description": "Atlassian Connect add-on to keep track if confluence pages have chnaged since last visited",
     "key": "com.atlassian.ac.feshcontent",
     "baseUrl": "https://freshcontent.herokuapp.com",
     "vendor": {
         "name": "Greg Warden",
         "url": "http://twitter.com/usmile1"
     },
     "authentication": {
         "type": "none"
     },
     "version": "1.0",
     "modules": {
         "webItems": [
             {
                 "url": "/getFresh",
                 "name": {
                     "value": ":"
                 },
                 "conditions": [
                    { "condition": "/isFresh?page_id={page.id}&page_version={page.version}" } 
                 ],
                 "location": "page.metadata.banner",
                 "context": "addon",
                 "weight": 200,
                 "target": {
                    "type": "page",
                    "options": {}
                 },
                 "styleClasses": [
                    "webitem",
                    "system-present-webitem"
                 ],
                 "tooltip": {
                    "value": "Fresh Content!"
                 },
                 "icon": {
                    "width": 192,
                    "height": 44,
                    "url": "/fresh"
                 },
                 "key": "web-item-fresh-content"
             }
         ]
     }
 }