{"name":"Links Hierarchy for JIRA onDemand","description":"Full traceability for links on JIRA onDemand","key":"com.kintosoft.jira.ondemand.links","baseUrl":"https://d3uu992mgfv1d.cloudfront.net","enableLicensing":true,"vendor":{"name":"Kinto Soft Ltd","url":"http://www.kintosoft.com"},"authentication":{"type":"none"},"modules":{"jiraIssueTabPanels":[{"url":"/tree.html?issueKey={issue.key}","weight":100000,"key":"kinto-tree-tab-panel","name":{"value":"Hierarchy"}}]},"scopes":["read"],"version":"1.0.9"}