{"name":"Redfin Jira Quips","description":"Redfin Jira Quips shows you all interesting quotes throughout Redfin history","key":"com.redfin.jiraquips","baseUrl":"https://builder.redfintest.com/gossipr","vendor":{"name":"Redfin","url":"http://www.redfin.com"},"authentication":{"type":"none"},"modules":{"generalPages":[{"url":"/addquip.html","key":"add-new-quip","name":{"value":"Add New Quip"}}],"webPanels":[{"location":"atl.jira.view.issue.right.context","url":"/quip.html","key":"redfin-quips-panel","name":{"value":"Redfin Quips"}}]},"version":"1.0.0"}