<?xml version="1.0" ?>
<atlassian-plugin key="com.atlassian.plugin.directory.node" name="Atlassian Directory node.js" plugins-version="2">
    <plugin-info>
        <description>Atlassian Directory in Connect (node.js)</description>
        <version>1</version>
        <vendor name="Atlassian" url="https://atlassian.com" />
        <permissions>
            <permission>create_oauth_link</permission>
        </permissions>
    </plugin-info>

    <remote-plugin-container key="container" display-url="https://atlassian-directory-jdn.herokuapp.com/">
        <oauth>
            <public-key>
                -----BEGIN PUBLIC KEY-----
MIIBIjANBgkqhkiG9w0BAQEFAAOCAQ8AMIIBCgKCAQEA6S1cKKwT1JVyf2t57bR4
72Y6t8+vugpglP10zrkicNc+GqJFpvMz4Crd40/KpCzt7NvX57hlenG1w57lT5U2
P73IBFG6kL2caPe0VZdKCNVDyKgWqMNo8nkavnQr0J5kBuqYEXOZzVXe5Ojn5cUg
hisZCchiXvx8GGYX8x0xtwO+MOcXy8dfKl+4uDgiHUIeIK+jCDbX4CZ5tTqed9gO
tg9XfsZQqNWjMj2TqLPCtXQvJ3VZ/dxj4vyItNu9GF5NjpSIY3PC5dZ2jfFY3Jsx
6V713ZOl19YMH8CfUp1XsLG3hr0dm7myXyh1TmOHEv/t8vpMgdEOmTDBUKkiFlT8
5QIDAQAB
-----END PUBLIC KEY-----            </public-key>
        </oauth>
    </remote-plugin-container>

    <webhook key="enabled" event="remote_plugin_enabled" url="/enabled"/>



    <general-page key="directory-main" name="Directory JIRA" application="jira" url="/directory" >
        <conditions>
            <condition name="user_is_logged_in" />
        </conditions>
    </general-page>

    <general-page key="directory-main" name="Directory Confluence" application="confluence" section="system.user/user-content" url="/directory" >
        <conditions>
            <condition name="user_is_logged_in" />
        </conditions>
    </general-page>

    <profile-page key="directory-profile" name="Directory" application="jira" url="/directory/employees/jnolen">
        <conditions>
            <condition name="user_is_logged_in" />
        </conditions>
    </profile-page>

    <profile-page key="directory-profile" name="Directory" application="confluence" section="system.user/user-content" url="/directory/employees/jnolen">
        <conditions>
            <condition name="user_is_logged_in" />
        </conditions>
    </profile-page>

    <remote-web-panel key="directory-panel" name="Directory Panel" application="confluence" location="atl.confluence.userprofile.info" weight="1" url="/directory-small?user.id=jnolen">

    </remote-web-panel>


</atlassian-plugin>




