

<atlassian-plugin key="com.atlassian.labs.nevam" name="nevaM" plugins-version="2">
     
<plugin-info>
    <description>nevaM: inverse Maven dependencies</description>
    <version>1.0-SNAPSHOT</version>
    <vendor name="Atlassian" url="http://www.atlassian.com" />
    <permissions>
        <permission>create_oauth_link</permission> 
        <permission>browse_projects</permission> 
    </permissions>
</plugin-info>


    <remote-plugin-container key="_container" display-url="https://nevam.jira-dev.com">
        <oauth>
            <public-key>-----BEGIN PUBLIC KEY-----
MIGfMA0GCSqGSIb3DQEBAQUAA4GNADCBiQKBgQCCtwuoJipkdSq1cdjcDQATIsch
YfdwsJjsUuyg6VNgra6YpgSgGJty559fvQ73wKLu+vqi4qKDyD82jAfpudlg6pY3
jwzDH17CPtG01uX7ykPPX2lM3d9/UcbQyD/5Q5p1s0ryfoVFskYeTy6T3X5lTqh6
jD+haltRWLG5uIL64wIDAQAB
-----END PUBLIC KEY-----</public-key>
        </oauth>
    </remote-plugin-container>

    <webhook key="_registration" event="remote_plugin_enabled" url="/remote_plugin_enabled"/>

    
  
  <remote-web-panel location="atl.jira.view.issue.right.context" key="nevam-inverse-dependencies"
                    application="jira" name="Who is affected?"
                    url="/connect/inverseDependencies?issue_id=${issue.id}&amp;issue_key=${issue.key}" />

</atlassian-plugin>