{"vendor":{"name":"Comalatech","url":"http://www.comalatech.com"},"name":"Canvas for JIRA","description":"A New Way to Visualize and Manage Your Issues","key":"com.comalatech.jira.canvas.local.rodogu","apiVersion":2,"enableLicensing":true,"baseUrl":"https://rodogu.ngrok.com","authentication":{"type":"jwt"},"lifecycle":{"installed":"/installed"},"scopes":["read","write","delete"],"modules":{"generalPages":[{"key":"canvas","url":"/jira/board","name":{"value":"Canvas"},"conditions":[{"condition":"user_is_logged_in"}]},{"key":"canvas-manage","url":"/jira/board/manage","location":"meh","name":{"value":"Manage Canvas"},"conditions":[{"condition":"user_is_logged_in"}]}],"jiraProjectTabPanels":[{"key":"canvas-project","url":"/jira/board?projectKey=${project.key}","weight":100,"name":{"value":"Canvas"},"conditions":[{"condition":"user_is_logged_in"}]}],"configurePage":{"key":"canvas-config","url":"/jira/config/view","name":{"value":"Canvas Config"},"conditions":[{"condition":"user_is_logged_in"}]}},"version":"2.2.35"}