<?xml version="1.0" encoding="UTF-8"?>

<atlassian-plugin key="com.eazybi.atlassian-connect.eazybi-jira" name="eazyBI for JIRA OnDemand" plugins-version="2">
  <plugin-info>
    <description>eazyBI add-on provides easy drag-and-drop creation of custom JIRA reports, charts and dashboard gadgets. After installation please click Configure to import selected JIRA projects and from Home tab click Users to allow access to eazyBI for other users and groups.</description>
    <version>1.1.0</version>
    <vendor name="EazyOne" url="https://eazybi.com" />
    <permissions>
      <permission>create_oauth_link</permission>
      <permission>read_users_and_groups</permission>
      <permission>browse_projects</permission>
      <permission>read_metadata</permission>
      <permission>read_user_session_data</permission>
      <permission>read_license</permission>
    </permissions>
    <param name="configure.url">/plugins/servlet/atlassian-connect/com.eazybi.atlassian-connect.eazybi-jira/configure</param>
    <param name="atlassian-licensing-enabled">true</param>
  </plugin-info>
  <remote-plugin-container key="container" display-url="https://aod.eazybi.com/">
    <oauth>
      <public-key>-----BEGIN RSA PUBLIC KEY-----
MIGfMA0GCSqGSIb3DQEBAQUAA4GNADCBiQKBgQCnLf6gj6UjEhk07hxxFIb2A7bq
WUqsRRt0KA9W664zFq2g6MbR15pE2CyUapoKNEbPnecYH4Stq6tXw20sPDw+O9/l
tu0xeeX57e1nFTE+bb1JTDFZbvqmBKydi7GGL9hxAYPumhFZHunCP0O64HletgC/
PdAyjPtJo058QWANtwIDAQAB
-----END RSA PUBLIC KEY-----
</public-key>
    </oauth>
  </remote-plugin-container>
  <general-page key="home" name="eazyBI" url="/atlassian-connect/eazybi-jira/home">
    <conditions>
      <condition name="user_is_logged_in" />
    </conditions>
  </general-page>
  <general-page key="configure" name="eazyBI configuration" url="/atlassian-connect/eazybi-jira/configure" section="none" />
  <webhook key="installed" event="remote_plugin_installed" url="/atlassian-connect/eazybi-jira/remote_plugin_installed" />
  <webhook key="enabled" event="remote_plugin_enabled" url="/atlassian-connect/eazybi-jira/remote_plugin_enabled" />
  <webhook key="disabled" event="remote_plugin_disabled" url="/atlassian-connect/eazybi-jira/remote_plugin_disabled" />
</atlassian-plugin>
