{"vendor":{"name":"Comalatech","url":"http://www.comalatech.com"},"name":"Canvas for JIRA","description":"A New Way to Visualize and Manage Your Issues","key":"com.comalatech.jira.canvas.local.mike","apiVersion":2,"enableLicensing":true,"baseUrl":"https://comalatech-canvas-mike.herokuapp.com","authentication":{"type":"oauth","publicKey":"-----BEGIN PUBLIC KEY-----\nMIIBIjANBgkqhkiG9w0BAQEFAAOCAQ8AMIIBCgKCAQEAoD/qsamOmD6NA4JBiio0\neNLAZiK5gYatu6iiDwRBYK9ZBMWsgx62EHgQvyNH23H8p1hZj7/zsfTr4d7oXRjX\nM0GDJtcuUPGqGzvCkVtmjNlcjE3/7S3CC1uOj5uHcyZNdW9VlynQ9srk2DUpl2SV\nC5xpCDoOb2nOIt4khGdaF62a+LB/66ENko7LRsqa6xzr4Sm+70k50FU2kOQ5ZpcJ\nuNcOy2ah+euIfRV8wxSMSORfpT4tZ306+FvkCJztd5c0zaCjC1bsOGtNKwzSpdF4\n0yEMnHGeeBG2Rpc4Tdvgf3KVihikx6wqNQrBsJgrYMoqJVyHSgHeg9KPuMXgOUIv\ntQIDAQAB\n-----END PUBLIC KEY-----"},"lifecycle":{"enabled":"/enabled"},"scopes":["read","write","delete"],"modules":{"generalPages":[{"key":"canvas","url":"/jira/board","name":{"value":"Canvas"},"conditions":[{"condition":"user_is_logged_in"}]},{"key":"canvas-manage","url":"/jira/board/manage","location":"meh","name":{"value":"Manage Canvas"},"conditions":[{"condition":"user_is_logged_in"}]}],"jiraProjectTabPanels":[{"key":"canvas-project","url":"/jira/board?projectKey=${project.key}","weight":100,"name":{"value":"Canvas"},"conditions":[{"condition":"user_is_logged_in"}]}],"configurePage":{"key":"canvas-config","url":"/jira/config/view","name":{"value":"Canvas Config"},"conditions":[{"condition":"user_is_logged_in"}]}},"version":"2.0.0"}