<?xml version="1.0" ?>
<atlassian-plugin key="com.bugsio.ereminders" name="e-Reminders" plugins-version="2">

  <plugin-info>
    <description>Automatically send daily email reminders with due issues to all JIRA users or selected group.</description>
    <version>1.5</version>
    <vendor name="BugsIO Solutions" url="http://bugsio.com" />
    <permissions>

      <permission>read_license</permission>
      <permission>create_oauth_link</permission>
      <permission>send_email</permission>
      <permission>browse_projects</permission>

      <!-- needed to get user email address -->
      <permission>read_users_and_groups</permission>

      <!-- for later features -->
      <permission>create_issues</permission>
      <permission>edit_issues</permission>
      <permission>resolve_issues</permission>

    </permissions>
    <param name="atlassian-licensing-enabled">true</param>

    <param name="configure.url">/plugins/servlet/atlassian-connect/com.bugsio.ereminders/config-page</param>

    <!-- a "beta" lifecycle registration method:
    his url will be synchronously invoked by Atlassian Connect on installation of the add-on, and only
    once, ever: on true installation. -->
    <param name="install-handler">/installed</param>

  </plugin-info>

  <remote-plugin-container key="container" display-url="https://atlas-addon.bugsio.com/ereminders">
    <oauth>
      <public-key>
        -----BEGIN PUBLIC KEY-----
        MIGfMA0GCSqGSIb3DQEBAQUAA4GNADCBiQKBgQDi1C8ztXqQjGvBNL53AfTbrUCa
        n5gbXw18Kh/Jw53L4qdhmok8Puvo/lwBzjpH0Nk/QDJ1u+nzF4mrvhwgqeNEPn4E
        BeqvjohxdRMrrHdH+uIVzDKQeJq/BtRZriLFHxxvY0eZefkpVluCEbtOxCvPXho7
        /GQ6f2C+6GL4m7SdFQIDAQAB
        -----END PUBLIC KEY-----
     </public-key>
    </oauth>
  </remote-plugin-container>

  <configure-page
    key="config-page"
    name="Configure Add-on"
    url="/config_instance"
    />

  <general-page key="user-config" name="e-Reminders"
    section="system.user.options/personal"
    url="/config_user"/>

  

  <!-- these work (receiving) -->
  <webhook key="remote_plugin_enabled_hook" event="remote_plugin_enabled" url="/remote_plugin_enabled" />

  <!-- not seen this one -->
  <webhook key="remote_plugin_installed_hook" event="remote_plugin_installed" url="/remote_plugin_installed" />
  <!-- these note tested -->
  <webhook key="remote_plugin_disabled_hook" event="remote_plugin_disabled" url="/remote_plugin_disabled" />
  <!-- <webhook key="plugin_enabled_hook" event="plugin_enabled" url="/plugin_enabled" /> -->
  <webhook key="server_upgraded_hook" event="server_upgraded" url="/server_upgraded" />

</atlassian-plugin>
