{"key":"com.blendedperspectives.confluence.plugins.user-group-matrix","name":"User Group Matrix Plugin","description":"Shows an interactive users group membership table","vendor":{"name":"Blended Perspectives","url":"http://www.blendedperspectives.com"},"baseUrl":"https://user-group-matrix.herokuapp.com","links":{"self":"https://user-group-matrix.herokuapp.com/atlassian-connect.json","homepage":"https://user-group-matrix.herokuapp.com/atlassian-connect.json"},"authentication":{"type":"jwt"},"lifecycle":{"installed":"/installed"},"scopes":["READ","WRITE","ADMIN"],"modules":{"staticContentMacros":[{"name":{"value":"User Group Matrix"},"description":{"value":"Shows an interactive users group membership table"},"key":"user-group-matrix-macro","method":"get","url":"/user-group-matrix-macro?readonly={readonly}&include-groups={include-groups}&exclude-groups={exclude-groups}&include-users={include-users}&exclude-users={exclude-users}","icon":{"url":"/favicon.png"},"documentation":{"url":"https://bitbucket.org/blendedperspectives/user_group_matrix_macro_plugin_ondemand"},"categories":["admin"],"outputType":"block","bodyType":"none","featured":true,"parameters":[{"identifier":"readonly","name":{"value":"Read only"},"description":{"value":"Is the user group matrix read only?"},"type":"boolean","required":false,"multiple":false,"defaultValue":"false"},{"identifier":"include-groups","name":{"value":"Include groups"},"description":{"value":"List of groups to include."},"type":"string","required":false,"multiple":false,"defaultValue":"*"},{"identifier":"exclude-groups","name":{"value":"Exclude groups"},"description":{"value":"List of groups to exclude."},"type":"string","required":false,"multiple":false,"defaultValue":"atlassian-addons,confluence-*"},{"identifier":"include-users","name":{"value":"Include users"},"description":{"value":"List of users to include."},"type":"string","required":false,"multiple":false,"defaultValue":"*"},{"identifier":"exclude-users","name":{"value":"Exclude users"},"description":{"value":"List of users to exclude."},"type":"string","required":false,"multiple":false,"defaultValue":"addon_*"}]}]},"version":"1.0.13"}