<?xml version="1.0"?>
<atlassian-plugin key="com.dataxu.helloworld" name="Hello World" plugins-version="2">
    <plugin-info>
        <description>Atlassian Connect add-on</description>
        <version>1.0.5</version>
        <vendor name="DataXu" url="https://dataxu.com"/>
    </plugin-info>
    <remote-plugin-container key="container" display-url="http://cprinos.pythonanywhere.com/welcome/static/">
    </remote-plugin-container>
    <general-page key="general" name="Hello" url="/atl-con.html">
    </general-page>
</atlassian-plugin>
