{"name":"Django Attendance Prototype Heroku","description":"Django Attendance Prototype on Heroku","key":"com.tmsoftware.attendance-prototype-django","baseUrl":"https://still-bayou-2032.herokuapp.com","vendor":{"name":"TM Software","url":"http://www.tmsoftware.is"},"authentication":{"type":"jwt"},"lifecycle":{"installed":"/add-on-installed-callback"},"modules":{"webSections":[{"name":{"value":"Attendance"},"location":"system.user.options","key":"attendance-user-section"}],"webItems":[{"name":{"value":"In Office"},"key":"in-attendance-user-section","url":"/change_status/?status=in","location":"system.user.options/attendance-user-section","context":"addon","icon":{"url":"/static/icons/in_small.png"},"styleClasses":["aui-lozenge aui-lozenge-subtle aui-lozenge-success"],"conditions":[{"condition":"/condition/in_work/","invert":true}]},{"name":{"value":"Out Of Office"},"key":"out-attendance-user-section","url":"/change_status/?status=out","location":"system.user.options/attendance-user-section","context":"addon","icon":{"url":"/static/icons/out_small.png"},"styleClasses":["aui-lozenge aui-lozenge-subtle aui-lozenge-error"],"conditions":[{"condition":"/condition/in_work/"}]}],"webPanels":[{"name":{"value":"Attendance"},"key":"attendance-issue-panel","url":"/issue_status/","location":"atl.jira.view.issue.right.context","layout":{"width":"100%","height":"30px"},"weight":5}],"adminPages":[{"location":"admin_plugins_menu/builds_section","weight":50,"key":"tempo-admin","name":{"value":"Tempo Admin"},"url":"/rest_test"}],"generalPages":[{"name":{"value":"Rest Test"},"key":"rest-test","url":"/rest_test","location":"system.top.navigation.bar"}],"jiraEntityProperties":[{"key":"tasks-custom-field","name":{"value":"Tasks index","i18n":"tasks.index"},"entityType":"issue","keyConfigurations":[{"propertyKey":"tasks","extractions":[{"objectName":"content","type":"text"}]}]}]},"scopes":["READ","WRITE"],"version":"1.2.1"}