<?xml version="1.0" ?>
<atlassian-plugin key="com.uservoice.jira" name="UserVoice Feedback and Online Help Desk" plugins-version="2">
  <plugin-info>
    <description>
      This add-on lets you handle your customer communication with UserVoice,
      as well as a way for pushing the more challenging tickets or ideas to JIRA.
    </description>
    <version>1.1</version>
    <vendor name="UserVoice Inc" url="https://uservoice.com/" />
    <permissions>
      <permission>create_oauth_link</permission>
      <permission>create_issues</permission>
      <permission>browse_projects</permission>
      <permission>read_users_and_groups</permission>
    </permissions>
    <param name="documentation.url">https://uservoice.com/</param>
    <param name="configure.url">/plugins/servlet/atlassian-connect/com.uservoice.jira/getting_started</param>
  </plugin-info>

  <remote-plugin-container key="container" display-url="https://app.uservoice.com/">
    <oauth>
      <public-key>
      -----BEGIN PUBLIC KEY-----
      MIIBIjANBgkqhkiG9w0BAQEFAAOCAQ8AMIIBCgKCAQEA7pHzsV3G6/+kR+uLAVJF
      rhnBp7LwymIS3AfyslKm/jzjpud5swuW7NPqjmQeO1y+9PXPSvSjFceKf9UUf4Zr
      IUmi9ryE3GMrXmVR+AE1xlrZTxd9PP2smG7plESCHJ0Oq6/uVTTaoNkDfTNL6/0W
      hA9acudRqzj9ukQsTMNeBT6uCFakl4O5R0WGoN5Q+pBsM9ccyJv7AKntu9JPkbAm
      opp+heRsSGm0KEm0oX2UfGTLYsCBq5NH/e0IQT1C8FGVf4fGhjpOOU6RZLWb1WZy
      9yw3qk70WZ14Zp/kXLx+aVqYxFZpU2lyhQUwxQ8/G8KvyXX7Xzpi1eDe9YbmXeJF
      pQIDAQAB
      -----END PUBLIC KEY-----
      </public-key>
    </oauth>
  </remote-plugin-container>

  <configure-page key="getting_started" name="UserVoice Configuration" url="/jira/getting_started" />

  <webhook key="enabled" event="remote_plugin_enabled" url="/jira/enabled"/>
  <webhook key="issue_updated" application="jira" event="jira:issue_updated" url="/api/external/jira/issues/updates.json"/>
</atlassian-plugin>
