{"name":"Pathfinder","description":"Graphically view and edit issue links and find critical paths","key":"com.kitologic.pathfinder","baseUrl":"https://vast-caverns-9249.herokuapp.com","vendor":{"name":"Kitologic Inc.","url":"http://www.kitologic.com"},"enableLicensing":true,"apiVersion":1,"lifecycle":{"installed":"/installed"},"authentication":{"type":"jwt"},"modules":{"webhooks":[{"event":"remote_plugin_enabled","url":"/remote_plugin_enabled"}],"generalPages":[{"key":"home","url":"/home","name":{"value":"Pathfinder"}}]},"scopes":["READ","WRITE","DELETE"],"version":"1.2.0"}