{"name":"Svn Gateway","description":"Atlassian Connect add-on for Subversion - with Intranet capability","key":"com.matrixreq.svnpluginpro","baseUrl":"https://svnpluginpro.matrixreq.com","enableLicensing":true,"vendor":{"name":"Matrix Requirements","url":"http://www.matrixreq.com"},"authentication":{"type":"jwt"},"lifecycle":{"installed":"/plugin/lifecycleInstalled","uninstalled":"/plugin/lifecycleUninstalled"},"modules":{"configurePage":{"url":"/plugin/adminPagePro","key":"configure","name":{"value":"Svn Gateway Setup"}},"jiraIssueTabPanels":[{"url":"/plugin/issueTab?issueKey={issue.key}","weight":100,"key":"svnplugin-tab","name":{"value":"Svn Gateway"}}]},"scopes":["read"],"version":"1.1.3"}