{"name":"Quandora for Atlassian Jira","description":"This is a plugin to integrate quandora's Question and answer in Atlassian Jira","key":"com.quandora.atlassian","baseUrl":"https://app.quandora.com/atlassian","vendor":{"name":"Quandora Corp","url":"http://www.quandora.com"},"authentication":{"type":"jwt"},"lifecycle":{"installed":"/installed","uninstalled":"/uninstalled"},"links":{"configure":"/plugins/servlet/atlassian-connect/com.quandora.atlassian/configure"},"scopes":["read","write"],"modules":{"configurePage":{"url":"/configure","name":{"value":"Quandora Configuration"},"key":"configure"},"webPanels":[{"url":"/jira?issue_id=${issue.id}&project_id=${project.id}&issue_key=${issue.key}&project_key=${project.key}","location":"atl.jira.view.issue.right.context","key":"quandora-issue-view","layout":{"width":"100%","height":"100%"},"name":{"value":"Quandora Q&A"}}]},"version":"1.1.2"}