{"name":"Plain Tasks","description":"Turn your JIRA projects into extremely simple task lists","key":"com.stiltsoft.connect.jira.todo","baseUrl":"https://todo.stiltsoft.com","enableLicensing":true,"vendor":{"name":"StiltSoft","url":"http://stiltsoft.com"},"lifecycle":{"installed":"/lifecycle/installed.php","uninstalled":"/lifecycle/uninstalled.php"},"authentication":{"type":"none"},"modules":{"jiraProjectTabPanels":[{"url":"/todo/index.html?projectId={project.id}","weight":100,"key":"todo-tab","name":{"value":"Plain Tasks"}}]},"scopes":["read","write"],"version":"1.1.823"}