{"name":"People Directory","description":"Atlassian Connect add-on","key":"com.daqri.atlassian.people","baseUrl":"https://blooming-beach-1348.herokuapp.com","vendor":{"name":"Daqri","url":"https://developer.atlassian.com"},"authentication":{"type":"jwt"},"lifecycle":{"installed":"/addon/hooks/installed/","disabled":"/addon/hooks/disabled/","enabled":"/addon/hooks/enabled/","uninstalled":"/addon/hooks/uninstalled/"},"enableLicensing":false,"modules":{"generalPages":[{"url":"/addon/login/","name":{"value":"People Directory"},"key":"people","conditions":[{"condition":"user_is_admin"}]}]},"scopes":["READ","WRITE","DELETE"],"version":"1.1.2"}