{"key":"com.blendedperspectives.confluence.plugins.bp-user-group-matrix","name":"User Group Matrix","description":"Shows a table of users and groups","vendor":{"name":"Blended Perspectives","url":"http://www.blendedperspectives.com"},"baseUrl":"https://bp-user-group-matrix.herokuapp.com","links":{"self":"https://bp-user-group-matrix.herokuapp.com/atlassian-connect.json","homepage":"https://bp-user-group-matrix.herokuapp.com/atlassian-connect.json"},"authentication":{"type":"jwt"},"lifecycle":{"installed":"/installed"},"scopes":["READ","WRITE","ADMIN"],"modules":{"dynamicContentMacros":[{"name":{"value":"User Group Matrix"},"key":"user-group-matrix-macro","url":"/user-group-matrix-macro?userId={user.id}&includegroups={includegroups}&excludegroups={excludegroups}&includeusers={includeusers}&excludeusers={excludeusers}","icon":{"url":"/favicon.png"},"documentation":{"url":"https://bitbucket.org/blendedperspectives/user_group_matrix_macro_plugin_ondemand"},"outputType":"block","bodyType":"none","featured":true,"parameters":[{"identifier":"includegroups","name":{"value":"Include groups"},"description":{"value":"List of groups to include."},"type":"string","required":true,"multiple":false,"defaultValue":".*"},{"identifier":"excludegroups","name":{"value":"Exclude groups"},"description":{"value":"List of groups to exclude."},"type":"string","required":true,"multiple":false,"defaultValue":"atlassian-addons,confluence-.*"},{"identifier":"includeusers","name":{"value":"Include users"},"description":{"value":"List of users to include."},"type":"string","required":true,"multiple":false,"defaultValue":".*"},{"identifier":"excludeusers","name":{"value":"Exclude users"},"description":{"value":"List of users to exclude."},"type":"string","required":true,"multiple":false,"defaultValue":"addon_.*"}]}]},"version":"1.3.18"}