<?xml version="1.0" ?>
<atlassian-plugin key="com.strategery.plugins.harvest.jira-harvest-tracker2" name="Harvest Real-Time Tracking - by Strategery" plugins-version="2">
    <plugin-info>
        <description>Real-time time-tracking with Harvest for JIRA issues.</description>
        <version>2.2.1</version>
        <vendor name="Strategery" url="http://usestrategery.com/" />
        <!-- check lic parameter on all requests: ?lic=active|expired|none-->
        <param name="atlassian-licensing-enabled">true</param>
    </plugin-info>
    <remote-plugin-container key="harvest-container" display-url="https://harvest-jira.usestrategery.com">
    </remote-plugin-container>
    <!--<webhook key="enabled" event="remote_plugin_enabled" url="index/enabled"/>-->
    <dialog-page key="strategeryharvestdialog" name="Harvest Dialog" url="/dialog/?issueId=${issue.id}&amp;projectId=${project.id}" width="500" height="370" section="none">
    </dialog-page>
    <remote-web-panel key="harvest-time-tracker" location="atl.jira.view.issue.right.context" weight="0"
                      name="Harvest Time Tracking" url="/?v=2.2.1&amp;issueId=${issue.id}&amp;projectId=${project.id}"/>
</atlassian-plugin>
