{"name":"JIRA Auto Analytics","description":"Atlassian Connect add-on which automatically detects analytics event that have been committed, and displays them on the issue page.","key":"com.atlassian.jira.jira-auto-analytics-connect","baseUrl":"https://houston.internal.atlassian.com/nanny","vendor":{"name":"Atlassian","url":"https://developer.atlassian.com"},"authentication":{"type":"none"},"modules":{"webPanels":[{"url":"/issuepanel?issue_id=${issue.id}&amp;project_id=${project.id}","location":"atl.jira.view.issue.right.context","weight":150,"key":"issuepanel","name":{"value":"Analytics"},"conditions":[{"condition":"has_issue_permission","params":{"permission":"edit"}},{"condition":"has_issue_permission","params":{"permission":"assignable"}}]}]},"version":"1.1.0"}