<?xml version="1.0" ?>
<atlassian-plugin key="com.comalatech.canvas" name="Comalatech Canvas OnDemand" plugins-version="2">

    <plugin-info>
        <description>Comalatech Canvas for Confluence</description>
        <version>2.0.8</version>
        <vendor name="Comalatech" url="http://www.comalatech.com"/>
        <permissions>
            <permission>create_oauth_link</permission>
            <permission>read_users_and_groups</permission>
            <permission>send_email</permission>
            <permission>read_content</permission>
            <permission>modify_content</permission>
            <permission>label_content</permission>
        </permissions>
        <param name="atlassian-licensing-enabled">true</param>
    </plugin-info>

    <remote-plugin-container key="container" display-url="https://comalatech-canvas-stable.herokuapp.com">
        <oauth>
            <public-key>
-----BEGIN PUBLIC KEY-----
MIIBIjANBgkqhkiG9w0BAQEFAAOCAQ8AMIIBCgKCAQEAwk8I/SiIdGiVExsRdQTz
ZhvRhlaazyqKAQQ4nV0mntb730rsqzfQchMfTgBbuH4n6W456cuGWxX9B503lvsI
TdBeY3yi2yL+4sEJ9809vGc6gT7mRheBDmo7zpRTpPz5WDyvskd4Jtlw9crjk76Z
w+LWFytBU89Nf3CZpHnV0HuJyRvJIaLQ/BZJhcNeUzhRH1rVJS07yFBzOrnWlSS5
Dd/NmwPai23SnkhoYzeIYd87PoNLBSIHmHge4PPXDjP2S9qJHNcFjT8KvEn0Mmvo
YIYwJOlF65vIT0ckEvXnM7NApnRAsPCB73SEEzSNOdejxC9bB4DzgUEHuAthnWml
NwIDAQAB
-----END PUBLIC KEY-----            </public-key>
        </oauth>
    </remote-plugin-container>

    <macro-page application='confluence' key="canvas" url="/canvas/board" output-type="block" body-type="plain-text" featured="true" name="Canvas"
                icon-url="/styles/images/canvasmacro.png">
        <description>Canvas Board</description>
        <category name="development"/>
        <macro-editor url="/canvas/designer" width="840" height="480"/>
        <parameters>
            <parameter name="board" title="Canvas markup" type="string" required="true"/>
        </parameters>
        <context-parameters>
            <context-parameter name="page_id"/>
            <context-parameter name="space_key"/>
        </context-parameters>
    </macro-page>

    <dialog-page application='confluence' name="Canvas" key="canvas-wizard" url="/canvas/wizard" section="system.header/left" width="840" height="480">
        <conditions>
            <condition name="user_is_logged_in"/>
        </conditions>
    </dialog-page>

    <webhook key="enabled" event="remote_plugin_enabled" url="/enabled"/>
</atlassian-plugin>
