{"key":"com.atlassian.upm.upm-maas","name":"UPM as a Service","description":"Universal Plugin Manager as a Service","vendor":{"name":"Atlassian","url":"https://www.atlassian.com"},"baseUrl":"https://upmaas-connect.herokuapp.com","links":{"self":"https://upmaas-connect.herokuapp.com/atlassian-connect.json","homepage":"https://upmaas-connect.herokuapp.com/atlassian-connect.json"},"authentication":{"type":"jwt"},"lifecycle":{"installed":"/installed"},"modules":{"adminPages":[{"location":"admin_plugins_menu/upm_section","name":{"value":"Add products"},"key":"find-new-jira","weight":0,"url":"/find-new","conditions":[{}]},{"location":"system.admin/marketplace_confluence","name":{"value":"Add products"},"key":"find-new-confluence","weight":0,"url":"/find-new","conditions":[{}]},{"name":{"value":"Add-on details"},"key":"addon-details","url":"/find-new/{pluginKey}/version/{buildNumber}","conditions":[{}]},{"name":{"value":"Install addon"},"key":"install-addon-dialog","url":"/install-addon-dialog","conditions":[{}]}]},"scopes":["admin"],"version":"1.0.0"}