{"name":"vSecure","description":"Is a service for securing text strings in an easy way. It could encrypt your string using strong encryption algorithm, so it will be secure to store. ","key":"com.g2.vsecure","baseUrl":"https://buffalo.arvixe.com","vendor":{"name":"Victor Hugo Garcia","url":"http://vgarcia.pw"},"authentication":{"type":"none"},"modules":{"webItems":[{"url":"/~vgarcia/atlassian/vsecurehtml/vsecure.html","location":"system.user","context":"addon","weight":200,"target":{"type":"dialog"},"styleClasses":["webitem","system-present-webitem"],"tooltip":{"value":"Is a service for securing text strings in an easy way. It could encrypt your string using strong encryption algorithm, so it will be secure to store."},"key":"web-item-vsecure","name":{"value":"vSecure"}}]},"version":"1.4.1"}