{"key":"communardo.connect.usage.statistic.addon","name":"Usage Statistics","description":"See historical views on your issues.","baseUrl":"https://connect-usage-statistics.herokuapp.com","vendor":{"name":"Communardo Software GmbH","url":"https://www.communardo.de"},"authentication":{"type":"none"},"links":{"documentation":"https://bitbucket.org"},"modules":{"webPanels":[{"location":"atl.jira.view.issue.right.context","url":"/issue-statistic-panel.html?issue_key={issue.key}","key":"issue-usagestatistic-counter-panel","name":{"value":"Usage Statistics"}}],"jiraProjectTabPanels":[{"url":"/project-statistic-overview.html?project_key={project.key}","weight":100,"key":"project-admin-usage-statistic-overview","name":{"value":"Usage Statistics"}}],"jiraEntityProperties":[{"name":{"value":"Usage Statistics Index"},"key":"usagestatistic-index","entityType":"issue","keyConfigurations":[{"propertyKey":"usagestatistic","extractions":[{"objectName":"year","type":"number"},{"objectName":"month","type":"number"},{"objectName":"day","type":"number"},{"objectName":"hour","type":"number"},{"objectName":"views","type":"number"},{"objectName":"views-y","type":"number"},{"objectName":"views-m","type":"number"},{"objectName":"views-d","type":"number"},{"objectName":"views-h","type":"number"}]}]}]},"scopes":["read","write"],"version":"1.0.0"}