{"key":"confstats-connect-sday","name":"Atlassian Confluence Stats","description":"Usage statistics for your Confluence instance.","vendor":{"name":"Atlassian","url":"http://atlassian.com"},"baseUrl":"https://confstats-sday.herokuapp.com","authentication":{"type":"jwt"},"lifecycle":{"installed":"/installed","uninstalled":"/uninstalled"},"scopes":["READ"],"modules":{"webhooks":[{"event":"space_removed","url":"/webhooks/space_removed"}],"webItems":[{"key":"confstats-live-watcher","name":{"value":"Stats"},"tooltip":{"value":"See statistics for this page"},"location":"system.content.metadata","url":"/live/page/watcher?page.id={page.id}","context":"addon","target":{"type":"inlinedialog"},"icon":{"width":20,"height":16,"url":"/images/sparkline.png"}}],"webPanels":[{"location":"atl.page.content.footer","layout":{"width":"0","height":"0"},"url":"/live/visitor?page_id={page.id}&space_key={space.key}","key":"live-view-footer","name":{"value":"Live View"}}],"spaceToolsTabs":[{"location":"contenttools","key":"statistics","name":{"value":"Statistics"},"url":"/space/stats?space_key={space.key}"}]},"version":"1.2.2"}