{"key":"connect-confluence-page-history","name":"Page History","description":"Fixing Confluence page history.","vendor":{"name":"Atlassian Labs","url":"https://www.atlassian.com/"},"baseUrl":"https://connect-confluence-page-hist.herokuapp.com","links":{"self":"https://connect-confluence-page-hist.herokuapp.com/atlassian-connect.json","homepage":"https://connect-confluence-page-hist.herokuapp.com/atlassian-connect.json"},"authentication":{"type":"jwt"},"lifecycle":{"installed":"/installed"},"scopes":["read"],"modules":{"webItems":[{"location":"system.content.metadata","name":{"value":"Page History"},"tooltip":{"value":"See the history of this page."},"target":{"type":"inlinedialog","options":{}},"icon":{"width":16,"height":16,"url":"/images/timeline.png"},"url":"/page-history?pageId={page.id}","context":"addon","key":"metadata-item"}]},"version":"1.0.6"}