{"key":"customizer-jdev","name":"Customizer for JIRA","description":"Add your web-items","vendor":{"name":"Wittified, LLC","url":"http://www.wittified.com"},"baseUrl":"https://customizer-jdev.aod-apps.wittified.com","links":{"self":"https://customizer-jdev.aod-apps.wittified.com/atlassian-connect.json","homepage":"https://customizer-jdev.aod-apps.wittified.com/atlassian-connect.json"},"authentication":{"type":"jwt"},"enableLicensing":true,"lifecycle":{"installed":"/installed","uninstalled":"/uninstalled"},"scopes":["READ","read"],"modules":{"webPanels":[{"url":"/general/collect-data?issueKey={issue.key}&projectKey={project.key}","location":"webpanels.admin.summary.right-panels","weight":9999,"key":"collect-data-project-right-panels","layout":{"width":"13px","height":"13px"},"name":{"value":"Collect data for project"}},{"url":"/general/collect-data?issueKey={issue.key}&projectKey={project.key}","location":"webpanels.browse.project.summary.activitystream","weight":9999,"key":"collect-data-project-activity-stream","layout":{"width":"13px","height":"13px"},"name":{"value":"Collect data for project"}},{"url":"/general/collect-data?issueKey={issue.key}&projectKey={project.key}","location":"atl.jira.view.issue.right.context","weight":9999,"key":"collect-data-issue-context","layout":{"width":"13px","height":"13px"},"params":{"headless":"true"},"name":{"value":""}}],"adminPages":[{"url":"/main/editor","conditions":[{"condition":"user_is_admin"}],"location":"system.admin/system","key":"editor","name":{"value":"Customizer Editor"}}],"generalPages":[{"url":"/editor/editor?issue_id=1&issue_key=2&project_id=3&project_key=4&webitem=true","location":"wittified-nowhere","weight":200,"conditions":[{"condition":"user_is_admin"}],"key":"display-web-item-dialog","name":{"value":"item.label"}},{"url":"/editor/editor?webpanel=yes","location":"wittified-webpanel-nowhere","weight":200,"conditions":[{"condition":"user_is_admin"}],"key":"dialog-web-panel","name":{"value":"Manage links"}}]},"version":"1.0.2"}