{
  "key": "de.polscheit.jira.plugins.gantt.cloud",
  "name": "Gantt-Chart",
  "version": "1.2",
  "description": "Visualize issues and their dependencies with Gantt-Charts",
  "vendor": {
    "name": "Frank Polscheit",
    "url": "http://www.polscheit.de"
  },
  "baseUrl": "https://gantt-chart.heroku.com",
  "links": {
    "self": "https://gantt-chart.heroku.com/atlassian-connect.json",
    "homepage": "https://gantt-chart.heroku.com/atlassian-connect.json"
  },
  "authentication": {
    "type": "jwt"
  },
  "lifecycle": {
    "installed": "/installed"
  },
  "modules": {
    "jiraProjectTabPanels": [
      {
        "url": "/gantt-chart-project-tab",
        "weight": 75,
        "name": {
          "value": "Gantt-Chart"
        },
        "conditions": [
          {
            "condition": "user_is_logged_in"
          }
        ]
      }
    ],
    "configurePage": {
      "url": "/configure",
      "key": "gantt-chart-configure",
      "name": {
        "value": "Configuration Page"
      }
    }
  },
  "scopes": [
    "READ",
    "WRITE",
    "DELETE",
    "ADMIN"
  ]
}