{"key":"dls.plugins.retainers","name":"Retainer Tracker Plus","description":"Manages Retainers","vendor":{"name":"DLS Software Studios, Inc","url":"http://www.dlssoftwarestudios.com/"},"authentication":{"type":"jwt"},"lifecycle":{"installed":"/Rest/JiraPlugin.asmx/Installed"},"baseUrl":"https://jira.dlsstudios.com/retainers","enableLicensing":true,"modules":{"generalPages":[{"key":"retainer_reports","url":"/reports.aspx","location":"system.top.navigation.bar","name":{"value":"Retainer Tracker +"},"conditions":[{"condition":"user_is_admin"}]}],"configurePage":{"key":"retainer_configurePage","url":"/configuration.aspx","name":{"value":"Retainer Tracker +"}},"adminPages":[{"key":"retainer_manager","url":"/retainers.aspx","location":"system.admin/globalsettings","name":{"value":"Retainer Tracker +"}}],"webSections":[{"location":"system.admin","key":"retainer_webSection","label":{"key":"my_new_section_name"},"name":{"value":"Retainer Tracker Plus"}}]},"scopes":["read","write"],"version":"1.1.9"}