{
    "key": "duplicateissuefinder",
    "name": "Duplicate Issue Finder",
    "version": "1.0",
    "vendor": {
        "name": "My Company",
        "url": "http://example.com"
    },
    "links": {
        "self": "http://www.example.com/capabilities",
        "homepage": "http://www.example.com"
    },
    "baseUrl": "https://duplicateissuefinder-aholmgren.herokuapp.com",
    "authentication": {
        "type": "jwt"
    },
    "lifecycle": {
        "installed": "/installed"
    },
    "modules": {

        "webItems": [
            {
                "url": "/findSimilarIssuesUI?issueKey={issue.key}",
                "location": "operations-operations",
                "context": "addon",
                "weight": 50,
                "target": {
                    "type": "dialog",
                    "options": {}
                },
                "name": {
                    "value": "Find Duplicate Issues"
                }
            }
        ],
        "webhooks": [
            {
                "event": "jira:issue_created",
                "url": "/issue-created"
            }
        ]
    },
    "scopes": ["READ"]
}