<atlassian-plugin key="el_asma2" name="el_asma2" plugins-version="2">
<plugin-info>
<description>At</description>
<version>1</version>
<vendor name="Elastica, Inc" url="abc.net"/>
</plugin-info>
<remote-plugin-container key="container" display-url="http://1c6dd89c.ngrok.com"></remote-plugin-container>
<webhook key="page_viewed" application="jira" event="page_viewed" url="/connectors/jira/elastica_jira_plugin/" />
<general-page key="general" name="Greeting" url="/index.html"></general-page>
</atlassian-plugin>
