{"key":"ElasticSearch","name":"ElasticSearch","description":"Shows who else is looking at the issue you are currently viewing.","baseUrl":"http://localhost:9200/_plugin/atlassian","authentication":{"type":"none"},"vendor":{"name":"Atlassian Labs","url":"https://www.atlassian.com"},"links":{"documentation":"https://bitbucket.org/atlassianlabs/atlassian-connect-whoslooking-connect-v2"},"modules":{"webPanels":[{"location":"atl.jira.view.issue.right.context","url":"/index.html?issueKey={issue.key}","key":"elastic-search-issue-panel","name":{"value":"ElasticSearch"}}]},"scopes":["read"],"version":"1.0.0"}