{"key":"electronicsignatureconfluence","name":"Electronic Signatures - Confluence","description":"Allows Confluence to be used for controlled applications","vendor":{"name":"3Derm Systems, Inc","url":"https://www.atlassian.com/3DermSystems"},"baseUrl":"https://electronic-signature.herokuapp.com","links":{"self":"https://electronic-signature.herokuapp.com/atlassian-connect-confluence.json","homepage":"https://electronic-signature.herokuapp.com/atlassian-connect-confluence.json"},"authentication":{"type":"jwt"},"lifecycle":{"installed":"/installed"},"scopes":["read","write"],"modules":{"dynamicContentMacros":[{"url":"/confluence-signatures?spaceId={space.id}&spaceKey={space.key}&pageId={page.id}&pageVersion={page.version}","description":{"value":"Displays the signatures on a page and allows users to sign"},"icon":{"width":80,"height":80,"url":"/sig.png"},"categories":["admin","reporting"],"outputType":"block","bodyType":"none","featured":true,"key":"signatures","name":{"value":"Signature Panel"}}]},"version":"1.0.0"}