{"key":"electronicsignaturejira","name":"Electronic Signatures - JIRA","description":"Allows JIRA to be used for controlled applications","vendor":{"name":"3Derm Systems, Inc","url":"https://www.atlassian.com/3DermSystems"},"baseUrl":"https://electronic-signature.herokuapp.com","links":{"self":"https://electronic-signature.herokuapp.com/atlassian-connect-jira.json","homepage":"https://electronic-signature.herokuapp.com/atlassian-connect-jira.json"},"authentication":{"type":"jwt"},"lifecycle":{"installed":"/installed"},"scopes":["read","write"],"modules":{"jiraIssueTabPanels":[{"url":"/jira-signatures?issueId={issue.id}","weight":100,"key":"signatures","name":{"value":"Signatures"}}]},"version":"1.0.1"}