{"key":"emaildesk-for-jira","name":"EmailDesk for JIRA","description":"EmailDesk for JIRA add-on","scopes":["READ","WRITE","PROJECT_ADMIN","ADMIN"],"vendor":{"name":"bmSource","url":"http://bmsource.org"},"links":{"self":"https://bmsource.org","documentation":"https://bmsource.org"},"lifecycle":{"disabled":"/uninstall","installed":"/install","uninstalled":"/uninstall"},"baseUrl":"https://bmsource.org","authentication":{"type":"jwt"},"enableLicensing":true,"modules":{"webhooks":[{"event":"jira:issue_updated","url":"/issue-update"}],"webItems":[{"url":"/issue-dialog?issue_key={issue.key}&issue_id={issue.id}&project_id={project.id}","location":"operations-subtasks","context":"addon","name":{"value":"Email this Issue"},"key":"email-this-issue-key","target":{"type":"dialog","options":{}}}],"adminPages":[{"url":"/settings","name":{"value":"EmailDesk for JIRA"},"key":"emaildesk-configuration"}],"generalPages":[{"url":"/user","name":{"value":"EmailDesk User Board"},"key":"emaildesk-board","conditions":[{"condition":"user_is_logged_in","invert":true}]}],"jiraIssueTabPanels":[{"url":"/issue-activity?issue_key={issue.key}&issue_id={issue.id}&project_id={project.id}","key":"emaildesk-tab-panel","weight":100,"name":{"value":"EmailDesk Activity"}}]},"version":"1.2.0"}