<?xml version="1.0" ?>
<atlassian-plugin key="enterprise_tester" name="Enterprise Tester" plugins-version="2">
  <plugin-info>
    <description>Enterprise Tester enhancements</description>
    <version>1.0.1</version>
    <vendor name="Catch Software Ltd." url="http://www.catchsoftware.com" />
  </plugin-info>
  <remote-plugin-container key="container" display-url="http://localhost:8092/" />
  <issue-tab-page key="et_steps_issue_tab" name="Enterprise Tester" url="/ac/issuetab?issue_id=${issue.id}&amp;project_id=${project.id}" />
</atlassian-plugin>