{"key":"esignature","name":"Electronic Signature","description":"Allows confluence and JIRA to be used for controlled applications","vendor":{"name":"3Derm Systems, Inc","url":"https://www.atlassian.com/3DermSystems"},"baseUrl":"https://your-subdomain.herokuapp.com","links":{"self":"https://your-subdomain.herokuapp.com/atlassian-connect.json","homepage":"https://your-subdomain.herokuapp.com/atlassian-connect.json"},"authentication":{"type":"jwt"},"lifecycle":{"installed":"/installed"},"scopes":["read","write"],"modules":{"jiraIssueTabPanels":[{"url":"/jira-signatures?issueId={issue.id}","weight":100,"key":"signatures","name":{"value":"Signatures"}}]},"version":"1.0.0"}