{"key":"eu.prepend.connect.rsvp","name":"RSVP for Confluence OnDemand","vendor":{"name":"Prepend","url":"http://www.prepend.eu"},"baseUrl":"https://ac-rsvp.herokuapp.com","authentication":{"type":"jwt"},"enableLicensing":true,"lifecycle":{"installed":"/lifecycle/installed.php","uninstalled":"/lifecycle/uninstalled.php"},"scopes":["read"],"modules":{"dynamicContentMacros":[{"key":"rsvp-macro","name":{"value":"RSVP"},"url":"/macro/rsvp.php?page_id={page.id}&title={title}&width={width}&button={button}&loggedIn={loggedIn}&max={max}&rsvpId={rsvpId}","categories":["formatting"],"parameters":[{"name":{"value":"Title"},"identifier":"title","type":"string"},{"name":{"value":"Width"},"description":{"value":"Specifiy the width of the macro in pixels."},"identifier":"width","type":"string","defaultValue":"400"},{"name":{"value":"Reply button value"},"identifier":"button","type":"string","defaultValue":"Attend"},{"name":{"value":"Users must be logged in to reply"},"identifier":"loggedIn","type":"boolean","defaultValue":"true"},{"name":{"value":"Maximum Attendees"},"identifier":"max","type":"string"},{"name":{"value":"Unique Identifier"},"description":{"value":"Required when placing more then one RSVP macro on a single page."},"identifier":"rsvpId","type":"string"}]}]},"version":"1.0.0"}