{"key":"eu.prepend.connect.assetsforjira","name":"Asset Management for Jira","description":"Lightweight Asset Management for JIRA OnDemand","enableLicensing":true,"vendor":{"name":"Prepend","url":"https://www.prepend.eu"},"links":{"self":"https://connect.assetsforjira.com/system/plugin-config"},"authentication":{"type":"jwt"},"scopes":["write","read"],"baseUrl":"https://connect.assetsforjira.com","lifecycle":{"installed":"/system/install"},"modules":{"jiraIssueTabPanels":[{"url":"/asset-viewer.html?issueKey=${issue.key}","key":"issue-tab-assets","weight":100,"name":{"value":"Assets"},"conditions":[{"condition":"/conditions/isValidLicense"}]}],"jiraEntityProperties":[{"name":{"value":"Asset"},"key":"entity-property-asset","entityType":"issue","keyConfigurations":[{"extractions":[{"objectName":"asset.id","type":"string"}],"propertyKey":"assets"}]}],"webSections":[{"location":"system.admin.top.navigation.bar","key":"admin-assets-menu","weight":200,"name":{"value":"Assets"}},{"location":"view.issue.opsbar","key":"jam-opsbar-section","weight":15,"name":{"value":"Assets"},"conditions":[{"condition":"/conditions/isValidLicense"},{"condition":"is_issue_editable"},{"condition":"has_issue_permission","params":{"permission":"edit"}}]},{"location":"jam-opsbar-section","key":"jam-opsbar-general","weight":10,"name":{"value":"General"}}],"webItems":[{"url":"/asset-picker.html?issueKey=${issue.key}","key":"web-item-add-asset","name":{"value":"Add Asset"},"location":"jam-opsbar-general","target":{"type":"dialog","options":{"width":"400","height":"300"}}}],"adminPages":[{"name":{"value":"Asset"},"url":"/","key":"admin-page-assets","conditions":[{"condition":"user_is_admin"}],"location":"admin-assets-menu","weight":10}]},"version":"1.1.1"}