{"key":"eu.prepend.connect.relatedissues","name":"Related Issues for JIRA Cloud","vendor":{"name":"Prepend","url":"http://www.prepend.eu"},"baseUrl":"https://ac-relatedissues.herokuapp.com","authentication":{"type":"jwt"},"enableLicensing":true,"lifecycle":{"installed":"/lifecycle/installed.php","uninstalled":"/lifecycle/uninstalled.php"},"scopes":["read","write"],"modules":{"jiraProjectAdminTabPanels":[{"location":"projectgroup4","url":"/app/admin/project.php?project_id={project.id}","weight":100,"key":"related-issues-project-admin","name":{"value":"Related Issues"},"condition":{"condition":"user_is_project_admin"}}],"webPanels":[{"key":"related-issues","name":{"value":"Related Issues"},"url":"/app/view.php?issue_key={issue.key}&project_id={project.id}","location":"atl.jira.view.issue.right.context"}],"generalPages":[{"key":"feedback-dialog","name":{"value":"Feedback Dialog"},"url":"/app/feedback.php","location":"nowhere"}]},"version":"1.0.4"}