<?xml version="1.0" ?>
<atlassian-plugin key="eu.wisoft.gantt-ondemand" name="Gantt OnDemand" plugins-version="2">

	<plugin-info>
		<description>Gantt charts for JIRA OnDemand installations</description>
		<version>0.9.6 Beta</version>
		<vendor name="WISOFT" url="https://wisoft.atlassian.com" />
		<param name="atlassian-licensing-enabled">false</param>

        <permissions>
            <permission>create_oauth_link</permission>
            <permission>browse_projects</permission>
            <permission>create_issues</permission>
        </permissions>
	</plugin-info>

	<remote-plugin-container key="container" display-url="https://atlassian.wisoft.eu">
        <oauth>
            <public-key>
-----BEGIN PUBLIC KEY-----
MIIBIjANBgkqhkiG9w0BAQEFAAOCAQ8AMIIBCgKCAQEAtasvoQ0TqfXCLfnh66jy
b6c/GpCiumZ4V6xrur1fvFZF2HkDaGRoFbQc+Koz1kGD141TsfV8LHqOn/1aA9QK
2v/REPdfIwSe+NPLS6lttv4OvlrZZ/jg0PwJgfw7HaR7HKPHpWkriMiLMeZsquTA
GcBJFE2I1VBu9CAx5v7glVQQ+khvhgD3ONJG7LBP6T1VyYTLnF5QJFjgj3aif+2/
192ve61jXV3vRmP2h6WjXvHcgWv3MupVKuqg8PDdr8KUR7ubLYe3cBQxJeNGARTy
stDrWZ9IqYn6zh3yB0rBnsO1saT+LLPzx5UlqkVWpLojl9RlRJnw4nfih+EDdhJA
bQIDAQAB
-----END PUBLIC KEY-----
            </public-key>
        </oauth>
	</remote-plugin-container>

	<general-page key="gantt-charts" section="browse_link/project_view_all" name="Gantt Charts" url="/chart">
	</general-page>

    <webhook key="installed" event="remote_plugin_installed" url="/chart/hook-handler/installed" />
    <webhook key="remote_plugin_enabled" event="remote_plugin_enabled" url="/chart/hook-handler/remote_enabled" />
    <webhook key="remote_plugin_disabled" event="remote_plugin_disabled" url="/chart/hook-handler/remote_disabled" />
    <webhook key="plugin_enabled" event="plugin_enabled" url="/chart/hook-handler/enabled" />

</atlassian-plugin>