{"key":"eu.wisoft.gantt-ondemand","name":"Gantt Cloud","description":"Gantt charts for JIRA Cloud","vendor":{"name":"WISOFT","url":"https://wisoft.atlassian.com"},"links":{"self":"https://atlassian.wisoft.eu/atlassian-plugin-vkmicic.json","documentation":"https://wisoft.atlassian.net/wiki/display/GanttOnDemand/Documentation"},"lifecycle":{"installed":"/chart/hook-handler/installed","uninstalled":"/chart/hook-handler/uninstalled"},"baseUrl":"https://atlassian.wisoft.eu","authentication":{"type":"jwt"},"enableLicensing":false,"modules":{"generalPages":[{"url":"/chart","key":"gantt-charts","name":{"value":"Gantt Charts"},"location":"browse_link/project_view_all"}]},"scopes":["read","write","admin"],"version":"1.0.6"}