{"name":"Harvest Time Tracking","description":"Harvest is a beloved time tracking application trusted by creative professionals and teams in over 100 countries worldwide. Easily track time from the desktop app, web, Basecamp , Trello, or your mobile device. Drill down into visual reports to keep track of project budgets, and make smarter decisions for your business.","key":"harvest","baseUrl":"https://platform.harvestapp.com","vendor":{"name":"Harvest","url":"http://www.getharvest.com"},"authentication":{"type":"none"},"modules":{"webPanels":[{"name":{"value":"Harvest Time Tracking"},"url":"/platform/atlassian/jira?version=2&external_item_id={issue.id}&external_item_key={issue.key}&external_group_id={project.id}","location":"atl.jira.view.issue.right.context","weight":4,"key":"toggle-timer"}],"generalPages":[{"key":"track-time","name":{"value":"Track Time"},"url":"/platform/timer?format=platform&service=JIRA&external_item_id={issue.id}&external_item_key={issue.key}&external_group_id={project.id}&xdm_integration=atlassian&external_group_name=undefined","location":"none"}]},"scopes":["read"],"version":"1.3.12"}