<?xml version="1.0" ?>
<atlassian-plugin key="harvest" name="Harvest Time Tracking" plugins-version="2">
  <plugin-info>
    <description>Harvest is a beloved time tracking application trusted by creative professionals and teams in over 100 countries worldwide. Easily track time from the desktop app, web, Basecamp , Trello, or your mobile device. Drill down into visual reports to keep track of project budgets, and make smarter decisions for your business.</description>
    <version>1</version>
    <vendor name="Harvest" url="http://www.getharvest.com" />
  </plugin-info>
  <remote-plugin-container key="container" display-url="https://platform.harvestapp.com" />
  <remote-web-panel key="toggle-timer" name="Harvest Time Tracking" application="jira" url="/platform/atlassian/jira?external_item_id=${issue.id}&amp;external_item_key=${issue.key}&amp;external_group_id=${project.id}" location="atl.jira.view.issue.right.context" weight="4" />
</atlassian-plugin>
