{
    "name": "Hello World Json",
    "description": "Atlassian Connect add-on",
    "key": "helloworld19",
    "baseUrl": "https://staging.elastica.net",
    "vendor": {
        "name": "Elastica, Inc",
        "url": "https://staging.elastica.net"
    },
    "version": "1.0",
    "modules": {
        "generalPages": [
            {
                "url": "/connectors/jira/remote_plugin_installed/",
                "name": {
                    "value": "Greeting"
                }
            }
        ]
    },
    "lifecycle": {
        "installed": "/connectors/jira/remote_plugin_installed/",
        "uninstalled": "/connectors/jira/remote_plugin_uninstalled/",
        "enabled": "/connectors/jira/remote_plugin_enabled/",
        "disabled": "/connectors/jira/remote_plugin_disabled/"
    }
}
