<atlassian-plugin key="hello-world-plugin-lifecycle2" name="Hello World Plugin Life Cycle2" plugins-version="2">
<plugin-info>
<description>Hello World Plugin Life cycle</description>
<version>1.0</version>
<vendor name="Elastica" url="http://example.com"/>
<permissions>
<permission>create_oauth_link</permission>
<permission>send_email</permission>
<permission>read_metadata</permission>
<permission>read_user_session_data</permission>
<permission>read_app_links</permission>
</permissions>
</plugin-info>
<remote-plugin-container key="container" display-url="http://71a0b918.ngrok.com">
<oauth>
<public-key>
-----BEGIN PUBLIC KEY----- MIGfMA0GCSqGSIb3DQEBAQUAA4GNADCBiQKBgQDqL7hmk8rpqOo35eFCa9R3+UnQ YImmbOQU+VF/xJCgoCSvVCI86z4PdO3oiLhQsRsddv6zH5xWwjhgREf/mZR5Knts COGoQN7SXAOWEI29SBhefoZqWkVkJ8KlT2DJFkUsIFZo9JGAN5hHDylUcn86FcWY tIh9K34vDkUC0NgLiQIDAQAB -----END PUBLIC KEY-----
</public-key>
</oauth>
</remote-plugin-container>
<!--  plugin modules  -->
<general-page key="hello-world" name="Hello World!" url="/connectors/jira/remote_plugin_installed/"/>
<lifecycle>
<disabled>/connectors/jira/remote_plugin_disabled/</disabled>
<enabled>/connectors/jira/remote_plugin_enabled/</enabled>
<installed>/connectors/jira/remote_plugin_installed/</installed>
<uninstalled>/connectors/jira/remote_plugin_uninstalled/</uninstalled>
</lifecycle>
</atlassian-plugin>
