<?xml version="1.0" ?>
<atlassian-plugin key="houston" name="Houston" plugins-version="2">
  <plugin-info>
      <description>Identify when an experiment is running on the instance you are inspecting</description>
      <version>1</version>
      <vendor name="Atlassian" url="https://developer.atlassian.com" />
  </plugin-info>
  <remote-plugin-container key="container" display-url="https://houston.internal.atlassian.com/spotter">
  </remote-plugin-container>
  <issue-panel-page key="issuepanel" name="Houston" url="/index.html?issue_id=${issue.id}&amp;project_id=${project.id}" application="jira">
      <conditions>
          <condition name="has_issue_permission">
              <param name="permission">edit</param>
              <param name="permission">assignable</param>
              <param name="permission">link</param>
          </condition>
      </conditions>
  </issue-panel-page>
</atlassian-plugin>
