{"name":"Houston","description":"Identify when an experiment is running on the instance you are inspecting","key":"houston","baseUrl":"https://houston.internal.atlassian.com/spotter","baseUrl":"https://localhost:5003","vendor":{"name":"Atlassian","url":"https://developer.atlassian.com"},"authentication":{"type":"none"},"modules":{"webPanels":[{"url":"/index.html?issue_id={issue.id}&project_id={project.id}","location":"atl.jira.view.issue.right.context","weight":150,"key":"issuepanel","name":{"value":"Houston"},"conditions":[{"condition":"has_issue_permission","params":{"permission":"edit"}},{"condition":"has_issue_permission","params":{"permission":"assignable"}},{"condition":"has_issue_permission","params":{"permission":"link"}}]}]},"version":"1.0.1"}