
<!-- # `atlassian-plugin.xml` This file is a manifest of all the components used to describe your add-on's features. For information about what 
	Atlassian Connect components are available for use in this file visit the [Interactive Descriptor Guide](https://developer.atlassian.com/static/connect). -->
<atlassian-plugin key="hydra" name="Hydra Plugin" plugins-version="2"
	xmlns="https://remoteapps.jira.com/rest/remotable-plugins/1/installer/schema/atlassian-plugin">

	<plugin-info>
		<description>Hydra Messaging Service</description>
		<version>0.0.1-SNAPSHOT</version>
		<vendor name="PluginPeople" url="https://thepluginpeople.atlassian.net" />
		<!-- 			[Interactive Descriptor Guide](https://developer.atlassian.com/static/connect) * [JIRA](https://developer.atlassian.com/static/connect/#jira/permissions) 
			* [Confluence](https://developer.atlassian.com/static/connect/#confluence/permissions) -->
		<permissions>
			<!-- create_oauth_link is required if you want to protect your add-on with OAuth authentication	
			[execute_java, execute_native, use_private_api, use_private_modules, insert_web_resources, send_email, make_http_requests, intercept_requests, store_data, use_db_connection, access_filesystem, generate_any_html, use_reflection, create_classloaders, create_oauth_link, read_app_links, modify_app_link, define_plugin_permission, read_users_and_groups, browse_projects, create_issues, edit_issues, resolve_issues, read_user_session_data, read_user_session_data]
			 -->
			<permission>create_oauth_link</permission>
			<permission>insert_web_resources</permission>
			<permission>store_data</permission>
			<permission>make_http_requests</permission>
			<permission>create_issues</permission>
			<permission>browse_projects</permission>
			<permission>edit_issues</permission>
			<permission>resolve_issues</permission>
			</permissions>
			
			<!-- add additional permissions here, as needed -->
				<param name="documentation.url">https://thepluginpeople.atlassian.net/wiki/display/JEMH/JEMH+Home</param>
				<param name="configure.url">/plugins/servlet/atlassian-connect/hydra/configuration</param>

	</plugin-info>

	<remote-plugin-container key="container" display-url="http://hydra-test.elasticbeanstalk.com">
		<!-- 			no need to add it here. At run-time, the publicKey token below will be populated with your real public-key.pem. -->
		<oauth>
			<public-key>-----BEGIN PUBLIC KEY----- MIGfMA0GCSqGSIb3DQEBAQUAA4GNADCBiQKBgQCrEisN19vmayBXdqwCs/zYKJA4 UPv05RKi/VqYPCgHphMIgnrNag3o/SQhzB7OeZnSKUyRm7M4VYAZDyU1YYdJuXSX Jm0Gmx4hRMH6TCmVx0VyhLV5skkbdweigmsDZ2ktEQYpLbfOTJu4KDIxMl/hp2WS j/R8M7tFDiIAXoCOgwIDAQAB -----END PUBLIC KEY-----</public-key>
		</oauth>
	</remote-plugin-container>

	<!-- 		webhook is a special webhook that `atlassian-connect-express` will automatically handle for you. When your add-on is enabled inside a JIRA or 
		Confluence host, that host will send a POST to your add-on with information about that host (i.e., host clientKey, host public key, etc.). If 
		you define your own hooks, you'll need to create POST routes to handle them. For more information on the webhooks available, check out the [Interactive 
		Descriptor Guide](https://developer.atlassian.com/static/connect). * [JIRA](https://developer.atlassian.com/static/connect#jira/webhook) * [Confluence](https://developer.atlassian.com/static/connect#confluence/webhook) 
		<webhook key="enabled" event="remote_plugin_enabled" url="/enabled"/> -->
	<webhook key="remote_plugin_enabled" event="remote_plugin_enabled" url="/webhook/remote_plugin_enabled" />
	<!--  
	<webhook key="remote_plugin_disabled" event="remote_plugin_disabled" url="/webhook/remote_plugin_disabled" />
	<webhook key="remote_plugin_installed" event="remote_plugin_installed" url="/webhook/remote_plugin_installed" />
	<webhook key="server_upgraded" event="server_upgraded" url="/webhook/server_upgraded" />
	<webhook key="plugins_upgraded" event="plugins_upgraded" url="/webhook/plugins_upgraded" />
	<webhook key="plugin_enabled" event="plugin_enabled" url="/webhook/plugin_enabled" />
	-->

	<!-- 		Currently they're implemented as [seamless iframes](https://developer.atlassian.com/static/connect/#confluence/webhook). Some of these page components 
		can be viewed as full pages wrapped with JIRA or Confluence's layout. And others might be implemented as smaller web fragments on the page, such 
		as tabs or sidebar panels. All of the page components available can be found on the [Interactive Descriptor Guide](https://developer.atlassian.com/static/connect) 
		starting with `*-page`. * [JIRA](https://developer.atlassian.com/static/connect#jira) * [Confluence](https://developer.atlassian.com/static/connect#confluence) -->

	<configure-page key="configuration" name="Hydra SA Configuration" url="/page/configuration" />
	<general-page key="welcome" name="Hydra SA Welcome" section="system.top.navigation.bar" url="/page/welcome" />

	
<!--  	<issue-tab-page key="issue-tab-page" name="Hydra Tab Page" url="/page/issue-tab-page" /> -->
<!-- 	<dialog-page key="dialog-page" name="Hydra Dialog" url="/page/dialog-page" /> -->
<!-- 	<admin-page key="admin-page" name="Hydra Admin" url="/page/admin-page" /> -->
<!-- 	<project-config-tab key="project-config-tab" name="Hydra Project Config Tab" url="/page/project-config-tab" -->
<!-- 		location="" weight="1" /> -->
<!-- 	<profile-page key="profile-page" name="Hydra Profile Page" url="/page/profile-page" /> -->
<!-- 	<project-tab-page key="project-tab-page" name="Project Tab Page" url="/page/project-tab-page" /> -->
<!-- 	<project-tab-page key="issue-panel-page" name="Issue Panel Page" url="/page/issue-panel-page" /> -->

</atlassian-plugin>
