

<atlassian-plugin key="ink-file-picker-confluence" name="Ink File Picker for Confluence" plugins-version="2">
     
    <plugin-info>
        <description>Import files from: Dropbox, Box, Google Drive, Evernote, Skydrive, Github, Gmail, Alfresco, Link, FTP, WebDav and 7 sources for images (Picasa, Webcam, Video, Facebook, Instagram, Flickr, Image Search)</description>
        <version>1.0</version>
        <vendor name="Ink File Picker" url="http://inkfilepicker.com"  />
        <param name="atlassian-licensing-enabled">true</param>
        <permissions>
            <permission>create_oauth_link</permission> 
        </permissions>
    </plugin-info>


    <remote-plugin-container key="_container" display-url="https://desolate-beach-6557.herokuapp.com">
        <oauth>
            <public-key>-----BEGIN PUBLIC KEY-----
MIGfMA0GCSqGSIb3DQEBAQUAA4GNADCBiQKBgQCgl8KIvhU8PdIb98mh1l4AAz5E
75bvPHXf1r1B4TU6wBcxoiFpxlFh72YLUNfZIXbZXWbOKutGlc/Xf0n2rKWUOBLr
z5JcweAi0IrEi3ThdQf/RAZDcldommoD9ZffFPhSi3I/uNHg1s6PxngCzJ157GGu
OzQWiK0nDiOSKH3bDQIDAQAB
-----END PUBLIC KEY-----
</public-key>
        </oauth>
    </remote-plugin-container>

    <webhook key="_registration" event="remote_plugin_enabled" url="/remote_plugin_enabled"/>

    
    <general-page key="general" section="system.content.action" icon-url="/assets/images/Logo16x16.png" name="Cloud Attachments" url="/filepicker/attachments-macro/stand-alone?my_page_id=${page.id}&amp;ctx_page_id=${page.id}" />   
    <admin-page key="file-picker-admin-page" name="Ink File Picker Settings" url="/filepicker/settings"/>   
    <webhook key="remote_plugin_enabled" event="remote_plugin_enabled" url="/filepicker/install" />
        
    <macro-page icon-url="/assets/images/Logo16x16.png" key="embed-cloud-file" name="Embed Cloud File" featured="true" output-type="inline" body-type="none" url="/filepicker/render-macro" >
      <description>Embed cloud file and insert it to the page</description>
      <alias>Embed Cloud File</alias>
      <category name="media"></category>
      <macro-editor url="/filepicker/mymacro" width="1000" height="650" />
      <context-parameters>
          <context-parameter name="page_id"/>
          <context-parameter name="user_id"/>
          <!-- 
          <context-parameter name="output_type"/>
          <context-parameter name="page_type"/>
          <context-parameter name="page_title"/>
           -->
        </context-parameters>         
    </macro-page>

    <macro-page icon-url="/assets/images/Logo16x16.png" key="embed-cloud-file-list" name="Embed Cloud File List" featured="false" output-type="block" body-type="none" url="/filepicker/attachments-macro" >
        <description>Display all embeded cloud files attached to the page</description>
        <alias>Embed Cloud File List</alias>
        <category name="media"></category>
        <context-parameters>
          <context-parameter name="page_id"/>
          <context-parameter name="user_id"/>
        </context-parameters>         
    </macro-page>

</atlassian-plugin>