{"name":"Aha! Product Roadmaps","description":"Aha! is the new way to create brilliant roadmaps. Stop building your product strategy in PPT, capturing ideas in email, and manually keeping your roadmap fresh. Aha! is the one tool that you can integrate with Jira to to get your product mojo back.","key":"io.aha.connect","baseUrl":"https://secure.aha.io","vendor":{"name":"Aha! Labs Inc","url":"http://www.aha.io/"},"lifecycle":{"disabled":"/external/atlassian_connect/remote_plugin_disabled","enabled":"/external/atlassian_connect/remote_plugin_enabled","installed":"/external/atlassian_connect"},"authentication":{"type":"jwt"},"modules":{"webhooks":[{"event":"jira:issue_updated","url":"/external/atlassian_connect/jira_issue_updated"},{"event":"jira:worklog_updated","url":"/external/atlassian_connect/jira_issue_updated"}],"configurePage":{"url":"/external/atlassian_connect/new","key":"configure","name":{"value":"Configure Aha! Integration"}}},"scopes":["read","write","project_admin","admin"],"version":"1.1.1"}