<?xml version="1.0" ?>
<atlassian-plugin key="io.aha.connect" name="Aha! Product Roadmaps" plugins-version="2">
  <plugin-info>
    <description>Aha! is the new way to create brilliant roadmaps. Stop building your product strategy in PPT, capturing ideas in email, and manually keeping your roadmap fresh. Aha! is the one tool that you can integrate with Jira to to get your product mojo back.</description>
    <version>1.0.2</version>
    <vendor name="Aha! Labs Inc" url="http://www.aha.io/" />
    
    <permissions>
      <permission>create_oauth_link</permission>
      <permission>read_metadata</permission>
      <permission>create_issues</permission>
      <permission>edit_issues</permission>
      <permission>resolve_issues</permission>
      <permission>browse_projects</permission>
    </permissions>
    
    <param name="configure.url">/plugins/servlet/atlassian-connect/io.aha.connect/aha-configure-page</param>
  </plugin-info>
  
  <remote-plugin-container key="container" display-url="https://secure.aha.io">
    <oauth>
      <public-key>
        -----BEGIN PUBLIC KEY-----
        MIIBIjANBgkqhkiG9w0BAQEFAAOCAQ8AMIIBCgKCAQEA4PTbC95Sk4L4tL7xXbgw
        fONnbUEqCc2SyifXjxaivLn1M3m8DRl+HY6Wxd1RSapk2gL1KbkIKob7gsRxFrk+
        FUIw6zOdU9KI+vjpjrTRVj3XCbXamjC0ZLm92JPHy45/sWr6jPgYUXD8yUVMI5xv
        H2o7QmwAGgrzUvd34NBcVyV7yvfdXqfaMKFBFkvGtg4c7EcIwna6iYirj+bCWzD1
        PEiD5EAB+kOvuVPBK3iC4T9VasOaPHeWnG1ZznLnp8qOsA3/KG/kBF1bHuLRTHvk
        LXb0cxwLRrUWrDbIPF5XtpAkl+G3XK/rbjmRXs3a2j8w8fnuzRQX+LQPQczZ4P96
        VQIDAQAB
        -----END PUBLIC KEY-----
      </public-key>
    </oauth>
  </remote-plugin-container>

  <configure-page key="aha-configure-page" name="Aha!" url="/external/atlassian_connect/new" />
  
  <webhook key="installed" event="remote_plugin_installed" url="/external/atlassian_connect"/>
  <webhook key="remote-plugin-enabled" event="remote_plugin_enabled" url="/external/atlassian_connect/remote_plugin_enabled"/>
  <webhook key="remote-plugin-disabled" event="remote_plugin_disabled" url="/external/atlassian_connect/remote_plugin_disabled"/>

  <webhook application="jira" key="jira-issue-updated" event="jira:issue_updated" url="/external/atlassian_connect/jira_issue_updated"/>
</atlassian-plugin>