{"name":"JODA","description":"JODA add-on","key":"io.joda.addon","baseUrl":"https://joda-c9-afxok.c9.io","vendor":{"name":"Farwell Project Advisors, LLC.","url":"http://farwellproject.com"},"authentication":{"type":"none"},"modules":{"generalPages":[{"url":"/index.html","key":"joda","name":{"value":"JODA"}}]},"jiraWorkflowPostFunctions":[{"description":{"value":"My Description","i18n":"my.function.desc"},"triggered":{"url":"/api/wr-issue-closed"},"key":"workflow-example","name":{"value":"My Function","i18n":"my.function.name"}}],"version":"1.0.2"}