<?xml version="1.0" encoding="utf-8"?>
<atlassian-plugin key="itofinity_connect_one" name=".NET Connect One" plugins-version="2"
                  xmlns="https://monitor.jira.com/rest/remotable-plugins/1/installer/schema/atlassian-plugin-remotable">
  <plugin-info>
    <description>Atlassian Connect .NET add-on</description>
    <version>1</version>
    <vendor name="Atlassian Pty" url="https://developer.atlassian.com" />
  </plugin-info>

  <remote-plugin-container key="container" display-url="http://itofinity-connect-one.azurewebsites.net">
  </remote-plugin-container>
  <general-page key="general" name="Atlassian Connect .NET" url="/publicinfo">
  </general-page>
  <general-page key="general-thing" name="Atlassian Connect .NET - Thing" url="/ConnectThing">
  </general-page>
  <general-page key="general-connect-thing" name="Atlassian Connect .NET - Thing Connect" url="/ConnectThing">
  </general-page>
</atlassian-plugin>
