<?xml version="1.0" ?>
<atlassian-plugin key="ivan_key2" name="My Activity2" plugins-version="2">
    <plugin-info>
        <description>Atlassian Connect add-on</description>
        <version>1</version>
        <vendor name="Mercury Development, LLC" url="https://85.113.60.37" />
    </plugin-info>
    <remote-plugin-container key="container" display-url="https://85.113.60.37">
    </remote-plugin-container>
    <general-page key="general" name="My Activity2" url="/debug/myactivity.html">
    </general-page>
</atlassian-plugin>
