<?xml version="1.0" ?>
<atlassian-plugin key="jenkins-connect" name="Jenkins" plugins-version="2">

    <plugin-info>
        <description>Shows Jenkins build status for each issue</description>
        <version>0.1.0</version>
        <vendor name="inEvo" url="http://www.inevo.pt" />
        <permissions>
            <permission>read_app_links</permission>
        </permissions>
    </plugin-info>

    <remote-plugin-container key="container" display-url="http://stuff.inevo.pt/atlassian-connect/jenkins-connect/">
    </remote-plugin-container>

    <issue-tab-page key="jenkins" name="Builds" url="/index.html"/>

</atlassian-plugin>
