<?xml version="1.0" ?>
<atlassian-plugin key="jiraTest" name="Jira Test" plugins-version="2">
    <plugin-info>
        <description>Atlassian Connect add-on</description>
        <version>1</version>
        <vendor name="My Organization, Inc" url="https://developer.atlassian.com" />
    </plugin-info>
    <remote-plugin-container key="container" display-url="http://57cdb8e.ngrok.com:8000">
    </remote-plugin-container>
    <general-page key="general" name="Greeting" url="/helloworld.html">
    </general-page>
</atlassian-plugin>