<atlassian-plugin key="jira-flapps-connect" name="Jira Flapps connector" plugins-version="2">
    
    <plugin-info>
        <description>Jira to Flapps connector</description>
        <version>1.1-SNAPSHOT</version>
        <vendor name="Flapps Inc." url="http://www.flapps.com"/>
        <permissions>
            <permission>create_oauth_link</permission>
        </permissions>

	<param name="documentation.url">http://www.flapps.com/jira/</param>
	<param name="configure.url">/plugins/servlet/atlassian-connect/jira-flapps-connect/config</param>
    </plugin-info>


    <remote-plugin-container key="_container" display-url="https://jira.flapps.com:446/">
        <oauth>
            <public-key>-----BEGIN PUBLIC KEY-----
MIGfMA0GCSqGSIb3DQEBAQUAA4GNADCBiQKBgQCZJXp1jvZqVYYnfGAuM/e/PnTZ
Qp8SlCS0FVkXuf3GOLS1U/bVEhvknz681c7XHJ26g43NO6IxEB7p2DoOPLQ2zhu9
jX6F6yizO9fRyRQlVbnVXT95bn+lb7t6yb4PafYcaOaaupVo49V48KxEz+wGMaYC
IKCUn4po4W6HZ1jjSwIDAQAB
-----END PUBLIC KEY-----</public-key>
        </oauth>
    </remote-plugin-container>

    <webhook key="_registration" event="remote_plugin_enabled" url="/remote_plugin_enabled"/>

    

	<webhook key="worklog_updated" event="jira:worklog_updated" url="/worklog_update"/>

	<configure-page key="config" name="Configure Flapps Connector" url="/config" height="250"/>

</atlassian-plugin>
