{"key":"lambda-plugin","name":"Lambda Plugin","description":"Decode JIRA issue fields","vendor":{"name":"Andriy zhdanov","url":"http://www.lambdaplugin.com"},"baseUrl":"https://lambda-plugin.herokuapp.com","links":{"self":"https://lambda-plugin.herokuapp.com/atlassian-connect.json","homepage":"https://lambda-plugin.herokuapp.com/atlassian-connect.json"},"authentication":{"type":"jwt"},"lifecycle":{"installed":"/installed"},"modules":{"generalPages":[{"location":"find_link/issues_new","name":{"value":"Decode issue fields"},"url":"/search","key":"search","conditions":[{"condition":"user_is_logged_in"}]}]},"scopes":["READ"],"version":"1.0.3"}