{"key":"learn-atlassian-connect","name":"Learn Atlassian Connect","description":"Learn about Atlassian Connect with an interactive tutorial","vendor":{"name":"Atlassian","url":"https://www.atlassian.com/"},"baseUrl":"https://learn-connect.herokuapp.com","links":{"self":"https://learn-connect.herokuapp.com/atlassian-connect.json","homepage":"https://learn-connect.herokuapp.com/atlassian-connect.json"},"authentication":{"type":"jwt"},"lifecycle":{"installed":"/installed"},"scopes":["READ"],"modules":{"generalPages":[{"key":"lconnect","location":"system.user.options/jira-help","name":{"value":"Learn Connect"},"url":"/learn","conditions":[{"condition":"user_is_logged_in"}]},{"key":"auiexample","location":"system.user.options/jira-help","name":{"value":"AUI Example"},"url":"/general-page","conditions":[{"condition":"user_is_logged_in"}]},{"key":"dialog1","name":{"value":"Dialog 1"},"url":"/dialog1","location":"none"}],"jiraProjectTabPanels":[{"key":"project-tab-panel","name":{"value":"Next Instructions Here!"},"url":"/project-tab-page","conditions":[{"condition":"user_is_logged_in"}]}]},"version":"1.0.6"}