{"name":"Lucidchart","description":"Create Lucidchart diagrams and add them to Confluence","key":"lucidchart-app","baseUrl":"https://www.lucidchart.com/ondemand","vendor":{"name":"Lucidchart","url":"https://www.lucidchart.com"},"apiVersion":2,"authentication":{"type":"oauth","publicKey":"-----BEGIN PUBLIC KEY-----\nMIGfMA0GCSqGSIb3DQEBAQUAA4GNADCBiQKBgQCcL0vy51d7p+gT2YaCeO1P0dsr\nrKSMq9aELONb/eZz/nlNAYkwvl/LO+EcfiM8Al/X/fb9wIHMAXe22VgkCPN41rlX\n3bc2uEk9WYyHk2CVIfZ5ZNKqmZxCqgGkjBtaySop3V2TCjryrPpTOXDmoTTO6x7i\n+8xyKIt3KS2CcM3ccQIDAQAB\n-----END PUBLIC KEY-----"},"lifecycle":{"installed":"/remotePluginInstalled"},"scopes":["WRITE","READ","DELETE"],"modules":{"generalPages":[{"key":"lucidAppGeneral","name":{"value":"Insert Lucidchart Diagram"},"url":"/documents?page_id={page.id}&page_type={page.type}&attachment={page.version}","location":"system.content.action/secondary","params":{"description":"Insert or Create a Lucidchart Diagram"}},{"key":"lucidAppRemove","name":{"value":"Remove Lucidchart Diagram"},"url":"/removeDiagram?page_id={page.id}&page_type={page.type}&page_version={page.version}","location":"none"},{"key":"lucidAppAccessDenied","name":{"value":"Access Denied to Lucidchart Diagram"},"url":"/denied","location":"none"}],"configurePage":{"key":"lucidAppAdmin","name":{"value":"Configure Lucidchart Plugin"},"url":"/appAdmin"},"staticContentMacros":[{"name":{"value":"Lucidchart"},"key":"lucidchart","method":"get","url":"/generateMacro?user_id={user.id}&page_id={page.id}&page_title={page.title}&page_type={page.type}&output_type={output.type}&width={width}&height={height}&id={id}&align={align}&name={name}","description":{"value":"Create a Lucidchart Diagram"},"icon":{"height":64,"width":64,"url":"/img/branding/chart_appicon_64.png"},"categories":["media"],"outputType":"block","bodyType":"none","imagePlaceholder":{"url":"/ondemand/imagePlaceHolder"},"parameters":[{"identifier":"width","name":{"value":"Width"},"type":"string","defaultValue":"700"},{"identifier":"height","name":{"value":"Height"},"type":"string"},{"identifier":"id","name":{"value":"Id (DONT MODIFY)"},"type":"string"},{"identifier":"align","name":{"value":"Alignment"},"type":"enum","defaultValue":"Left","values":["Left","Right","Center"]},{"identifier":"name","name":{"value":"Lucid Name (DONT MODIFY)"},"type":"string"}]}]},"version":"2.0.7"}