{"key":"mpac-add-on","name":"MPAC addon","description":"marketplace.atlassian.com Confluence add-on","vendor":{"name":"Atlassian","url":"https://bitbucket.org/mjensen/mpac-add-on"},"baseUrl":"https://mpac-add-on.herokuapp.com","links":{"self":"https://mpac-add-on.herokuapp.com/atlassian-connect.json","homepage":"https://mpac-add-on.herokuapp.com/atlassian-connect.json"},"authentication":{"type":"none"},"lifecycle":{"installed":"/installed"},"modules":{"dynamicContentMacros":[{"url":"/v1/mpac-connect-plugins?product={product}&fields={fields}&includeTitle={includeTitle}&includeAtlassian={includeAtlassian}&includeAtlassianLabs={includeAtlassianLabs}&includeOther={includeOther}","description":{"value":"List all connect plugins on MPAC."},"name":{"value":"mpac-connect-plugins"},"categories":["external-content"],"outputType":"block","bodyType":"none","key":"mpac-connect-plugins","aliases":["connect-plugins"],"parameters":[{"identifier":"product","name":{"value":"Product"},"type":"enum","required":true,"defaultValue":"Confluence","values":["Confluence","JIRA"]},{"identifier":"fields","name":{"value":"Fields"},"type":"string","defaultValue":"name,vendor.name,summary"},{"identifier":"includeTitle","name":{"value":"Include Title"},"type":"boolean","defaultValue":"true"},{"identifier":"includeAtlassian","name":{"value":"Include Atlassian and Atlassian Labs vendors"},"type":"boolean","defaultValue":"true"},{"identifier":"includeOther","name":{"value":"Include Other vendors"},"type":"boolean","defaultValue":"true"}]}]},"version":"1.0.2"}