<atlassian-plugin key="mpac.gen.0bff2f00-fec4-4c2e-8373-a5a703921e44" name="Sample Connect Add-On" plugins-version="2">
      <plugin-info>
        <description>Description of Sample Connect Add-On</description>
        <version>1.0</version>
        <vendor name="Atlassian Plugin Generator" url="http://example.com"/>
        <permissions>
            <permission>browse_projects</permission>
            <permission>create_issues</permission>
          </permissions>
        
        <param name="plugin-icon">images/pluginIcon.jpg</param>
        <param name="plugin-logo">images/pluginLogo.jpg</param>
        <param name="plugin-banner">images/pluginBanner.jpg</param>
        <param name="vendor-icon">images/vendorIcon.jpg</param>
        <param name="vendor-logo">images/vendorLogo.jpg</param>
      </plugin-info>
      <remote-plugin-container key="container" display-url="https://dl-web.dropbox.com/spa/titk8bg0yehpknk/mpac.gen.0bff2f00-fec4-4c2e-8373-a5a703921e44"></remote-plugin-container><general-page key="general" name="licensing-test" url="/general-page/index.html"></general-page>
      
    </atlassian-plugin>