{
  "key": "my-add-on",
  "name": "Ping Pong",
  "description": "My very first add-on",
  "vendor": {
    "name": "Angry Nerds",
    "url": "https://www.atlassian.com/angrynerds"
  },
  "baseUrl": "http://CHANG:3000",
  "links": {
    "self": "http://CHANG:3000/atlassian-connect.json",
    "homepage": "http://CHANG:3000/atlassian-connect.json"
  },
  "authentication": {
    "type": "jwt"
  },
  "lifecycle": {
    "installed": "/installed"
  },
  "modules": {
    "generalPages": [
      {
        "location": "system.top.navigation.bar",
        "name": {
          "value": "Hello World"
        },
        "url": "/hello-world",
        "conditions": [
          {
            "condition": "user_is_logged_in"
          }
        ]
      }
    ]
  },
  "scopes": [
    "READ",
    "WRITE"
  ]
}