{"key":"my-add-on-history-example","name":"Ping Pong","description":"My very first add-on","vendor":{"name":"Angry Nerds","url":"https://www.atlassian.com/angrynerds"},"baseUrl":"https://polar-plains-7094.herokuapp.com","links":{"self":"https://polar-plains-7094.herokuapp.com/atlassian-connect.json","homepage":"https://polar-plains-7094.herokuapp.com/atlassian-connect.json"},"authentication":{"type":"none"},"modules":{"generalPages":[{"key":"hello-world-page-jira","location":"system.top.navigation.bar","name":{"value":"Hello World"},"url":"/hello-world","conditions":[{"condition":"user_is_logged_in"}]},{"key":"hello-world-page-confluence","location":"system.header/left","name":{"value":"Hello World"},"url":"/hello-world","conditions":[{"condition":"user_is_logged_in"}]}]},"version":"1.0.2"}