<?xml version="1.0" ?>
<atlassian-plugin key="my_ac" name="My Activity" plugins-version="2">
    <plugin-info>
        <description>My Activity</description>
        <version>1</version>
        <vendor name="Ivan" url="https://ivantrial.attlasian.net" />
    </plugin-info>
    <remote-plugin-container key="container" display-url="http://85.113.60.37">
    </remote-plugin-container>
    <general-page key="general" name="My Activity" url="/myac/MyActivityReport.html">
    </general-page>
</atlassian-plugin>