<atlassian-plugin key="my_work_calendar" name="My Work Calendar" plugins-version="2">
   <plugin-info>
      <description>My Work Calendar add-on</description>
      <version>1.1.1</version>
      <vendor name="Volodymyr Krupach" url="https://jira-work-calendar.com"/>
      <permissions>
         <permission>create_oauth_link</permission>
      </permissions>
   </plugin-info>
   <remote-plugin-container key="_container" display-url="https://jira-work-calendar.com">
      <oauth>
         <public-key>-----BEGIN PUBLIC KEY-----
MIGfMA0GCSqGSIb3DQEBAQUAA4GNADCBiQKBgQCpAd8JplBrm4zXiD6mG9GFewQx
CwJac+Bn5hKCdNagR2BCaf1ALkc35X8kqipLO3ubrOqi4Rb/ZpfX321EiVNL4old
KnifPTQiHXU4jJT+t+nDBIW8MEhT0D/86/RO/f9vir4oxi/ySNBV0jYMtcVZj+BK
nJwX8R6CTILmhBhP+QIDAQAB
-----END PUBLIC KEY-----</public-key>
      </oauth>
   </remote-plugin-container>
   <webhook key="_registration" event="remote_plugin_enabled" url="/remote_plugin_enabled"/>
   <general-page key="general" name="My Work" url="/calendar">
      <conditions>
         <condition name="user_is_logged_in"/>
      </conditions>
   </general-page>
</atlassian-plugin>
