<?xml version="1.0" ?>
<atlassian-plugin key="myaddon_create_issue_from_template3" name="Create Issue from Template" plugins-version="2">

    <plugin-info>
        <description>Atlassian Connect add-on</description>
        <version>1</version>
        <vendor name="Silverline, Inc" url="https://developer.atlassian.com" />
    </plugin-info>
	
    <remote-plugin-container key="container" display-url="https://dl.dropboxusercontent.com/s/ipo55unmvmvd09o"></remote-plugin-container>
    <dialog-page key="general" name="Create Issue from Template" url="/helloworld.html"></dialog-page>

	<!--
    <dialog-page key="general" name="Greeting" url="/helloworld.html" section="find_link/issues_new" weight="40">
    </dialog-page>
	
	
	
	
	<web-section key="my_links_section" name="My Links Main Section" location="my_links_link" weight="10"/>
 
 
    <web-item key="my_links_link" name="Link on My Links Main Section" section="system.top.navigation.bar" weight="47">
       <label>My Company</label>
       <link linkId="my_links_link">http://www.atlassian.com</link>
    </web-item>
 
 
    <web-item key="website_link" name="Company Web Site" section="my_links_link/my_links_section" weight="10">
        <label>Web Site</label>
        <link linkId="website_link">http://www.atlassian.com</link>
    </web-item>
 
    <web-item key="documentation_link" name="Documentation Web Site" section="my_links_link/my_links_section" weight="10">
        <label>Documentation</label>
        <link linkId="documentation_link">http://confluence.atlassian.com</link>
    </web-item>	
	
	-->
	

	
	
	
	
	
	<!--
	<web-item key="issues_new_issue_link" name="New Issue Menu Link" section="find_link/issues_new"
              i18n-name-key="webfragments.navigation.bar.issues.item.new.issue" weight="30">
		<label>Create issue from template</label>
        <styleClass>create-issue</styleClass>
        <tooltip>Proba2</tooltip>
        <link linkId="issues_new_issue_link">/secure/CreateIssue!default.jspa</link>
        <condition class="com.atlassian.jira.plugin.webfragment.conditions.UserHasVisibleProjectsCondition">
            <param name="permission">create</param>
        </condition>
    </web-item>	
	-->

	
	
	
	<!--
    <web-item key="proba_link" name="Doc Web Site" section="find_link/issues_new" weight="10">
        <label>Create issue from template</label>
        <link linkId="doc_link">http://confluence.atlassian.com</link>
    </web-item>	
	-->
	
	
	<!--
<webwork1 key="HelloWorld" name="Hello World Action Example" i18n-name-key="action.hello.world.name">
    <description key="action.hello.world.desc">Webwork plugin example that prints hello world. Can also specify a name to say hello to.</description>
    <resource type="i18n" name="i18n" location="com.atlassian.jira.web.action.HelloWorldAction" />
    <actions>
        <action name="com.example.jira.web.action.HelloWorldAction" alias="Hello">
            <view name="input">/templates/example/helloworld_input.vm</view>
            <view name="success">/templates/example/helloworld.vm</view>
        </action>
    </actions>
</webwork1>
 
<web-section key="example1" name="Example Section" i18n-name-key="section.example.one.name" location="system.admin" weight="105">
    <description key="section.example.one.desc">Example section in the admin page with example links</description>
    <label key="section.example.one.label" />
</web-section>
 
<web-item key="google_home" name="Google Home" i18n-name-key="item.google.home.name" section="system.admin/example1" weight="10">
    <description key="item.google.home.desc">Static link to google.com.</description>
    <label key="item.google.home.label" />
    <link linkId="google_home">http://google.com</link>
</web-item>
 
<web-item key="hello_world" name="Greet world link" i18n-name-key="item.hello.world.name" section="system.admin/example1" weight="20">
    <description key="item.hello.world.desc">Static link to the HelloWorld action with no name parameter.</description>
    <label key="item.hello.world.label" />
    <link linkId="hello_world">/secure/Hello!default.jspa</link>
    <condition class="com.atlassian.jira.plugin.webfragment.conditions.UserLoggedInCondition" />
</web-item>
 
<web-item key="filter_closed" name="Closed Issues Filter" i18n-name-key="item.filter.closed.name" section="system.preset.filters" weight="25">
    <description key="item.filter.closed.desc">Custom preset-filter to find closed issues in current project</description>
    <label key="item.filter.closed.label" />
    <link linkId="filter_closed">/secure/IssueNavigator.jspa?reset=true&amp;pid=$helper.project.id&amp;status=6&amp;sorter/field=issuekey&amp;sorter/order=DESC</link>
</web-item>	
	-->
</atlassian-plugin>