<?xml version="1.0" ?>
<atlassian-plugin key="net.kueken.confluence.connect.helloworld" name="Hello World" plugins-version="2">
    <plugin-info>
        <description>Atlassian Connect Hello World</description>
        <version>1</version>
        <vendor name="Alexander Küken" url="http://www.kueken.net" />
    </plugin-info>
    <remote-plugin-container key="container" display-url="http://upm.kueken.net/helloworld">
    </remote-plugin-container>
    <general-page key="general" name="Greeting" url="/helloworld.html">
    </general-page>
</atlassian-plugin>