{"key":"nii-application-bo","name":"NII Application BO Calculator","description":"NII Application BO Calculator remote service","vendor":{"name":"atSistemas","url":"http://www.atsistemas.com"},"baseUrl":"https://www.thinkalling.net/ondemand","authentication":{"type":"none"},"modules":{"jiraWorkflowPostFunctions":[{"description":{"value":"Wait postfunction"},"triggered":{"url":"/wait"},"key":"wait-postfunction","name":{"value":"Wait for webhook"},"create":{"url":"/create.jsp"},"view":{"url":"/view.jsp"},"edit":{"url":"/edit.jsp"}}]},"scopes":["write","read"],"version":"1.0.5"}