<atlassian-plugin key="nl.avisi.confluence.plugins.numberedheadings-connect" name="Numbered Headings" plugins-version="2"
  xmlns="https://remoteapps.jira.com/rest/atlassian-connect/1/installer/schema/atlassian-plugin">

  <plugin-info>
    <description>Numbered Headings for Confluence OnDemand</description>
    <version>1.0.0</version>
    <vendor name="Avisi B.V." url="http://avisi.nl"/>

    <permissions>
      <permission>create_oauth_link</permission>
    </permissions>

    <param name="atlassian-licensing-enabled">true</param>
  </plugin-info>

  <remote-plugin-container key="container" display-url="https://nh-connect.herokuapp.com/old">
    <oauth>
      <public-key>
-----BEGIN PUBLIC KEY-----
MIIBIjANBgkqhkiG9w0BAQEFAAOCAQ8AMIIBCgKCAQEAwYU+IM5tgazPf0kG6hwp
3VeZlFqUzEPm5VJMVLfKh/4q79s9V7JiZegHvikVAM0HzxGbFL0eTl14DOpUMk26
Hile2FfmSFtZvw5j6lHlzGhgtEtUWjh/PXXQwozi6/ds+d3rMHAlPzLA8CltjTtF
6VA1dX22u/iavrTWlfS3annh0skSyMwxLJrMqWAQ3X9NLq+7bHkYEF4sKPdbMKaC
GCqyrrQhpT57sroTZx0utGazUZdAx8SM0V7CtfNHwPD+8zygpNkXMAvtvpUIG54g
+o0trZmppJb5JWM6BCBYwfxkPDCTdcH6DwdMVGScVLFAZD1AdFSAxCVrwmpZjVbB
8QIDAQAB
-----END PUBLIC KEY-----      </public-key>
    </oauth>
  </remote-plugin-container>

  <webhook key="enabled" event="remote_plugin_enabled" url="/enabled"/>

  <remote-macro key='numbered-headings-macro' name='Numbered Headings' url="/macro/nh" output-type="block" body-type="rich-text" method="PUT">
    <description>The Numbered Headings macro automatically numbers enclosed headings, any way you like.</description>
    <category name="formatting"/>

    <parameters>
      <parameter title="Number Format" name="number-format" type="enum" default="decimal">
        <value name="decimal"/>
        <value name="iso-2145"/>
        <value name="full-decimal"/>
        <value name="lower-latin"/>
        <value name="lower-roman"/>
        <value name="lower-greek"/>
        <value name="upper-latin"/>
        <value name="upper-roman"/>
        <value name="upper-greek"/>
        <value name="custom"/>
      </parameter>

      <parameter title="Start numbering with" name="start-numbering-with" type="int"/>

      <parameter title="Start numbering at" name="start-numbering-at" type="enum" default="h1">
        <value name="h1"/>
        <value name="h2"/>
        <value name="h3"/>
        <value name="h4"/>
        <value name="h5"/>
        <value name="h6"/>
      </parameter>

      <parameter title="Skip Headings" name="skip-headings" type="string"/>

      <parameter title="Heading 1" name="h1" type="string"/>
      <parameter title="Heading 2" name="h2" type="string"/>
      <parameter title="Heading 3" name="h3" type="string"/>
      <parameter title="Heading 4" name="h4" type="string"/>
      <parameter title="Heading 5" name="h5" type="string"/>
      <parameter title="Heading 6" name="h6" type="string"/>
    </parameters>
  </remote-macro>
</atlassian-plugin>
