{"key":"nl.avisi.confluence.plugins.numberedheadings","name":"Numbered Headings","description":"Numbered Headings for Confluence OnDemand","vendor":{"name":"Avisi B.V.","url":"http://avisi.nl"},"enableLicensing":true,"authentication":{"type":"jwt"},"scopes":["read"],"lifecycle":{"installed":"/installed"},"baseUrl":"https://nh-ondemand.herokuapp.com","links":{"self":"https://nh-ondemand.herokuapp.com/atlassian-connect.json","homepage":"https://nh-ondemand.herokuapp.com/atlassian-connect.json"},"modules":{"staticContentMacros":[{"key":"numberedheadings","name":{"value":"Numbered Headings"},"method":"get","url":"/macro/nh?page_id={page.id}&page_version={page.version}&body_hash={macro.hash}&user_id={user.id}&number-format={number-format}&start-numbering-with={start-numbering-with}&start-numbering-at={start-numbering-at}&skip-headings={skip-headings}&h1={h1}&h2={h2}&h3={h3}&h4={h4}&h5={h5}&h6={h6}","description":{"value":"The Numbered Headings macro automatically numbers enclosed headings, any way you like."},"categories":["formatting"],"outputType":"block","bodyType":"rich-text","parameters":[{"identifier":"number-format","name":{"value":"Number format"},"description":{"value":"The format used for rendering the numbering"},"type":"enum","defaultValue":"decimal","values":["decimal","iso-2145","full-decimal","lower-latin","lower-roman","lower-greek","upper-latin","upper-roman","upper-greek","custom"]},{"identifier":"start-numbering-with","name":{"value":"Start numbering with"},"description":{"value":"The value to start numbering with"},"type":"int"},{"identifier":"start-numbering-at","name":{"value":"Start numbering at"},"description":{"value":"The heading to start numbering at"},"type":"enum","defaultValue":"h1","values":["h1","h2","h3","h4","h5","h6"]},{"identifier":"skip-headings","name":{"value":"Skip headings"},"description":{"value":"Headings which should be skipped. Example: h5, h6"},"type":"string"},{"identifier":"h1","name":{"value":"Heading 1"},"description":{"value":"Example: Chapter [h1.decimal]."},"type":"string"},{"identifier":"h2","name":{"value":"Heading 2"},"description":{"value":"Example: Paragraph [h1.decimal].[h2.upper-latin]."},"type":"string"},{"identifier":"h3","name":{"value":"Heading 3"},"description":{"value":"Example: Sub-Paragraph [h3.lower-roman]."},"type":"string"},{"identifier":"h4","name":{"value":"Heading 4"},"description":{"value":"If left empty, nothing will be rendered."},"type":"string"},{"identifier":"h5","name":{"value":"Heading 5"},"description":{"value":"You can use any of the formatters from the dropdown above."},"type":"string"},{"identifier":"h6","name":{"value":"Heading 6"},"description":{"value":"See the <a href='https://bitbucket.org/avisi/numbered-headings/wiki/Home'>documentation</a> for more examples."},"type":"string"}]},{"key":"numbered-headings-macro","name":{"value":"Numbered Headings"},"method":"get","url":"/macro/nh?page_id={page.id}&page_version={page.version}&body_hash={macro.hash}&user_id={user.id}&number-format={number-format}&start-numbering-with={start-numbering-with}&start-numbering-at={start-numbering-at}&skip-headings={skip-headings}&h1={h1}&h2={h2}&h3={h3}&h4={h4}&h5={h5}&h6={h6}","description":{"value":"The Numbered Headings macro automatically numbers enclosed headings, any way you like."},"outputType":"block","hidden":true,"bodyType":"rich-text","parameters":[{"identifier":"number-format","name":{"value":"Number format"},"description":{"value":"The format used for rendering the numbering"},"type":"enum","defaultValue":"decimal","values":["decimal","iso-2145","full-decimal","lower-latin","lower-roman","lower-greek","upper-latin","upper-roman","upper-greek","custom"]},{"identifier":"start-numbering-with","name":{"value":"Start numbering with"},"description":{"value":"The value to start numbering with"},"type":"int"},{"identifier":"start-numbering-at","name":{"value":"Start numbering at"},"description":{"value":"The heading to start numbering at"},"type":"enum","defaultValue":"h1","values":["h1","h2","h3","h4","h5","h6"]},{"identifier":"skip-headings","name":{"value":"Skip headings"},"description":{"value":"Headings which should be skipped. Example: h5, h6"},"type":"string"},{"identifier":"h1","name":{"value":"Heading 1"},"description":{"value":"Example: Chapter [h1.decimal]."},"type":"string"},{"identifier":"h2","name":{"value":"Heading 2"},"description":{"value":"Example: Paragraph [h1.decimal].[h2.upper-latin]."},"type":"string"},{"identifier":"h3","name":{"value":"Heading 3"},"description":{"value":"Example: Sub-Paragraph [h3.lower-roman]."},"type":"string"},{"identifier":"h4","name":{"value":"Heading 4"},"description":{"value":"If left empty, nothing will be rendered."},"type":"string"},{"identifier":"h5","name":{"value":"Heading 5"},"description":{"value":"You can use any of the formatters from the dropdown above."},"type":"string"},{"identifier":"h6","name":{"value":"Heading 6"},"description":{"value":"See the <a href='https://bitbucket.org/avisi/numbered-headings/wiki/Home'>documentation</a> for more examples."},"type":"string"}]}]},"version":"1.1.2"}