{"key":"nl.mad.jira.jam","name":"Asset Management for Jira","description":"Jira Connect Plugin for Asset Management","vendor":{"name":"42","url":"https://www.42.nl"},"links":{"self":"https://assetmanagement-jira-test.42.nl/system/plugin-config"},"authentication":{"type":"jwt"},"scopes":["write","read"],"baseUrl":"https://assetmanagement-jira-test.42.nl","lifecycle":{"installed":"/system/install"},"modules":{"jiraIssueTabPanels":[{"url":"/asset-viewer.html?issueKey=${issue.key}","key":"issue-tab-assets","weight":100,"name":{"value":"Assets"}}],"jiraEntityProperties":[{"name":{"value":"Asset"},"key":"entity-property-asset","entityType":"issue","keyConfigurations":[{"extractions":[{"objectName":"asset.id","type":"string"}],"propertyKey":"entity-property-asset"}]}],"webSections":[{"location":"system.admin.top.navigation.bar","key":"admin-assets-menu","weight":200,"name":{"value":"Assets"}},{"location":"view.issue.opsbar","key":"jam-opsbar-section","weight":15,"name":{"value":"Assets"}},{"location":"jam-opsbar-section","key":"jam-opsbar-general","weight":10,"name":{"value":"General"}}],"webItems":[{"url":"/asset-picker.html?issueKey=${issue.key}","key":"web-item-add-asset","name":{"value":"Add Asset"},"location":"jam-opsbar-general","target":{"type":"dialog","options":{"width":"400","height":"300"}}}],"adminPages":[{"name":{"value":"Asset"},"url":"/","key":"admin-page-assets","conditions":[{"condition":"user_is_admin"}],"location":"admin-assets-menu","weight":10}]},"version":"1.1.0"}