{"name":"Encrypt Content for Confluence","description":"Encrypt Confluence content in the browser. Keep sensitive information `encrypted, decrypting only in the browser.","key":"org.jonmort.connect.encrypt","baseUrl":"https://jonmort.github.io/connect-encrypt","vendor":{"name":"Jon Mort","url":"http://bitbucket.org/jonmort"},"authentication":{"type":"none"},"scopes":["READ"],"modules":{"dynamicContentMacros":[{"key":"encrypt-macro","name":{"value":"Encrypt Content"},"description":{"value":"Encrypts content on a page with AES encryption in the browser before storage on the page, perfect for storing shared credentials. "},"icon":{"width":72,"height":72,"url":"/images/padlock.png"},"url":"/view-encrypt-macro.html?pageId={page.id}&pageVersion={page.version}&message={message}","editor":{"url":"/edit-encrypt-macro.html","editTitle":{"value":"Encrypt Macro"},"insertTitle":{"value":"Encrypt Macro"},"width":"400px","height":"300px"},"outputType":"inline","categories":["formatting","external-content"],"width":"180px","height":"32px"},{"key":"password-encrypt-macro","name":{"value":"Password for Encrypt Content"},"description":{"value":"A common password entry box when there are multiple Encrypt Content macros on the page"},"icon":{"width":72,"height":72,"url":"/images/padlock.png"},"url":"/view-password-macro.html","outputType":"inline","categories":["formatting","external-content"],"width":"180px","height":"32px"}]},"version":"1.0.1"}