<?xml version="1.0" ?>
<atlassian-plugin key="people_addon" name="People" plugins-version="2">
    <plugin-info>
        <description>Atlassian Connect Add-on</description>
        <version>3</version>
        <vendor name="Company, Inc" url="https://example.com/"/>

        <param name="plugin-icon">images/pluginIcon.jpg</param>
        <param name="plugin-logo">images/pluginLogo.jpg</param>
        <param name="plugin-banner">images/pluginBanner.jpg</param>
        <param name="vendor-icon">images/vendorIcon.jpg</param>
        <param name="vendor-logo">images/vendorLogo.jpg</param>

        <param name="configure.url">/config/</param>
        <permissions>
            <permission>create_oauth_link</permission>
            <permission>browse_projects</permission>
        </permissions>
    </plugin-info>

    <remote-plugin-container key="container" display-url="http://localhost:8000/">
        <oauth>
            <public-key>
-----BEGIN PUBLIC KEY-----
MIGfMA0GCSqGSIb3DQEBAQUAA4GNADCBiQKBgQDU+Wu4jAbQMGlharvCN4nGEw2R
qaj61lO+lXsuMb6yYkEKlDDWlMv80qA472B6OFIcnXLUPooZkTH9gMRYjweUuVoR
baGqIGbWe3DR4j6otYCxlM+oqCi60vWpqgDVBSmW3v3hZcsPTgQlxcjGaDlW0IYD
n0L+VJ6lY4yajDtpJwIDAQAB
-----END PUBLIC KEY-----
            </public-key>
        </oauth>
    </remote-plugin-container>

    <general-page key="general" name="People" url="/addon/">
    </general-page>


</atlassian-plugin>
