{"key":"pro.behave.hosted","name":"Behave Pro","description":"Compose, validate and deliver agile software requirements in JIRA following Behaviour Driven Development. Supports Cucumber, SpecFlow and Behat","enableLicensing":true,"baseUrl":"https://behave.pro","vendor":{"name":"Hindsight Software Ltd","url":"http://hindsightsoftware.com/"},"links":{"documentation":"http://docs.behave.pro","self":"https://behave.pro/atlassian/connect/atlassian-jira.json"},"permissions":["create_oauth_link","read_users_and_groups","browse_projects","edit_issues","resolve_issues"],"authentication":{"type":"jwt"},"lifecycle":{"installed":"/atlassian/connect/installed","uninstalled":"/atlassian/connect/lifecycle/uninstalled"},"modules":{"generalPages":[{"url":"/atlassian/connect/specification?project_id={project.id}","key":"specification-page","name":{"value":"Specifications"},"conditions":[{"condition":"user_is_logged_in"}]}],"webSections":[{"location":"opsbar-operations","weight":50,"key":"story-card-print-section","name":{"value":"Story Card Print Section"}}],"webItems":[{"url":"/atlassian/connect/issueprint?issue_id={issue.id}&useWord=true","location":"story-card-print-section","context":"addon","weight":200,"target":{"type":"page"},"tooltip":{"value":"Export Issue as User Story in a MS word file"},"key":"export-user-story-word","name":{"value":"Export User Story - Word"}},{"url":"/atlassian/connect/issueprint?issue_id={issue.id}&useWord=false","location":"story-card-print-section","context":"addon","weight":100,"target":{"type":"page"},"tooltip":{"value":"User Story as a Printable HTML Page"},"key":"export-user-story-html","name":{"value":"Export User Story - Print"}}],"webPanels":[{"key":"issue-panel","name":{"value":"Acceptance Tests"},"url":"/atlassian/connect/issueViewPanel?issue_id={issue.id}&issue_key={issue.key}&project_id={project.id}&project_key={project.key}","location":"atl.jira.view.issue.left.context","weight":211,"layout":{"height":"100%"},"conditions":[{"condition":"user_is_logged_in"}]},{"key":"apiKey-panel","name":{"value":"Behave Pro"},"url":"/atlassian/connect/project/apikey/?project_id={project.id}","location":"webpanels.admin.summary.left-panels","weight":211,"layout":{"height":"100%"}}],"jiraProjectAdminTabPanels":[{"location":"projectgroup2","url":"/atlassian/connect/admin/statusmapping?project_id=${project.id}","key":"status-mapping-page","name":{"value":"Behave Pro Statuses"},"condition":{"condition":"user_is_project_admin"}}],"adminPages":[{"location":"admin_plugins_menu/agile_section","weight":150,"url":"/atlassian/connect/admin/lab","key":"lab-features-page","name":{"value":"Behave Pro Labs"}}],"webhooks":[{"key":"issue_updated","event":"jira:issue_updated","url":"/atlassian/connect/REST/1.0/issue/updateIssue"},{"key":"issue_deleted","event":"jira:issue_deleted","url":"/atlassian/connect/REST/1.0/issue/deleteIssue"},{"key":"_registration","event":"remote_plugin_enabled","url":"/atlassian/connect/installed"}],"jiraSearchRequestViews":[{"url":"/atlassian/connect/traceReport","key":"bdd-trace-view","name":{"value":"BDD Traceability Report","i18n":"bdd.traceability.view"}}]},"scopes":["write","read"],"version":"1.1.30"}