


<atlassian-plugin key="pro.behave.hosted" name="Behave Pro" plugins-version="2">
    
    <plugin-info>
    	<vendor name="Hindsight Software Ltd" url="http://Behave.pro" />
        <description>Behave Pro</description>
        <version>1.0.117</version>
        <param name="atlassian-licensing-enabled">true</param>
        <param name="plugin-icon">/assets/images/behave.pro.logo.16x16.png</param>
        <param name="plugin-logo">/assets/images/behave.pro.logo.72x72.png</param>
        <permissions>
            <permission>create_oauth_link</permission>
            <permission>read_users_and_groups</permission>
            <permission>browse_projects</permission>
            <permission>edit_issues</permission>
            <permission>resolve_issues</permission>
        </permissions>
    </plugin-info>


    <remote-plugin-container key="_container" display-url="https://www.behave.pro">
        <oauth>
            <public-key>-----BEGIN PUBLIC KEY-----
MIGfMA0GCSqGSIb3DQEBAQUAA4GNADCBiQKBgQtMZw1V2xx759piV+XfKps3FIXQ
b0HSjIRJ/dYbmCYRrO2xaIH7LwJ03kW8PPg6ksdiYRnS7XNwdHv/esU07A/J1tGS
G9IyEch7JqOZRKJVMtrl7bOuJA+o+39ploJ60RmbAhXTbdk/IZApUA9yN/7Lh4GA
tH13XfujL4C/gR2yTQIDAQAB
-----END PUBLIC KEY-----
</public-key>
        </oauth>
    </remote-plugin-container>

    <webhook key="_registration" event="remote_plugin_enabled" url="/atlassian/connect/remote_plugin_enabled"/>

    
    <general-page key="specification-page" name="Specifications" height="900" url="/atlassian/connect/specification?project_id=${project.id}">
    	<conditions>
    		<condition name="user_is_logged_in"/>
    	</conditions>
    </general-page>
    <remote-web-panel key="issue-panel" name="Acceptance Tests" location="atl.jira.view.issue.left.context" weight="211" url="/atlassian/connect/issueViewPanel?issue_id=${issue.id}&amp;issue_key=${issue.key}&amp;project_id=${project.id}&amp;project_key=${project.key}" >
    	<conditions>
    		<condition name="user_is_logged_in"/>
    	</conditions>
    </remote-web-panel>
    <remote-web-panel key="apiKey-panel" name="Behave Pro" location="webpanels.admin.summary.left-panels" weight="211" height="100" url="/atlassian/connect/project/apikey/?project_id=${project.id}">
    </remote-web-panel>
    <general-page key="custom-status-pages" name="Behave.pro status mapping" url="/atlassian/connect/admin/statusmapping?project_id=${project.id}" section="atl.jira.proj.config/projectgroup2">
        <conditions>
            <condition name="user_is_logged_in"/>
            <condition name="user_is_project_admin"/>
        </conditions>
    </general-page>
    <webhook key="issue_updated" event="jira:issue_updated" url="/atlassian/connect/REST/1.0/issue/updateIssue" />
    <webhook key="issue_deleted" event="jira:issue_deleted" url="/atlassian/connect/REST/1.0/issue/deleteIssue" />

</atlassian-plugin>