{"key":"project-central-jira-add-on","name":"Project Central Add-on","description":"Add-on to send email, listen for updates from Project Central.","vendor":{"name":"Angry Nerds","url":"https://www.atlassian.com/angrynerds"},"baseUrl":"https://project-central-addon.herokuapp.com","links":{"self":"https://project-central-addon.herokuapp.com/atlassian-connect.json","homepage":"https://project-central-addon.herokuapp.com/atlassian-connect.json"},"authentication":{"type":"jwt"},"lifecycle":{"installed":"/installed"},"scopes":["READ","WRITE"],"modules":{"webItems":[{"url":"/my-web-item","location":"dev.null.bug.needs.one.module","context":"addon","weight":200,"target":{"type":"page"},"styleClasses":["webitem","system-present-webitem"],"tooltip":{"value":"Example tooltip"},"icon":{"width":16,"height":16,"url":"/maps/icon.png"},"key":"web-item-example","name":{"value":"My Web Item"}}]},"version":"1.0.8"}