<atlassian-plugin key="provenir-downloadlog" name="Provenir DownloadLog" plugins-version="2"
  xmlns="https://remoteapps.jira.com/rest/remotable-plugins/1/installer/schema/atlassian-plugin">

  <plugin-info>
    <description>Provenir DownloadLog</description>
    <version>1</version>
    <vendor name="Provenir" url="http://www.provenir.com"/>
    <permissions>
      <permission>create_oauth_link</permission>
    </permissions>
  </plugin-info>


	<remote-plugin-container key="container" display-url="https://connect.provenir.com/">
		<oauth>
			<public-key>
	-----BEGIN PUBLIC KEY-----
    MIGfMA0GCSqGSIb3DQEBAQUAA4GNADCBiQKBgQCuNwJVGkY9XWtuNe7p8PMOEr8O
    WetSAqMxWldFfmNYTbRsI/8ZX/S/5gm4UKZyFUDOICtVddYv1tWW/P31OA5khyQT
    XLp8sYpyNDBuwg00kfmBGleBgcKvePxMAr2y4La1OBz4aE+xK1HJojl2ToAubVY+
    qikVwxXolycVkz8AzQIDAQAD
    -----END PUBLIC KEY-----
      </public-key>
		</oauth>
	</remote-plugin-container>

  <!-- Common webhooks -->
  <webhook key="installed" event="remote_plugin_installed" url="/installed"/>
  <webhook key="enabled" event="remote_plugin_enabled" url="/installed"/>
  <webhook key="remote_plugin_enabled" event="remote_plugin_enabled" url="/wh/remote_plugin_enabled"/>
  <webhook key="remote_plugin_disabled" event="remote_plugin_disabled" url="/wh/remote_plugin_disabled"/>
  <webhook key="server_upgraded" event="server_upgraded" url="/wh/server_upgraded"/>
  <webhook key="plugins_upgraded" event="plugins_upgraded" url="/wh/plugins_upgraded"/>
  <webhook key="plugin_enabled" event="plugin_enabled" url="/wh/plugin_enabled"/>

  <!-- Confluence webhooks http://developer.internal.atlassian.com/static/connect/#confluence/webhook -->
  <webhook application="confluence" key="attachment_viewed" event="attachment_viewed" url="/wh/attachment_viewed"/>
  <webhook application="confluence" key="page_viewed" event="page_viewed" url="/wh/page_viewed"/>

  <!-- JIRA webhooks http://developer.internal.atlassian.com/static/connect/#jira/webhook -->


</atlassian-plugin>
