<!--
  # `atlassian-plugin.xml`

  This file is a manifest of all the components used to describe your add-on's features.
  For information about what Atlassian Connect components are available for use in this file
  visit the [Interactive Descriptor Guide](https://developer.atlassian.com/static/connect).

  Make sure you change your add-on's key and name below.
 -->
<atlassian-plugin key="pslade-nag-panel" name="Nag Panel" plugins-version="2" xmlns="https://remoteapps.jira.com/rest/remotable-plugins/1/installer/schema/atlassian-plugin">

  <plugin-info>
    <description>Nag Panel</description>
    <version>1</version>
    <vendor name="pslade" url="http://example.com"/>
    <!--
      ## Permissions

      Atlassian Connect add-ons have to declare what permissions they need to work. Available permissions
      can be found on the [Interactive Descriptor Guide](https://developer.atlassian.com/static/connect)

      * [JIRA](https://developer.atlassian.com/static/connect/#jira/permissions)
      * [Confluence](https://developer.atlassian.com/static/connect/#confluence/permissions)
     -->
    <permissions>
      <!-- create_oauth_link is required if you want to protect your add-on with OAuth authentication -->
      <permission>create_oauth_link</permission>
      <!-- add additional permissions here, as needed -->
        <permission>browse_projects</permission>
    </permissions>
    <!-- <param name="documentation.url">http://your.add-on.homepage.url.com</param> -->
    <param name="configure.url">/plugins/servlet/remotable-plugins/my-app-key/config-page</param>
    <param name="atlassian-licensing-enabled">true</param>
  </plugin-info>


  <remote-plugin-container key="container" display-url="https://sleepy-island-7011.herokuapp.com/">
    <!--
      ## OAuth Authentication

      To protect your add-on from unauthorized use, we use two-legged OAuth 1.0. Your public-key is already
      set in ./public-key.pem... no need to add it here. At run-time, the publicKey token below will
      be populated with your real public-key.pem.
     -->
    <oauth>
      <public-key>
-----BEGIN PUBLIC KEY-----
MIIBIjANBgkqhkiG9w0BAQEFAAOCAQ8AMIIBCgKCAQEA36Yt+zARz7CsyS7EAsso
bE+Q8SbPvlz3frDyxYThLXpiFuQlCVril4CESU/HM18xSLdQen8Q8jCvsHlFK6Ge
xHhwgSri5PaGmxb+S2oM6n3pYZ7svFxPmVDzm8qRtwZZyD/sE8GWQZXIqb65xJbK
Fl44Ur5VAVLG704ZN3s3x/oQpuvyXmcUD4RBf9+lvYIkmPm2LurvHLo5YKQzvbRR
qKrfCiE2snL/TNUU+N/fuqD57mQxR12faJ1gcH2JPFL5vAuYGcYNRn/xlwJHOm8t
yV3TJtZfhCpQ9UDejwKE8VERVBdQTYn5f5uCsldk5J9X4V990QVdKED80wNJtY3d
WQIDAQAB
-----END PUBLIC KEY-----
      </public-key>
    </oauth>
  </remote-plugin-container>

  <!--
    ## Webhooks

    At the moment, Atlassian Connect supports two types of components of which webhooks is one of them.
    The "remote_plugin_installed" webhook is a special webhook that `feebs` will automatically
    handle for you. When your add-on is installed inside a JIRA or Confluence host, that host will
    send a POST to your add-on with information about that host (i.e., host clientKey, host public key, etc.).

    If you define your own hooks, you'll need to create POST routes to handle them. For more information on
    the webhooks available, check out the [Interactive Descriptor Guide](https://developer.atlassian.com/static/connect).

    * [JIRA](https://developer.atlassian.com/static/connect#jira/webhook)
    * [Confluence](https://developer.atlassian.com/static/connect#confluence/webhook)
   -->
  <webhook key="installed" event="remote_plugin_installed" url="/installed"/>

  <!--
    ## Pages

    The other type of components Atlassian Connect supports are pages. Pages are UI extension points inside
    of JIRA or Confluence. Currently they're implemented as [seamless iframes](https://developer.atlassian.com/static/connect/#confluence/webhook).
    Some of these page components can be viewed as full pages wrapped with JIRA or Confluence's layout. And others
    might be implemented as smaller web fragments on the page, such as tabs or sidebar panels.

    All of the page components available can be found on the
    [Interactive Descriptor Guide](https://developer.atlassian.com/static/connect) starting with `*-page`.

    * [JIRA](https://developer.atlassian.com/static/connect#jira)
    * [Confluence](https://developer.atlassian.com/static/connect#confluence)
   -->
   <issue-panel-page key="nag-panel-in-jira" name="Nag Panel" location="atl.jira.view.issue.right.context" url="/nag-it/nag-panel"/>

</atlassian-plugin>