{"key":"reg-eplanningnsw","name":"REG ePlanning NSW Add-ons","description":"Private add-ons for ePlanning NSW","baseUrl":"https://eplanningnsw.appspot.com","vendor":{"name":"Ripple Effect Group","url":"http://rippleffectgroup.com"},"links":{"documentation":"http://rippleffectgroup.com","self":"https://eplanningnsw.appspot.com/atlassian-connect.json"},"lifecycle":{"installed":"/jwt.php"},"authentication":{"type":"jwt"},"scopes":["read"],"modules":{"generalPages":[{"conditions":[{"condition":"user_is_admin"}],"url":"/report.php","icon":{"url":"icon.png"},"key":"report-page","location":"system.header/left","name":{"value":"Report"}}],"dynamicContentMacros":[{"height":"460px","width":"50%","conditions":[{"condition":"user_is_admin"}],"url":"/video.php?video={videolink}","icon":{"url":"vid-icon.png"},"categories":["media"],"outputType":"block","parameters":[{"identifier":"videolink","name":{"value":"Link to Video"},"description":{"value":"Enter URL to video to be displayed by the macro"},"type":"string","required":true,"defaultValue":"Enter video URL here"}],"key":"video-macro","name":{"value":"REG Video Macro"}}],"staticContentMacros":[{"url":"/Navigation-EHC-Plan.html","icon":{"url":"icon.png"},"key":"navigation-ehc-plan","name":{"value":"REG Navigation EHC Plan","categories":["navigation"]}},{"url":"/Navigation-EHC-Contacts.html","icon":{"url":"icon.png"},"key":"navigation-ehc-contacts","name":{"value":"REG Navigation EHC Contacts","categories":["navigation"]}},{"url":"/Navigation-EHC-Documents.html","icon":{"url":"icon.png"},"key":"navigation-ehc-documents","name":{"value":"REG Navigation EHC Documents","categories":["navigation"]}},{"url":"/Navigation-EHC-Info.html","icon":{"url":"icon.png"},"key":"navigation-ehc-info","name":{"value":"REG Navigation EHC Info","categories":["navigation"]}},{"url":"/EHC-project-plan-page.html","icon":{"url":"icon.png"},"key":"EHC-project-plan-page","name":{"value":"REG EHC Project Plan Page","categories":["navigation"]}},{"url":"/Application-Tracking-Project-Plan.html","icon":{"url":"icon.png"},"key":"Application-Tracking-Project-Plan","name":{"value":"REG Application Tracking Project Plan","categories":["navigation"]}},{"url":"/project-plan-legend.html","icon":{"url":"icon.png"},"key":"project-plan-legend","name":{"value":"REG Project Plan Legend","categories":["navigation"]}},{"url":"/home-child.html","icon":{"url":"icon.png"},"key":"home-child","name":{"value":"REG Home Child","categories":["navigation"]}},{"url":"/Navigation-AT-Plan.html","icon":{"url":"icon.png"},"key":"Navigation-AT-Plan","name":{"value":"REG Navigation AT Plan","categories":["navigation"]}},{"url":"/Navigation-AT-Contacts.html","icon":{"url":"icon.png"},"key":"Navigation-AT-Contacts","name":{"value":"REG Navigation AT Contacts","categories":["navigation"]}},{"url":"/Navigation-AT-CouncilInfo.html","icon":{"url":"icon.png"},"key":"Navigation-AT-CouncilInfo","name":{"value":"REG Navigation AT Council Info","categories":["navigation"]}},{"url":"/Navigation-AT-Documents.html","icon":{"url":"icon.png"},"key":"Navigation-AT-Documents","name":{"value":"REG Navigation AT Documents","categories":["navigation"]}}]},"version":"1.2.50"}