{"key":"reg-cloudshift","name":"REG Cloudshift Add-ons","description":"Private add-ons for REG Cloudshift wiki","baseUrl":"https://cloudshiftapps.appspot.com","vendor":{"name":"Ripple Effect Group","url":"http://rippleffectgroup.com"},"links":{"documentation":"http://rippleffectgroup.com","self":"https://cloudshiftapps.appspot.com/atlassian-connect.json"},"lifecycle":{"installed":"/jwt.php"},"authentication":{"type":"jwt"},"scopes":["read"],"modules":{"generalPages":[{"conditions":[{"condition":"user_is_admin"}],"url":"/report.php","icon":{"url":"icon.png"},"key":"report-page","name":{"value":"Invoice-Report"}}],"dynamicContentMacros":[{"height":"460px","width":"50%","conditions":[{"condition":"user_is_admin"}],"url":"/video.php?video={videolink}","icon":{"url":"vid-icon.png"},"categories":["media"],"outputType":"block","parameters":[{"identifier":"videolink","name":{"value":"Link to Video"},"description":{"value":"Enter URL to video to be displayed by the macro"},"type":"string","required":true,"defaultValue":"Enter video URL here"}],"key":"video-macro","name":{"value":"REG Video Macro"}}]},"version":"1.0.4"}