{"key":"released_issues","name":"Jira Release Tab","vendor":{"name":"Atlassian","url":"http://atlassianlabs.com"},"baseUrl":"https://jira-releasetab-aholmgren.herokuapp.com/","links":{"self":"https://jira-releasetab-aholmgren.herokuapp.com//atlassian-connect.json","homepage":"https://jira-releasetab-aholmgren.herokuapp.com/"},"authentication":{"type":"jwt"},"lifecycle":{"installed":"/installed"},"modules":{"jiraProjectAdminTabPanels":[{"url":"/ui/exampleUI.html?projectKey={project.key}","location":"projectgroup4","weight":100,"key":"release-tab","name":{"value":"Releases"}}]},"scopes":["READ"],"version":"1.0.0"}