<?xml version="1.0" ?>
<atlassian-plugin key="ru.mercdev.myactivity" name="My Activity" plugins-version="2">
    <plugin-info>
        <description>Displays a list of bugs that has been created, opened, fixed or verified during a specified period.</description>
        <version>1</version>
        <vendor name="Mercury Development, LLC" url="http://mercdev.com" />
		<permissions>
            <permission>read_users_and_groups</permission>
			<permission>read_user_session_data</permission>
			<permission>read_metadata</permission>
        </permissions>
    </plugin-info>
    <remote-plugin-container key="container" display-url="https://ivanovec.tk/JIRA/MyActivity">
    </remote-plugin-container>
    <general-page key="general" name="My Activity" url="/MyActivity.html">
        <conditions>
            <condition name="user_is_logged_in" />
        </conditions>
    </general-page>
</atlassian-plugin>
