<?xml version="1.0" ?>
<atlassian-plugin key="ru.mercdev.debug" name="debug" plugins-version="2">
    <plugin-info>
        <description>Atlassian Connect add-on</description>
        <version>1</version>
        <vendor name="Mercury Development, LLC" url="http://mercdev.com" />
		<permissions>
        <!-- Permissions needed to implement a user picker -->
            <permission>read_users_and_groups</permission>
			<permission>read_user_session_data</permission>
			<permission>read_metadata</permission>
        </permissions>
    </plugin-info>
    <remote-plugin-container key="container" display-url="https://85.113.60.37/JIRA/debug">
    </remote-plugin-container>
    <general-page key="general" name="debug" url="/MyActivity.html">
    </general-page>
    <admin-page key="settings" name="My Activity" url="/test.html"></admin-page>
</atlassian-plugin>
