<?xml version="1.0" ?>
<atlassian-plugin key="ru.mercdev.debug2" name="debug2" plugins-version="2">
    <plugin-info>
        <description>Atlassian Connect add-on</description>
        <version>1</version>
        <vendor name="Mercury Development, LLC" url="http://mercdev.com" />
		<permissions>
            <permission>read_users_and_groups</permission>
			<permission>read_user_session_data</permission>
			<permission>read_metadata</permission>
        </permissions>
    </plugin-info>
    <remote-plugin-container key="container" display-url="https://ivanovec.tk/JIRA/debug">
    </remote-plugin-container>
    <general-page key="general" name="debug" url="/MyActivity.html" >
        <conditions>
            <condition name="user_is_logged_in" />
        </conditions>
    </general-page>
</atlassian-plugin>
