{"key":"saassearch","name":"Search Service","description":"SS is cool!","vendor":{"name":"Atlassian","url":"http://www.atlassian.com"},"baseUrl":"http://107.170.173.134","authentication":{"type":"jwt"},"enableLicensing":false,"lifecycle":{"installed":"/installed"},"modules":{"webhooks":[{"event":"page_created","url":"/confluence/pageCreate"},{"event":"page_updated","url":"/confluence/pageUpdate"},{"event":"page_removed","url":"/confluence/pageDelete"},{"event":"comment_created","url":"/confluence/commentCreate"},{"event":"comment_removed","url":"/confluence/commentRemove"},{"event":"comment_updated","url":"/confluence/commentUpdate"},{"event":"blog_removed","url":"/confluence/blogDelete"},{"event":"blog_created","url":"/confluence/blogCreate"},{"event":"blog_updated","url":"/confluence/blogUpdate"},{"event":"jira:issue_created","url":"/jira/issueCreate"},{"event":"jira:issue_updated","url":"/jira/issueUpdate"},{"event":"jira:issue_deleted","url":"/jira/issueRemove"}]},"scopes":["READ"],"version":"1.0.7"}