{"name":"salesforce.com Opportunity Creator","description":"salesforce.com Opportunity Creator for JIRA","key":"salesforce-opportunity-jira-connect","baseUrl":"https://jirasalesforceopportunity-dev.herokuapp.com","vendor":{"name":"Atlassian","url":"http://atlassian.com"},"authentication":{"type":"jwt"},"enableLicensing":false,"lifecycle":{"installed":"/installed"},"scopes":["READ","WRITE"],"modules":{"jiraIssueTabPanels":[{"url":"/{issue.key}/index","weight":100,"key":"opportunity-create","name":{"value":"Opportunity"}}]},"version":"1.0.1"}