{"name":"SEN Lookup","description":"SEN Lookup","key":"sen-lookup-connect","baseUrl":"https://jirasenlookup-dev.herokuapp.com","vendor":{"name":"Atlassian","url":"http://atlassian.com"},"authentication":{"type":"jwt"},"enableLicensing":false,"lifecycle":{"installed":"/installed"},"scopes":["READ"],"modules":{"webPanels":[{"url":"/senlookup/{issue.key}","location":"atl.jira.view.issue.right.context","weight":50,"layout":{"width":"100px","height":"100px"},"key":"senlookupWebPanel","name":{"value":"SEN Lookup"}}]},"version":"1.0.1"}