<!--
  # `atlassian-plugin.xml`

  This file is a manifest of all the components used to describe your add-on's features.
  For information about what Atlassian Connect components are available for use in this file
  visit the [Interactive Descriptor Guide](http://atlassian-connect.herokuapp.com/help).

  Make sure you change your add-on's key and name below.
 -->
<atlassian-plugin key="sequence-diagramr" name="Sequence Diagramr Macro" plugins-version="2"
  xmlns="https://remoteapps.jira.com/rest/remotable-plugins/1/installer/schema/atlassian-plugin">

  <plugin-info>
    <description>Generate UML sequence diagrams in Confluence pages</description>
    <version>1</version>
    <vendor name="Atlassian Labs" url="http://www.atlassian.com"/>
    <!--
      ## Permissions

      Atlassian Connect add-ons have to declare what permissions they need to work. Available permissions
      can be found on the [Interactive Descriptor Guide](http://atlassian-connect.herokuapp.com/help)

      * [JIRA](http://atlassian-connect.herokuapp.com/help#jira/permissions)
      * [Confluence](http://atlassian-connect.herokuapp.com/help#confluence/permissions)
     -->
    <permissions>
      <!-- create_oauth_link is required if you want to protect your add-on with OAuth authentication -->
      <permission>create_oauth_link</permission>
      <!-- add additional permissions here, as needed -->
      <permission>modify_attachments</permission>
    </permissions>
    <!-- <param name="documentation.url">http://your.add-on.homepage.url.com</param> -->
    <param name="documentation.url">https://bitbucket.org/rmanalan/sequence-diagramr</param>
  </plugin-info>


  <remote-plugin-container key="container" display-url="https://sequence-diagramr.herokuapp.com">
    <!--
      ## OAuth Authentication

      To protect your add-on from unauthorized use, we use two-legged OAuth 1.0. Your public-key is already
      set in ./public-key.pem... no need to add it here. At run-time, the publicKey token below will
      be populated with your real public-key.pem.
     -->
    <oauth>
      <public-key>
-----BEGIN PUBLIC KEY-----
MIIBIjANBgkqhkiG9w0BAQEFAAOCAQ8AMIIBCgKCAQEAtrwDFCOXrf+LyYY0152J
y56y9cAOR5pHIx/PUe/hfqyaDCPt2RaIPbSHo7bup55mKOww3Ft6AerXTgSbaWMT
SWXi8AaS75dglVQQK62tQuQUkwb6zVXR6Vk60rGGdYWcv2hJHL/GwPlA21zS5CvA
pHYkJcg3R8IhPMRgLtuGjS0EtXqtan19H6eSvn94VtzqBvnJTV67pndNBs2+36lM
CkO1O3ZuY3k0hCEQmUPNsinGMlE1ZA1oj3PKUGmTK3mns1RdfHCmqVDBRTgpQtfN
usf5rGw4SVq/7RLVr11wdyPm/dflckPSc7YsA3Ve7RntRp6yZg+JNT9Tz5ly4YFv
jQIDAQAB
-----END PUBLIC KEY-----
      </public-key>
    </oauth>
  </remote-plugin-container>

  <!--
    ## Webhooks

    At the moment, Atlassian Connect supports two types of components of which webhooks is one of them.
    The "remote_plugin_installed" webhook is a special webhook that `feebs` will automatically
    handle for you. When your add-on is installed inside a JIRA or Confluence host, that host will
    send a POST to your add-on with information about that host (i.e., host clientKey, host public key, etc.).

    If you define your own hooks, you'll need to create POST routes to handle them. For more information on
    the webhooks available, check out the [Interactive Descriptor Guide](http://atlassian-connect.herokuapp.com/help).

    * [JIRA](http://atlassian-connect.herokuapp.com/help#jira/webhook)
    * [Confluence](http://atlassian-connect.herokuapp.com/help#confluence/webhook)
   -->
  <webhook key="installed" event="remote_plugin_installed" url="/installed"/>

  <!--
    ## Pages

    The other type of components Atlassian Connect supports are pages. Pages are UI extension points inside
    of JIRA or Confluence. Currently they're implemented as [seamless iframes](http://ap3.herokuapp.com/help#confluence/webhook).
    Some of these page components can be viewed as full pages wrapped with JIRA or Confluence's layout. And others
    might be implemented as smaller web fragments on the page, such as tabs or sidebar panels.

    All of the page components available can be found on the
    [Interactive Descriptor Guide](http://atlassian-connect.herokuapp.com/help) starting with `*-page`.

    * [JIRA](http://atlassian-connect.herokuapp.com/help#jira)
    * [Confluence](http://atlassian-connect.herokuapp.com/help#confluence)
   -->
  <remote-macro key="sequence-diagramr" name="Sequence Diagramr" featured="true" url="/diagram" output-type="block"
    body-type="plain-text" icon-url="/favicon.png">
    <!-- <macro-editor url="/editor"/> -->
    <context-parameters>
      <context-parameter name="page_id" type="header"/>
      <context-parameter name="user_id" type="header"/>
    </context-parameters>
  </remote-macro>
</atlassian-plugin>
