<?xml version="1.0"?>
<!--
  # `atlassian-plugin.xml`

  This file is a manifest of all the components used to describe your add-on's features.
  For information about what Atlassian Connect components are available for use in this file
  visit the [Interactive Descriptor Guide](http://atlassian-connect.herokuapp.com/help).

  Make sure you change your add-on's key and name below.
 -->
<atlassian-plugin xmlns="https://ecosystem.atlassian.net/rest/remotable-plugins/1/installer/schema/atlassian-plugin" key="sexportfortables" name="Sexport For Tables" plugins-version="2">
  <plugin-info><description>CSV,JSON export for confluence tables</description><version>1</version><vendor name="The Pagoda" url="https://pagoda.atlassian.net"/><!--
      ## Permissions

      Atlassian Connect add-ons have to declare what permissions they need to work. Available permissions
      can be found on the [Interactive Descriptor Guide](http://atlassian-connect.herokuapp.com/help)

      * [JIRA](http://atlassian-connect.herokuapp.com/help#jira/permissions)
      * [Confluence](http://atlassian-connect.herokuapp.com/help#confluence/permissions)
     --><permissions><!-- create_oauth_link is required if you want to protect your add-on with OAuth authentication --><permission>create_oauth_link</permission><!-- add additional permissions here, as needed --><permission>modify_attachments</permission></permissions>

        <param name="documentation.url">https://bitbucket.org/atlassianlabs/atlassian-connect-confluence-sequence-diagramr</param>
      </plugin-info>
  <remote-plugin-container key="container" display-url="https://sexport.herokuapp.com/">
    <!--
      ## OAuth Authentication

      To protect your add-on from unauthorized use, we use two-legged OAuth 1.0. Your public-key is already
      set in ./public-key.pem... no need to add it here. At run-time, the publicKey token below will
      be populated with your real public-key.pem.
     -->
    <oauth>
      <public-key>
-----BEGIN PUBLIC KEY-----
MIIBIjANBgkqhkiG9w0BAQEFAAOCAQ8AMIIBCgKCAQEA1UIBNXuM8xZ/znjqP1J+
qE0O4fqMdSttf8T5UyBwkTYKZnIGwuUGrHpIXPTfVhvOeSybyiuGXNy5WZmfAgGP
aDR0zv15xQzPny55nM+QKalFEoEk0gOL7KGzFLwlYIQoUB5uaRJxmzhEe3QvXERx
32TLRWSkpSgv8EikFi+gwgDNZ5LfK7xXGrwJb1kx/7SritDSRPr+caduAEfRoF72
yRkNj8RMbelvlL1VLYK2oJLpBuAJQ5BM2n69eV2RBNSZtQLNp6F0NfA9k9rbMYUc
tXCpF2ZTqBYweJtKIfuVPaGJhT2ydeedOAQjDweYTjX0W98hl8yyy10iPIhnpzvN
jwIDAQAB
-----END PUBLIC KEY-----
      </public-key>
    </oauth>
  </remote-plugin-container>
  <!--
    ## Webhooks

    At the moment, Atlassian Connect supports two types of components of which webhooks is one of them.
    The "remote_plugin_enabled" webhook is a special webhook that `atlassian-connect-express` will automatically
    handle for you. When your add-on is enabled inside a JIRA or Confluence host, that host will
    send a POST to your add-on with information about that host (i.e., host clientKey, host public key, etc.).

    If you define your own hooks, you'll need to create POST routes to handle them. For more information on
    the webhooks available, check out the [Interactive Descriptor Guide](https://developer.atlassian.com/static/connect).

    * [JIRA](https://developer.atlassian.com/static/connect#jira/webhook)
    * [Confluence](https://developer.atlassian.com/static/connect#confluence/webhook)
  -->
  <webhook key="installed" event="remote_plugin_enabled" url="/enabled"/>
  <!--
    ## Pages

    The other type of components Atlassian Connect supports are pages. Pages are UI extension points inside
    of JIRA or Confluence. Currently they're implemented as [seamless iframes](https://developer.atlassian.com/static/connect/#confluence/webhook).
    Some of these page components can be viewed as full pages wrapped with JIRA or Confluence's layout. And others
    might be implemented as smaller web fragments on the page, such as tabs or sidebar panels.

    All of the page components available can be found on the
    [Interactive Descriptor Guide](https://developer.atlassian.com/static/connect) starting with `*-page`.

    * [JIRA](https://developer.atlassian.com/static/connect#jira)
    * [Confluence](https://developer.atlassian.com/static/connect#confluence)
  -->
  <remote-macro key="sexportfortables" name="Sexport for Tables" featured="true" url="/sexport" output-type="block" body-type="plain-text" icon-url="/favicon.png">
    <!-- <macro-editor url="/editor"/> -->
    <context-parameters>
      <context-parameter name="page_id" type="header"/>
      <context-parameter name="user_id" type="header"/>
    </context-parameters>
  </remote-macro>
</atlassian-plugin>
