{"baseUrl":"https://jira.shortcutssoftware.com","key":"shortcuts-jira-bridge","name":"Shortcuts Jira Bridge","description":"Injects Site information from the Shortcuts API onto jira issues that relate to a specific site.","authentication":{"type":"jwt"},"links":{"self":"https://jira.shortcutssoftware.com/public/atlassian-connect.json"},"lifecycle":{"installed":"/install"},"scopes":["read","write"],"modules":{"webPanels":[{"key":"site-info","url":"/run?issueId={issue.key}","location":"atl.jira.view.issue.right.context","name":{"value":"Site Info"},"layout":{"width":"100%","height":"400"}}],"generalPages":[{"name":{"value":"Raise Site Issue"},"key":"create-site-issue","url":"/create?userId={profileUser.key}","location":"system.top.navigation.bar"}]},"version":"1.1.18"}