{"key":"survey-connect","name":"External surveys for Confluence","description":"Run customer accessible surveys and store the data in confluence.","vendor":{"name":"Atlassian","url":"http://www.atlassian.com"},"baseUrl":"https://confluence-surveys-dev.herokuapp.com","authentication":{"type":"jwt"},"enableLicensing":false,"lifecycle":{"installed":"/installed"},"modules":{"dynamicContentMacros":[{"key":"external-survey","name":{"value":"External Survey"},"url":"/results?pageid={page.id}&surveyid={surveyid}&ownerKey={ownerKey}","editor":{"url":"/survey?pageid={page.id}&surveyid={surveyid}&ownerKey={ownerKey}","editTitle":{"value":"Survey"},"insertTitle":{"value":"Survey"},"width":"800px","height":"600px"},"icon":{"width":16,"height":16,"url":"/assets/images/favicon.png"},"parameters":[{"identifier":"surveyid","name":{"value":"Survey Id"},"description":{"value":"The survey identifier"},"type":"string","required":false,"multiple":false,"defaultValue":""},{"identifier":"ownerKey","name":{"value":"Owner Key"},"description":{"value":"The confluence key for this survey"},"type":"string","required":false,"multiple":false,"defaultValue":""}]}]},"scopes":["READ"],"version":"1.0.5"}