<?xml version="1.0" encoding="UTF-8"?>
<atlassian-plugin key="talk-ondemand" name="Talk OnDemand" plugins-version="2">

    <plugin-info>
        <description>StiltSoft Talk OnDemand</description>
        <version>1.0.0</version>
        <vendor name="StiltSoft" url="http://stiltsoft.com"/>
        <permissions>
            <permission>create_oauth_link</permission>
            <permission>read_content</permission>
            <permission>read_users_and_groups</permission>
            <permission>read_server_information</permission>
            <permission>manage_watchers</permission>
            <permission>render_content</permission>
            <permission>modify_content</permission>
        </permissions>
    </plugin-info>

    <remote-plugin-container key="container" display-url="http://talk-ac.stiltsoft.com">
        <oauth>
            <public-key>-----BEGIN PUBLIC KEY-----
MIGfMA0GCSqGSIb3DQEBAQUAA4GNADCBiQKBgQClz4ybjO0oSC4ylZcRIioSfuDa
xqC5ws3Dil46Lgb24s3++ZZhXnq0SkoPeI4JQ8r2u1W3//6YHSBFoT/0gRxpak/M
4IfvCmb14R5zNYDrSjAsZSLr6HsD3cqIzLW9x1z6XF37rwN/O6Q3oeG4X3i66tYW
KGfrFRT05zad93PWlQIDAQAB
-----END PUBLIC KEY-----
</public-key>
        </oauth>
    </remote-plugin-container>

    <webhook key="registration-hook" event="remote_plugin_enabled" url="/remote_plugin_enabled"/>

    <macro-page key="talk-block" name="Talk Block" url="/talk/view" output-type="block" body-type="none" featured="true">
        <macro-editor url="/talk/macro-editor"/>
        <parameters>
            <parameter title="TalkId" name="talkId" type="string" required="true"/>
        </parameters>
        <context-parameters>
            <context-parameter name="page_id"/>
            <context-parameter name="user_id"/>
        </context-parameters>
    </macro-page>

    <macro-page key="talk" name="Talk" url="/talk/shortcut" output-type="inline" width="200px" height="32px" body-type="none" featured="true">
        <macro-editor url="/talk/macro-editor" width="700" height="350"/>
        <parameters>
            <parameter title="TalkId" name="talkId" type="string" required="true"/>
        </parameters>
        <context-parameters>
            <context-parameter name="page_id"/>
            <context-parameter name="user_id"/>
        </context-parameters>
    </macro-page>

</atlassian-plugin>