{"key":"timereports","name":"Time Reports for JIRA OnDemand","description":"Provides miscellaneous views for JIRA time tracking data","enableLicensing":true,"vendor":{"name":"Andriy Zhdanov","url":"http://www.jiratimesheet.com"},"baseUrl":"https://jiratimereports.herokuapp.com","links":{"self":"https://jiratimereports.herokuapp.com/atlassian-connect.json","homepage":"https://jiratimereports.herokuapp.com/atlassian-connect.json"},"documentationUrl":"/documentation","authentication":{"type":"jwt"},"lifecycle":{"installed":"/installed"},"modules":{"generalPages":[{"location":"find_link/timesheet-menu","name":{"value":"Time Reports"},"url":"/timereports","key":"timereports","conditions":[{"condition":"user_is_logged_in"}]}],"configurePage":{"name":{"value":"Time Reports Configuration"},"url":"/configuration","key":"configuration","conditions":[{"condition":"user_is_logged_in"}]}},"scopes":["READ"],"version":"1.0.2"}