<?xml version="1.0"?>
<atlassian-plugin key="tpfiles.geomagics.3dsystems" name="Big File Uploader" plugins-version="2">
    <plugin-info>
        <description>JIRA add-on for uploading large file via Teamplatform, which is only available OnDemand JIRA Instance.</description>
        <version>1.0</version>
        <vendor name="3D Systems Korea" url="http://www.3dsystems.com"/>
	    <permissions>
	    	<permission>create_oauth_link</permission>
			<permission>browse_projects</permission>	    	
	    </permissions>
    </plugin-info>
    
    <remote-plugin-container key="container" display-url="http://atlas-addon.rapidform.com">
    
    <!--
    <remote-plugin-container key="container" display-url="http://tpuploader-jira.geomagic.com">
    -->
    	<oauth>
    		<public-key>
-----BEGIN PUBLIC KEY-----
MIGfMA0GCSqGSIb3DQEBAQUAA4GNADCBiQKBgQCmkc/pygEZn16/e3O1YLIImyCC
/LetFUL6cAfmhVHY3W2JklUGSJrdflfX3Ju74ICWpXXKXmUsvDQB4vYIs39kmCBv
zVlHBRs5GSSn6kCqWjYgnVxf7Igcf9tP4Uk92hBRC9QJ1xxEE116kQ0CJ8AtpbJ4
824Y8PaGYDU6aoAkpwIDAQAB
-----END PUBLIC KEY-----
    		</public-key>
    	</oauth>

    </remote-plugin-container>

    <webhook key="enabled" event="remote_plugin_enabled" url="/tpfiles/enabled" />
    <webhook key="installed" event="remote_plugin_installed" url="/tpfiles/installed" />

	<issue-panel-page key="tpuploader" name="Big File Uploader" url="/tpfiles/loader"></issue-panel-page>
</atlassian-plugin>