{"key":"user-management-tester-patrick","name":"User Management Tester","description":"Test user management with Connect","vendor":{"name":"Atlassian Connect","url":"https://connect.atlassian.com"},"baseUrl":"https://user-mgmt-tester-pat.herokuapp.com","links":{"self":"https://user-mgmt-tester-pat.herokuapp.com/descriptor/patrick/delete/atlassian-connect.json","homepage":"https://user-mgmt-tester-pat.herokuapp.com/descriptor/patrick/delete/atlassian-connect.json"},"authentication":{"type":"jwt"},"lifecycle":{"installed":"/installed"},"modules":{"generalPages":[{"key":"issue-tester-jira-patrick","location":"system.top.navigation.bar","name":{"value":"Issue Tester [patrick - delete]"},"url":"/jira/issue-tester"},{"key":"issue-tester-confluence-patrick","location":"system.header/left","name":{"value":"Page Tester [patrick - delete]"},"url":"/confluence/page-tester"}]},"scopes":["delete"],"version":"1.31.0"}