{"key":"user-management-tester-AH1RD","name":"User Management Tester","description":"Test user management with Connect","vendor":{"name":"Atlassian Connect","url":"https://connect.atlassian.com"},"baseUrl":"https://addon-user-tester-aholmgren.herokuapp.com","links":{"self":"https://addon-user-tester-aholmgren.herokuapp.com/descriptor/AH1RD/WRITE/atlassian-connect.json","homepage":"https://addon-user-tester-aholmgren.herokuapp.com/descriptor/AH1RD/WRITE/atlassian-connect.json"},"authentication":{"type":"jwt"},"lifecycle":{"installed":"/installed"},"modules":{"generalPages":[{"key":"issue-tester-jira-AH1RD","location":"system.top.navigation.bar","name":{"value":"Issue Tester [AH1RD - WRITE]"},"url":"/jira/issue-tester"},{"key":"issue-tester-confluence-AH1RD","location":"system.header/left","name":{"value":"Page Tester [AH1RD - WRITE]"},"url":"/confluence/page-tester"}]},"scopes":["WRITE"],"version":"1.30.0"}