{"key":"user-management-tester-pb","name":"User Management Tester","description":"Test user management with Connect","vendor":{"name":"Atlassian Connect","url":"https://connect.atlassian.com"},"baseUrl":"https://user-mgt-tester-pbrownlow.herokuapp.com","links":{"self":"https://user-mgt-tester-pbrownlow.herokuapp.com/descriptor/pb/READ/atlassian-connect.json","homepage":"https://user-mgt-tester-pbrownlow.herokuapp.com/descriptor/pb/READ/atlassian-connect.json"},"authentication":{"type":"jwt"},"lifecycle":{"installed":"/installed"},"modules":{"generalPages":[{"key":"issue-tester-jira-pb","location":"system.top.navigation.bar","name":{"value":"Issue Tester [pb - READ]"},"url":"/jira/issue-tester"},{"key":"issue-tester-confluence-pb","location":"system.header/left","name":{"value":"Page Tester [pb - READ]"},"url":"/confluence/page-tester"}]},"scopes":["READ"],"version":"1.13.0"}