{"key":"web-frag-admin","name":"Web-Item adder","description":"Add your web-items","vendor":{"name":"Wittified, LLC","url":"http://www.wittified.com"},"baseUrl":"https://customizer.aod-apps.wittified.com","links":{"self":"https://customizer.aod-apps.wittified.com/the-atlassian-connect.json","homepage":"https://customizer.aod-apps.wittified.com/the-atlassian-connect.json"},"authentication":{"type":"jwt"},"lifecycle":{"installed":"/installed"},"modules":{"webItems":[{"url":"/editor/enable","location":"system.top.navigation.bar","context":"addon","weight":200,"conditions":[{"condition":"user_is_admin"},{"condition":"/conditions/display-enable-editor"}],"target":{"type":"dialog","options":{"width":"300","height":"300"}},"styleClasses":["webitem","system-present-webitem"],"tooltip":{"value":"Example tooltip"},"key":"enable-editor","name":{"value":"Enable Editor"}},{"url":"/editor/disable","location":"system.top.navigation.bar","context":"addon","weight":200,"conditions":[{"condition":"user_is_admin"},{"condition":"/conditions/display-disable-editor"}],"target":{"type":"dialog","options":{"width":"300","height":"300"}},"styleClasses":["webitem","system-present-webitem"],"tooltip":{"value":"Example tooltip"},"key":"disable-editor","name":{"value":"Disable Editor"}},{"url":"/editor/editor?webitem=users_groups_configurationwittifiedescapedslashembedded_crowd_section","location":"users_groups_configuration/embedded_crowd_section","context":"addon","weight":200,"conditions":[{"condition":"user_is_admin"},{"condition":"/conditions/display-disable-editor"}],"target":{"type":"dialog","options":{"width":"800","height":"600"}},"key":"edit-web-item-84","name":{"value":"Manage links"}},{"url":"/editor/editor?webitem=top_system_sectionwittifiedescapedslashuser_interface","location":"top_system_section/user_interface","context":"addon","weight":200,"conditions":[{"condition":"user_is_admin"},{"condition":"/conditions/display-disable-editor"}],"target":{"type":"dialog","options":{"width":"800","height":"600"}},"key":"edit-web-item-20","name":{"value":"Manage links"}},{"url":"/editor/editor?webitem=top_system_sectionwittifiedescapedslashtroubleshooting_and_support","location":"top_system_section/troubleshooting_and_support","context":"addon","weight":200,"conditions":[{"condition":"user_is_admin"},{"condition":"/conditions/display-disable-editor"}],"target":{"type":"dialog","options":{"width":"800","height":"600"}},"key":"edit-web-item-53","name":{"value":"Manage links"}},{"url":"/editor/editor?webitem=top_system_sectionwittifiedescapedslashsupport_tools_section","location":"top_system_section/support_tools_section","context":"addon","weight":200,"conditions":[{"condition":"user_is_admin"},{"condition":"/conditions/display-disable-editor"}],"target":{"type":"dialog","options":{"width":"800","height":"600"}},"key":"edit-web-item-47","name":{"value":"Manage links"}},{"url":"/editor/editor?webitem=top_system_sectionwittifiedescapedslashsecurity_section","location":"top_system_section/security_section","context":"addon","weight":200,"conditions":[{"condition":"user_is_admin"},{"condition":"/conditions/display-disable-editor"}],"target":{"type":"dialog","options":{"width":"800","height":"600"}},"key":"edit-web-item-68","name":{"value":"Manage links"}},{"url":"/editor/editor?webitem=top_system_sectionwittifiedescapedslashmail_section","location":"top_system_section/mail_section","context":"addon","weight":200,"conditions":[{"condition":"user_is_admin"},{"condition":"/conditions/display-disable-editor"}],"target":{"type":"dialog","options":{"width":"800","height":"600"}},"key":"edit-web-item-16","name":{"value":"Manage links"}},{"url":"/editor/editor?webitem=top_system_sectionwittifiedescapedslashissue_features","location":"top_system_section/issue_features","context":"addon","weight":200,"conditions":[{"condition":"user_is_admin"},{"condition":"/conditions/display-disable-editor"}],"target":{"type":"dialog","options":{"width":"800","height":"600"}},"key":"edit-web-item-65","name":{"value":"Manage links"}},{"url":"/editor/editor?webitem=top_system_sectionwittifiedescapedslashimport_export_section","location":"top_system_section/import_export_section","context":"addon","weight":200,"conditions":[{"condition":"user_is_admin"},{"condition":"/conditions/display-disable-editor"}],"target":{"type":"dialog","options":{"width":"800","height":"600"}},"key":"edit-web-item-95","name":{"value":"Manage links"}},{"url":"/editor/editor?webitem=top_system_sectionwittifiedescapedslashadvanced_section","location":"top_system_section/advanced_section","context":"addon","weight":200,"conditions":[{"condition":"user_is_admin"},{"condition":"/conditions/display-disable-editor"}],"target":{"type":"dialog","options":{"width":"800","height":"600"}},"key":"edit-web-item-3","name":{"value":"Manage links"}},{"url":"/editor/editor?webitem=top_plugins_sectionwittifiedescapedslashual_section","location":"top_plugins_section/ual_section","context":"addon","weight":200,"conditions":[{"condition":"user_is_admin"},{"condition":"/conditions/display-disable-editor"}],"target":{"type":"dialog","options":{"width":"800","height":"600"}},"key":"edit-web-item-73","name":{"value":"Manage links"}},{"url":"/editor/editor?webitem=system.view.project.operations","location":"system.view.project.operations","context":"addon","weight":200,"conditions":[{"condition":"user_is_admin"},{"condition":"/conditions/display-disable-editor"}],"target":{"type":"dialog","options":{"width":"800","height":"600"}},"key":"edit-web-item-90","name":{"value":"Manage links"}},{"url":"/editor/editor?webitem=system.userwittifiedescapedslashuser-content","location":"system.user/user-content","context":"addon","weight":200,"conditions":[{"condition":"user_is_admin"},{"condition":"/conditions/display-disable-editor"}],"target":{"type":"dialog","options":{"width":"800","height":"600"}},"key":"edit-web-item-24","name":{"value":"Manage links"}},{"url":"/editor/editor?webitem=system.user.profile.linkswittifiedescapedslashoperations","location":"system.user.profile.links/operations","context":"addon","weight":200,"conditions":[{"condition":"user_is_admin"},{"condition":"/conditions/display-disable-editor"}],"target":{"type":"dialog","options":{"width":"800","height":"600"}},"key":"edit-web-item-34","name":{"value":"Manage links"}},{"url":"/editor/editor?webitem=system.user.optionswittifiedescapedslashsystem","location":"system.user.options/system","context":"addon","weight":200,"conditions":[{"condition":"user_is_admin"},{"condition":"/conditions/display-disable-editor"}],"target":{"type":"dialog","options":{"width":"800","height":"600"}},"key":"edit-web-item-83","name":{"value":"Manage links"}},{"url":"/editor/editor?webitem=system.user.optionswittifiedescapedslashset_my_jira_home","location":"system.user.options/set_my_jira_home","context":"addon","weight":200,"conditions":[{"condition":"user_is_admin"},{"condition":"/conditions/display-disable-editor"}],"target":{"type":"dialog","options":{"width":"800","height":"600"}},"key":"edit-web-item-87","name":{"value":"Manage links"}},{"url":"/editor/editor?webitem=system.user.optionswittifiedescapedslashpersonal","location":"system.user.options/personal","context":"addon","weight":200,"conditions":[{"condition":"user_is_admin"},{"condition":"/conditions/display-disable-editor"}],"target":{"type":"dialog","options":{"width":"800","height":"600"}},"key":"edit-web-item-31","name":{"value":"Manage links"}},{"url":"/editor/editor?webitem=system.user.optionswittifiedescapedslashjira-help","location":"system.user.options/jira-help","context":"addon","weight":200,"conditions":[{"condition":"user_is_admin"},{"condition":"/conditions/display-disable-editor"}],"target":{"type":"dialog","options":{"width":"800","height":"600"}},"key":"edit-web-item-33","name":{"value":"Manage links"}},{"url":"/editor/editor?webitem=system.user.hover.links","location":"system.user.hover.links","context":"addon","weight":200,"conditions":[{"condition":"user_is_admin"},{"condition":"/conditions/display-disable-editor"}],"target":{"type":"dialog","options":{"width":"800","height":"600"}},"key":"edit-web-item-12","name":{"value":"Manage links"}},{"url":"/editor/editor?webitem=system.user.create.optionswittifiedescapedslashcreate-menu-section","location":"system.user.create.options/create-menu-section","context":"addon","weight":200,"conditions":[{"condition":"user_is_admin"},{"condition":"/conditions/display-disable-editor"}],"target":{"type":"dialog","options":{"width":"800","height":"600"}},"key":"edit-web-item-46","name":{"value":"Manage links"}},{"url":"/editor/editor?webitem=system.top.navigation.bar","location":"system.top.navigation.bar","context":"addon","weight":200,"conditions":[{"condition":"user_is_admin"},{"condition":"/conditions/display-disable-editor"}],"target":{"type":"dialog","options":{"width":"800","height":"600"}},"key":"edit-web-item-29","name":{"value":"Manage links"}},{"url":"/editor/editor?webitem=system.top.navigation.admin.link","location":"system.top.navigation.admin.link","context":"addon","weight":200,"conditions":[{"condition":"user_is_admin"},{"condition":"/conditions/display-disable-editor"}],"target":{"type":"dialog","options":{"width":"800","height":"600"}},"key":"edit-web-item-22","name":{"value":"Manage links"}},{"url":"/editor/editor?webitem=system.preset.filters.column.two","location":"system.preset.filters.column.two","context":"addon","weight":200,"conditions":[{"condition":"user_is_admin"},{"condition":"/conditions/display-disable-editor"}],"target":{"type":"dialog","options":{"width":"800","height":"600"}},"key":"edit-web-item-63","name":{"value":"Manage links"}},{"url":"/editor/editor?webitem=system.preset.filters.column.three","location":"system.preset.filters.column.three","context":"addon","weight":200,"conditions":[{"condition":"user_is_admin"},{"condition":"/conditions/display-disable-editor"}],"target":{"type":"dialog","options":{"width":"800","height":"600"}},"key":"edit-web-item-92","name":{"value":"Manage links"}},{"url":"/editor/editor?webitem=system.preset.filters.column.one","location":"system.preset.filters.column.one","context":"addon","weight":200,"conditions":[{"condition":"user_is_admin"},{"condition":"/conditions/display-disable-editor"}],"target":{"type":"dialog","options":{"width":"800","height":"600"}},"key":"edit-web-item-60","name":{"value":"Manage links"}},{"url":"/editor/editor?webitem=system.preset.filters.column.four","location":"system.preset.filters.column.four","context":"addon","weight":200,"conditions":[{"condition":"user_is_admin"},{"condition":"/conditions/display-disable-editor"}],"target":{"type":"dialog","options":{"width":"800","height":"600"}},"key":"edit-web-item-58","name":{"value":"Manage links"}},{"url":"/editor/editor?webitem=system.preset.filters","location":"system.preset.filters","context":"addon","weight":200,"conditions":[{"condition":"user_is_admin"},{"condition":"/conditions/display-disable-editor"}],"target":{"type":"dialog","options":{"width":"800","height":"600"}},"key":"edit-web-item-11","name":{"value":"Manage links"}},{"url":"/editor/editor?webitem=system.headerwittifiedescapedslashleft","location":"system.header/left","context":"addon","weight":200,"conditions":[{"condition":"user_is_admin"},{"condition":"/conditions/display-disable-editor"}],"target":{"type":"dialog","options":{"width":"800","height":"600"}},"key":"edit-web-item-44","name":{"value":"Manage links"}},{"url":"/editor/editor?webitem=system.browse.projects.operations","location":"system.browse.projects.operations","context":"addon","weight":200,"conditions":[{"condition":"user_is_admin"},{"condition":"/conditions/display-disable-editor"}],"target":{"type":"dialog","options":{"width":"800","height":"600"}},"key":"edit-web-item-4","name":{"value":"Manage links"}},{"url":"/editor/editor?webitem=system.admin.userbrowser.opsbar","location":"system.admin.userbrowser.opsbar","context":"addon","weight":200,"conditions":[{"condition":"user_is_admin"},{"condition":"/conditions/display-disable-editor"}],"target":{"type":"dialog","options":{"width":"800","height":"600"}},"key":"edit-web-item-66","name":{"value":"Manage links"}},{"url":"/editor/editor?webitem=system.adminwittifiedescapedslashsystem","location":"system.admin/system","context":"addon","weight":200,"conditions":[{"condition":"user_is_admin"},{"condition":"/conditions/display-disable-editor"}],"target":{"type":"dialog","options":{"width":"800","height":"600"}},"key":"edit-web-item-25","name":{"value":"Manage links"}},{"url":"/editor/editor?webitem=system.adminwittifiedescapedslashmarketplace_jira","location":"system.admin/marketplace_jira","context":"addon","weight":200,"conditions":[{"condition":"user_is_admin"},{"condition":"/conditions/display-disable-editor"}],"target":{"type":"dialog","options":{"width":"800","height":"600"}},"key":"edit-web-item-2","name":{"value":"Manage links"}},{"url":"/editor/editor?webitem=system.adminwittifiedescapedslashmarketplace_confluence","location":"system.admin/marketplace_confluence","context":"addon","weight":200,"conditions":[{"condition":"user_is_admin"},{"condition":"/conditions/display-disable-editor"}],"target":{"type":"dialog","options":{"width":"800","height":"600"}},"key":"edit-web-item-79","name":{"value":"Manage links"}},{"url":"/editor/editor?webitem=system.admin.header.pageactions","location":"system.admin.header.pageactions","context":"addon","weight":200,"conditions":[{"condition":"user_is_admin"},{"condition":"/conditions/display-disable-editor"}],"target":{"type":"dialog","options":{"width":"800","height":"600"}},"key":"edit-web-item-40","name":{"value":"Manage links"}},{"url":"/editor/editor?webitem=system.adminwittifiedescapedslashglobalsettings","location":"system.admin/globalsettings","context":"addon","weight":200,"conditions":[{"condition":"user_is_admin"},{"condition":"/conditions/display-disable-editor"}],"target":{"type":"dialog","options":{"width":"800","height":"600"}},"key":"edit-web-item-74","name":{"value":"Manage links"}},{"url":"/editor/editor?webitem=system.adminwittifiedescapedslashgeneral","location":"system.admin/general","context":"addon","weight":200,"conditions":[{"condition":"user_is_admin"},{"condition":"/conditions/display-disable-editor"}],"target":{"type":"dialog","options":{"width":"800","height":"600"}},"key":"edit-web-item-96","name":{"value":"Manage links"}},{"url":"/editor/editor?webitem=operations-work","location":"operations-work","context":"addon","weight":200,"conditions":[{"condition":"user_is_admin"},{"condition":"/conditions/display-disable-editor"}],"target":{"type":"dialog","options":{"width":"800","height":"600"}},"key":"edit-web-item-80","name":{"value":"Manage links"}},{"url":"/editor/editor?webitem=operations-voteswatchers","location":"operations-voteswatchers","context":"addon","weight":200,"conditions":[{"condition":"user_is_admin"},{"condition":"/conditions/display-disable-editor"}],"target":{"type":"dialog","options":{"width":"800","height":"600"}},"key":"edit-web-item-32","name":{"value":"Manage links"}},{"url":"/editor/editor?webitem=operations-top-level","location":"operations-top-level","context":"addon","weight":200,"conditions":[{"condition":"user_is_admin"},{"condition":"/conditions/display-disable-editor"}],"target":{"type":"dialog","options":{"width":"800","height":"600"}},"key":"edit-web-item-76","name":{"value":"Manage links"}},{"url":"/editor/editor?webitem=operations-subtasks","location":"operations-subtasks","context":"addon","weight":200,"conditions":[{"condition":"user_is_admin"},{"condition":"/conditions/display-disable-editor"}],"target":{"type":"dialog","options":{"width":"800","height":"600"}},"key":"edit-web-item-36","name":{"value":"Manage links"}},{"url":"/editor/editor?webitem=operations-operations","location":"operations-operations","context":"addon","weight":200,"conditions":[{"condition":"user_is_admin"},{"condition":"/conditions/display-disable-editor"}],"target":{"type":"dialog","options":{"width":"800","height":"600"}},"key":"edit-web-item-7","name":{"value":"Manage links"}},{"url":"/editor/editor?webitem=operations-fields","location":"operations-fields","context":"addon","weight":200,"conditions":[{"condition":"user_is_admin"},{"condition":"/conditions/display-disable-editor"}],"target":{"type":"dialog","options":{"width":"800","height":"600"}},"key":"edit-web-item-103","name":{"value":"Manage links"}},{"url":"/editor/editor?webitem=operations-delete","location":"operations-delete","context":"addon","weight":200,"conditions":[{"condition":"user_is_admin"},{"condition":"/conditions/display-disable-editor"}],"target":{"type":"dialog","options":{"width":"800","height":"600"}},"key":"edit-web-item-81","name":{"value":"Manage links"}},{"url":"/editor/editor?webitem=operations-attachments","location":"operations-attachments","context":"addon","weight":200,"conditions":[{"condition":"user_is_admin"},{"condition":"/conditions/display-disable-editor"}],"target":{"type":"dialog","options":{"width":"800","height":"600"}},"key":"edit-web-item-10","name":{"value":"Manage links"}},{"url":"/editor/editor?webitem=operations-admin-helper","location":"operations-admin-helper","context":"addon","weight":200,"conditions":[{"condition":"user_is_admin"},{"condition":"/conditions/display-disable-editor"}],"target":{"type":"dialog","options":{"width":"800","height":"600"}},"key":"edit-web-item-21","name":{"value":"Manage links"}},{"url":"/editor/editor?webitem=jira.project.templates","location":"jira.project.templates","context":"addon","weight":200,"conditions":[{"condition":"user_is_admin"},{"condition":"/conditions/display-disable-editor"}],"target":{"type":"dialog","options":{"width":"800","height":"600"}},"key":"edit-web-item-17","name":{"value":"Manage links"}},{"url":"/editor/editor?webitem=jira.navigator.pluggable.items","location":"jira.navigator.pluggable.items","context":"addon","weight":200,"conditions":[{"condition":"user_is_admin"},{"condition":"/conditions/display-disable-editor"}],"target":{"type":"dialog","options":{"width":"800","height":"600"}},"key":"edit-web-item-59","name":{"value":"Manage links"}},{"url":"/editor/editor?webitem=jira.issue.tools","location":"jira.issue.tools","context":"addon","weight":200,"conditions":[{"condition":"user_is_admin"},{"condition":"/conditions/display-disable-editor"}],"target":{"type":"dialog","options":{"width":"800","height":"600"}},"key":"edit-web-item-64","name":{"value":"Manage links"}},{"url":"/editor/editor?webitem=jira.hintswittifiedescapedslashLABELS","location":"jira.hints/LABELS","context":"addon","weight":200,"conditions":[{"condition":"user_is_admin"},{"condition":"/conditions/display-disable-editor"}],"target":{"type":"dialog","options":{"width":"800","height":"600"}},"key":"edit-web-item-6","name":{"value":"Manage links"}},{"url":"/editor/editor?webitem=jira.hintswittifiedescapedslashCOMMENT","location":"jira.hints/COMMENT","context":"addon","weight":200,"conditions":[{"condition":"user_is_admin"},{"condition":"/conditions/display-disable-editor"}],"target":{"type":"dialog","options":{"width":"800","height":"600"}},"key":"edit-web-item-9","name":{"value":"Manage links"}},{"url":"/editor/editor?webitem=jira.hintswittifiedescapedslashASSIGN","location":"jira.hints/ASSIGN","context":"addon","weight":200,"conditions":[{"condition":"user_is_admin"},{"condition":"/conditions/display-disable-editor"}],"target":{"type":"dialog","options":{"width":"800","height":"600"}},"key":"edit-web-item-51","name":{"value":"Manage links"}},{"url":"/editor/editor?webitem=home_linkwittifiedescapedslashdashboard_link_manage","location":"home_link/dashboard_link_manage","context":"addon","weight":200,"conditions":[{"condition":"user_is_admin"},{"condition":"/conditions/display-disable-editor"}],"target":{"type":"dialog","options":{"width":"800","height":"600"}},"key":"edit-web-item-39","name":{"value":"Manage links"}},{"url":"/editor/editor?webitem=header.global.primary","location":"header.global.primary","context":"addon","weight":200,"conditions":[{"condition":"user_is_admin"},{"condition":"/conditions/display-disable-editor"}],"target":{"type":"dialog","options":{"width":"800","height":"600"}},"key":"edit-web-item-89","name":{"value":"Manage links"}},{"url":"/editor/editor?webitem=gadgets.dashboard.tools.menu","location":"gadgets.dashboard.tools.menu","context":"addon","weight":200,"conditions":[{"condition":"user_is_admin"},{"condition":"/conditions/display-disable-editor"}],"target":{"type":"dialog","options":{"width":"800","height":"600"}},"key":"edit-web-item-41","name":{"value":"Manage links"}},{"url":"/editor/editor?webitem=gadgets.dashboard.menu","location":"gadgets.dashboard.menu","context":"addon","weight":200,"conditions":[{"condition":"user_is_admin"},{"condition":"/conditions/display-disable-editor"}],"target":{"type":"dialog","options":{"width":"800","height":"600"}},"key":"edit-web-item-38","name":{"value":"Manage links"}},{"url":"/editor/editor?webitem=find_linkwittifiedescapedslashissues_new","location":"find_link/issues_new","context":"addon","weight":200,"conditions":[{"condition":"user_is_admin"},{"condition":"/conditions/display-disable-editor"}],"target":{"type":"dialog","options":{"width":"800","height":"600"}},"key":"edit-web-item-72","name":{"value":"Manage links"}},{"url":"/editor/editor?webitem=find_linkwittifiedescapedslashissues_manage_filters","location":"find_link/issues_manage_filters","context":"addon","weight":200,"conditions":[{"condition":"user_is_admin"},{"condition":"/conditions/display-disable-editor"}],"target":{"type":"dialog","options":{"width":"800","height":"600"}},"key":"edit-web-item-82","name":{"value":"Manage links"}},{"url":"/editor/editor?webitem=embedded.crowd.additional","location":"embedded.crowd.additional","context":"addon","weight":200,"conditions":[{"condition":"user_is_admin"},{"condition":"/conditions/display-disable-editor"}],"target":{"type":"dialog","options":{"width":"800","height":"600"}},"key":"edit-web-item-15","name":{"value":"Manage links"}},{"url":"/editor/editor?webitem=element_options_sectionwittifiedescapedslashworkflows_section","location":"element_options_section/workflows_section","context":"addon","weight":200,"conditions":[{"condition":"user_is_admin"},{"condition":"/conditions/display-disable-editor"}],"target":{"type":"dialog","options":{"width":"800","height":"600"}},"key":"edit-web-item-99","name":{"value":"Manage links"}},{"url":"/editor/editor?webitem=element_options_sectionwittifiedescapedslashscreens_section","location":"element_options_section/screens_section","context":"addon","weight":200,"conditions":[{"condition":"user_is_admin"},{"condition":"/conditions/display-disable-editor"}],"target":{"type":"dialog","options":{"width":"800","height":"600"}},"key":"edit-web-item-50","name":{"value":"Manage links"}},{"url":"/editor/editor?webitem=element_options_sectionwittifiedescapedslashissue_types_section","location":"element_options_section/issue_types_section","context":"addon","weight":200,"conditions":[{"condition":"user_is_admin"},{"condition":"/conditions/display-disable-editor"}],"target":{"type":"dialog","options":{"width":"800","height":"600"}},"key":"edit-web-item-97","name":{"value":"Manage links"}},{"url":"/editor/editor?webitem=element_options_sectionwittifiedescapedslashfields_section","location":"element_options_section/fields_section","context":"addon","weight":200,"conditions":[{"condition":"user_is_admin"},{"condition":"/conditions/display-disable-editor"}],"target":{"type":"dialog","options":{"width":"800","height":"600"}},"key":"edit-web-item-88","name":{"value":"Manage links"}},{"url":"/editor/editor?webitem=dev-toolbar-menu","location":"dev-toolbar-menu","context":"addon","weight":200,"conditions":[{"condition":"user_is_admin"},{"condition":"/conditions/display-disable-editor"}],"target":{"type":"dialog","options":{"width":"800","height":"600"}},"key":"edit-web-item-18","name":{"value":"Manage links"}},{"url":"/editor/editor?webitem=dev-toolbar","location":"dev-toolbar","context":"addon","weight":200,"conditions":[{"condition":"user_is_admin"},{"condition":"/conditions/display-disable-editor"}],"target":{"type":"dialog","options":{"width":"800","height":"600"}},"key":"edit-web-item-19","name":{"value":"Manage links"}},{"url":"/editor/editor?webitem=devstatus-cta-list","location":"devstatus-cta-list","context":"addon","weight":200,"conditions":[{"condition":"user_is_admin"},{"condition":"/conditions/display-disable-editor"}],"target":{"type":"dialog","options":{"width":"800","height":"600"}},"key":"edit-web-item-8","name":{"value":"Manage links"}},{"url":"/editor/editor?webitem=devstatus.cta.createbranch","location":"devstatus.cta.createbranch","context":"addon","weight":200,"conditions":[{"condition":"user_is_admin"},{"condition":"/conditions/display-disable-editor"}],"target":{"type":"dialog","options":{"width":"800","height":"600"}},"key":"edit-web-item-78","name":{"value":"Manage links"}},{"url":"/editor/editor?webitem=create-issue-link-types","location":"create-issue-link-types","context":"addon","weight":200,"conditions":[{"condition":"user_is_admin"},{"condition":"/conditions/display-disable-editor"}],"target":{"type":"dialog","options":{"width":"800","height":"600"}},"key":"edit-web-item-30","name":{"value":"Manage links"}},{"url":"/editor/editor?webitem=com.atlassian.jira.jira-view-issue-pluginwittifiedescapedcolonview-subtaskswittifiedescapedslashheader","location":"com.atlassian.jira.jira-view-issue-plugin:view-subtasks/header","context":"addon","weight":200,"conditions":[{"condition":"user_is_admin"},{"condition":"/conditions/display-disable-editor"}],"target":{"type":"dialog","options":{"width":"800","height":"600"}},"key":"edit-web-item-14","name":{"value":"Manage links"}},{"url":"/editor/editor?webitem=com.atlassian.jira.jira-view-issue-pluginwittifiedescapedcolontimetrackingmodulewittifiedescapedslashheader","location":"com.atlassian.jira.jira-view-issue-plugin:timetrackingmodule/header","context":"addon","weight":200,"conditions":[{"condition":"user_is_admin"},{"condition":"/conditions/display-disable-editor"}],"target":{"type":"dialog","options":{"width":"800","height":"600"}},"key":"edit-web-item-35","name":{"value":"Manage links"}},{"url":"/editor/editor?webitem=com.atlassian.jira.jira-view-issue-pluginwittifiedescapedcolonlinkingmodulewittifiedescapedslashheader","location":"com.atlassian.jira.jira-view-issue-plugin:linkingmodule/header","context":"addon","weight":200,"conditions":[{"condition":"user_is_admin"},{"condition":"/conditions/display-disable-editor"}],"target":{"type":"dialog","options":{"width":"800","height":"600"}},"key":"edit-web-item-67","name":{"value":"Manage links"}},{"url":"/editor/editor?webitem=com.atlassian.jira.jira-view-issue-pluginwittifiedescapedcolonattachmentmodulewittifiedescapedslashheader","location":"com.atlassian.jira.jira-view-issue-plugin:attachmentmodule/header","context":"addon","weight":200,"conditions":[{"condition":"user_is_admin"},{"condition":"/conditions/display-disable-editor"}],"target":{"type":"dialog","options":{"width":"800","height":"600"}},"key":"edit-web-item-43","name":{"value":"Manage links"}},{"url":"/editor/editor?webitem=com.atlassian.jira.jira-view-issue-pluginwittifiedescapedcolonattachmentmodulewittifiedescapedslashdrop/attachment-manage-options","location":"com.atlassian.jira.jira-view-issue-plugin:attachmentmodule/drop/attachment-manage-options","context":"addon","weight":200,"conditions":[{"condition":"user_is_admin"},{"condition":"/conditions/display-disable-editor"}],"target":{"type":"dialog","options":{"width":"800","height":"600"}},"key":"edit-web-item-52","name":{"value":"Manage links"}},{"url":"/editor/editor?webitem=browse_linkwittifiedescapedslashproject_view_all","location":"browse_link/project_view_all","context":"addon","weight":200,"conditions":[{"condition":"user_is_admin"},{"condition":"/conditions/display-disable-editor"}],"target":{"type":"dialog","options":{"width":"800","height":"600"}},"key":"edit-web-item-77","name":{"value":"Manage links"}},{"url":"/editor/editor?webitem=browse_linkwittifiedescapedslashproject_new","location":"browse_link/project_new","context":"addon","weight":200,"conditions":[{"condition":"user_is_admin"},{"condition":"/conditions/display-disable-editor"}],"target":{"type":"dialog","options":{"width":"800","height":"600"}},"key":"edit-web-item-98","name":{"value":"Manage links"}},{"url":"/editor/editor?webitem=browse_linkwittifiedescapedslashproject_current","location":"browse_link/project_current","context":"addon","weight":200,"conditions":[{"condition":"user_is_admin"},{"condition":"/conditions/display-disable-editor"}],"target":{"type":"dialog","options":{"width":"800","height":"600"}},"key":"edit-web-item-100","name":{"value":"Manage links"}},{"url":"/editor/editor?webitem=atl.jira.version.admin.operations","location":"atl.jira.version.admin.operations","context":"addon","weight":200,"conditions":[{"condition":"user_is_admin"},{"condition":"/conditions/display-disable-editor"}],"target":{"type":"dialog","options":{"width":"800","height":"600"}},"key":"edit-web-item-70","name":{"value":"Manage links"}},{"url":"/editor/editor?webitem=atl.jira.proj.configwittifiedescapedslashprojectgroup4","location":"atl.jira.proj.config/projectgroup4","context":"addon","weight":200,"conditions":[{"condition":"user_is_admin"},{"condition":"/conditions/display-disable-editor"}],"target":{"type":"dialog","options":{"width":"800","height":"600"}},"key":"edit-web-item-56","name":{"value":"Manage links"}},{"url":"/editor/editor?webitem=atl.jira.proj.configwittifiedescapedslashprojectgroup3","location":"atl.jira.proj.config/projectgroup3","context":"addon","weight":200,"conditions":[{"condition":"user_is_admin"},{"condition":"/conditions/display-disable-editor"}],"target":{"type":"dialog","options":{"width":"800","height":"600"}},"key":"edit-web-item-57","name":{"value":"Manage links"}},{"url":"/editor/editor?webitem=atl.jira.proj.configwittifiedescapedslashprojectgroup2","location":"atl.jira.proj.config/projectgroup2","context":"addon","weight":200,"conditions":[{"condition":"user_is_admin"},{"condition":"/conditions/display-disable-editor"}],"target":{"type":"dialog","options":{"width":"800","height":"600"}},"key":"edit-web-item-54","name":{"value":"Manage links"}},{"url":"/editor/editor?webitem=atl.jira.proj.configwittifiedescapedslashprojectgroup1","location":"atl.jira.proj.config/projectgroup1","context":"addon","weight":200,"conditions":[{"condition":"user_is_admin"},{"condition":"/conditions/display-disable-editor"}],"target":{"type":"dialog","options":{"width":"800","height":"600"}},"key":"edit-web-item-55","name":{"value":"Manage links"}},{"url":"/editor/editor?webitem=atl.jira.proj.configwittifiedescapedslashissuecollectorgroup","location":"atl.jira.proj.config/issuecollectorgroup","context":"addon","weight":200,"conditions":[{"condition":"user_is_admin"},{"condition":"/conditions/display-disable-editor"}],"target":{"type":"dialog","options":{"width":"800","height":"600"}},"key":"edit-web-item-86","name":{"value":"Manage links"}},{"url":"/editor/editor?webitem=atl.jira.proj.configwittifiedescapedslashdevstatus-admin-page-group","location":"atl.jira.proj.config/devstatus-admin-page-group","context":"addon","weight":200,"conditions":[{"condition":"user_is_admin"},{"condition":"/conditions/display-disable-editor"}],"target":{"type":"dialog","options":{"width":"800","height":"600"}},"key":"edit-web-item-85","name":{"value":"Manage links"}},{"url":"/editor/editor?webitem=atl.jira.proj.configwittifiedescapedslashcustom-content-links-admin-page-group","location":"atl.jira.proj.config/custom-content-links-admin-page-group","context":"addon","weight":200,"conditions":[{"condition":"user_is_admin"},{"condition":"/conditions/display-disable-editor"}],"target":{"type":"dialog","options":{"width":"800","height":"600"}},"key":"edit-web-item-101","name":{"value":"Manage links"}},{"url":"/editor/editor?webitem=atj.jira.proj.nav.switcherwittifiedescapedslashproject-navswitcher","location":"atj.jira.proj.nav.switcher/project-navswitcher","context":"addon","weight":200,"conditions":[{"condition":"user_is_admin"},{"condition":"/conditions/display-disable-editor"}],"target":{"type":"dialog","options":{"width":"800","height":"600"}},"key":"edit-web-item-5","name":{"value":"Manage links"}},{"url":"/editor/editor?webitem=applinks.application.link.list.operation","location":"applinks.application.link.list.operation","context":"addon","weight":200,"conditions":[{"condition":"user_is_admin"},{"condition":"/conditions/display-disable-editor"}],"target":{"type":"dialog","options":{"width":"800","height":"600"}},"key":"edit-web-item-42","name":{"value":"Manage links"}},{"url":"/editor/editor?webitem=advanced_menu_sectionwittifiedescapedslashadvanced_section","location":"advanced_menu_section/advanced_section","context":"addon","weight":200,"conditions":[{"condition":"user_is_admin"},{"condition":"/conditions/display-disable-editor"}],"target":{"type":"dialog","options":{"width":"800","height":"600"}},"key":"edit-web-item-62","name":{"value":"Manage links"}},{"url":"/editor/editor?webitem=admin_users_menuwittifiedescapedslashusers_groups_section","location":"admin_users_menu/users_groups_section","context":"addon","weight":200,"conditions":[{"condition":"user_is_admin"},{"condition":"/conditions/display-disable-editor"}],"target":{"type":"dialog","options":{"width":"800","height":"600"}},"key":"edit-web-item-28","name":{"value":"Manage links"}},{"url":"/editor/editor?webitem=admin_users_menuwittifiedescapedslashusers_groups_configuration","location":"admin_users_menu/users_groups_configuration","context":"addon","weight":200,"conditions":[{"condition":"user_is_admin"},{"condition":"/conditions/display-disable-editor"}],"target":{"type":"dialog","options":{"width":"800","height":"600"}},"key":"edit-web-item-37","name":{"value":"Manage links"}},{"url":"/editor/editor?webitem=admin_users_menuwittifiedescapedslashshared_section","location":"admin_users_menu/shared_section","context":"addon","weight":200,"conditions":[{"condition":"user_is_admin"},{"condition":"/conditions/display-disable-editor"}],"target":{"type":"dialog","options":{"width":"800","height":"600"}},"key":"edit-web-item-91","name":{"value":"Manage links"}},{"url":"/editor/editor?webitem=admin_system_menuwittifiedescapedslashtop_system_section","location":"admin_system_menu/top_system_section","context":"addon","weight":200,"conditions":[{"condition":"user_is_admin"},{"condition":"/conditions/display-disable-editor"}],"target":{"type":"dialog","options":{"width":"800","height":"600"}},"key":"edit-web-item-27","name":{"value":"Manage links"}},{"url":"/editor/editor?webitem=admin_system_menuwittifiedescapedslashlicensing_section","location":"admin_system_menu/licensing_section","context":"addon","weight":200,"conditions":[{"condition":"user_is_admin"},{"condition":"/conditions/display-disable-editor"}],"target":{"type":"dialog","options":{"width":"800","height":"600"}},"key":"edit-web-item-61","name":{"value":"Manage links"}},{"url":"/editor/editor?webitem=admin_project_menuwittifiedescapedslashproject_section","location":"admin_project_menu/project_section","context":"addon","weight":200,"conditions":[{"condition":"user_is_admin"},{"condition":"/conditions/display-disable-editor"}],"target":{"type":"dialog","options":{"width":"800","height":"600"}},"key":"edit-web-item-49","name":{"value":"Manage links"}},{"url":"/editor/editor?webitem=admin_plugins_menuwittifiedescapedslashupm_section","location":"admin_plugins_menu/upm_section","context":"addon","weight":200,"conditions":[{"condition":"user_is_admin"},{"condition":"/conditions/display-disable-editor"}],"target":{"type":"dialog","options":{"width":"800","height":"600"}},"key":"edit-web-item-71","name":{"value":"Manage links"}},{"url":"/editor/editor?webitem=admin_plugins_menuwittifiedescapedslashsource_control","location":"admin_plugins_menu/source_control","context":"addon","weight":200,"conditions":[{"condition":"user_is_admin"},{"condition":"/conditions/display-disable-editor"}],"target":{"type":"dialog","options":{"width":"800","height":"600"}},"key":"edit-web-item-75","name":{"value":"Manage links"}},{"url":"/editor/editor?webitem=admin_plugins_menuwittifiedescapedslashproject-templates","location":"admin_plugins_menu/project-templates","context":"addon","weight":200,"conditions":[{"condition":"user_is_admin"},{"condition":"/conditions/display-disable-editor"}],"target":{"type":"dialog","options":{"width":"800","height":"600"}},"key":"edit-web-item-45","name":{"value":"Manage links"}},{"url":"/editor/editor?webitem=admin_plugins_menuwittifiedescapedslashmonitoring_section","location":"admin_plugins_menu/monitoring_section","context":"addon","weight":200,"conditions":[{"condition":"user_is_admin"},{"condition":"/conditions/display-disable-editor"}],"target":{"type":"dialog","options":{"width":"800","height":"600"}},"key":"edit-web-item-26","name":{"value":"Manage links"}},{"url":"/editor/editor?webitem=admin_plugins_menuwittifiedescapedslashissue_collectors","location":"admin_plugins_menu/issue_collectors","context":"addon","weight":200,"conditions":[{"condition":"user_is_admin"},{"condition":"/conditions/display-disable-editor"}],"target":{"type":"dialog","options":{"width":"800","height":"600"}},"key":"edit-web-item-69","name":{"value":"Manage links"}},{"url":"/editor/editor?webitem=admin_plugins_menuwittifiedescapedslashbuilds_section","location":"admin_plugins_menu/builds_section","context":"addon","weight":200,"conditions":[{"condition":"user_is_admin"},{"condition":"/conditions/display-disable-editor"}],"target":{"type":"dialog","options":{"width":"800","height":"600"}},"key":"edit-web-item-102","name":{"value":"Manage links"}},{"url":"/editor/editor?webitem=admin_plugins_menuwittifiedescapedslashadmin-helper-admin-section","location":"admin_plugins_menu/admin-helper-admin-section","context":"addon","weight":200,"conditions":[{"condition":"user_is_admin"},{"condition":"/conditions/display-disable-editor"}],"target":{"type":"dialog","options":{"width":"800","height":"600"}},"key":"edit-web-item-13","name":{"value":"Manage links"}},{"url":"/editor/editor?webitem=admin_linkwittifiedescapedslashtasks","location":"admin_link/tasks","context":"addon","weight":200,"conditions":[{"condition":"user_is_admin"},{"condition":"/conditions/display-disable-editor"}],"target":{"type":"dialog","options":{"width":"800","height":"600"}},"key":"edit-web-item-93","name":{"value":"Manage links"}},{"url":"/editor/editor?webitem=admin_issues_menuwittifiedescapedslashmisc_schemes_section","location":"admin_issues_menu/misc_schemes_section","context":"addon","weight":200,"conditions":[{"condition":"user_is_admin"},{"condition":"/conditions/display-disable-editor"}],"target":{"type":"dialog","options":{"width":"800","height":"600"}},"key":"edit-web-item-94","name":{"value":"Manage links"}},{"url":"/editor/editor?webitem=admin_issues_menuwittifiedescapedslashissue_attributes","location":"admin_issues_menu/issue_attributes","context":"addon","weight":200,"conditions":[{"condition":"user_is_admin"},{"condition":"/conditions/display-disable-editor"}],"target":{"type":"dialog","options":{"width":"800","height":"600"}},"key":"edit-web-item-23","name":{"value":"Manage links"}},{"url":"/editor/editor?webitem=admin_auditing_menuwittifiedescapedslashadmin_auditing_section","location":"admin_auditing_menu/admin_auditing_section","context":"addon","weight":200,"conditions":[{"condition":"user_is_admin"},{"condition":"/conditions/display-disable-editor"}],"target":{"type":"dialog","options":{"width":"800","height":"600"}},"key":"edit-web-item-48","name":{"value":"Manage links"}},{"url":"/editor/editor?webitem=","location":"","context":"addon","weight":200,"conditions":[{"condition":"user_is_admin"},{"condition":"/conditions/display-disable-editor"}],"target":{"type":"dialog","options":{"width":"800","height":"600"}},"key":"edit-web-item-104","name":{"value":"Manage links"}}]},"version":"1.0.4"}