{"baseUrl":"http://reqr-webhook-inspector.herokuapp.com","key":"webhook-inspector","authentication":{"type":"jwt"},"vendor":{"name":"Ctoaas","url":"http://www.ctoaas.co"},"description":"Inspect Atlassian Connect Webhooks","name":"Webhook Inspector","lifecycle":{"installed":"/installed"},"modules":{"webhooks":[{"event":"attachment_created","url":"/attachment_created"},{"event":"attachment_removed","url":"/attachment_removed"},{"event":"attachment_updated","url":"/attachment_updated"},{"event":"attachment_viewed","url":"/attachment_viewed"},{"event":"blog_created","url":"/blog_created"},{"event":"blog_removed","url":"/blog_removed"},{"event":"blog_restored","url":"/blog_restored"},{"event":"blog_trashed","url":"/blog_trashed"},{"event":"blog_updated","url":"/blog_updated"},{"event":"blog_viewed","url":"/blog_viewed"},{"event":"comment_created","url":"/comment_created"},{"event":"comment_removed","url":"/comment_removed"},{"event":"comment_updated","url":"/comment_updated"},{"event":"group_created","url":"/group_created"},{"event":"group_removed","url":"/group_removed"},{"event":"label_added","url":"/label_added"},{"event":"label_created","url":"/label_created"},{"event":"label_deleted","url":"/label_deleted"},{"event":"label_removed","url":"/label_removed"},{"event":"login","url":"/login"},{"event":"login_failed","url":"/login_failed"},{"event":"logout","url":"/logout"},{"event":"page_children_reordered","url":"/page_children_reordered"},{"event":"page_created","url":"/page_created"},{"event":"page_moved","url":"/page_moved"},{"event":"page_removed","url":"/page_removed"},{"event":"page_restored","url":"/page_restored"},{"event":"page_trashed","url":"/page_trashed"},{"event":"page_updated","url":"/page_updated"},{"event":"page_viewed","url":"/page_viewed"},{"event":"search_performed","url":"/search_performed"},{"event":"space_created","url":"/space_created"},{"event":"space_logo_updated","url":"/space_logo_updated"},{"event":"space_permissions_updated","url":"/space_permissions_updated"},{"event":"space_removed","url":"/space_removed"},{"event":"space_updated","url":"/space_updated"},{"event":"status_cleared","url":"/status_cleared"},{"event":"status_created","url":"/status_created"},{"event":"status_removed","url":"/status_removed"},{"event":"user_created","url":"/user_created"},{"event":"user_deactivated","url":"/user_deactivated"},{"event":"user_followed","url":"/user_followed"},{"event":"user_reactivated","url":"/user_reactivated"},{"event":"user_removed","url":"/user_removed"},{"event":"jira:issue_created","url":"/jira-issue_created"},{"event":"remote_issue_link_aggregate_cleared_event","url":"/jira-issue_created"},{"event":"jira:worklog_updated","url":"/jira-worklog_updated"},{"event":"remote_workflow_post_function","url":"/remote_workflow_post_function"},{"event":"jira-webhook-post-function","url":"/jira-webhook-post-function"},{"event":"jira:issue_deleted","url":"/jira-issue_deleted"},{"event":"jira:issue_updated","url":"/jira-issue_updated"}]},"version":"1.0.1"}