{"key":"websequencediagrams","name":"WebSequenceDiagrams","description":"Generate UML sequence diagrams in Confluence pages","baseUrl":"https://www.websequencediagrams.com/confluence","vendor":{"name":"Hanov Solutions Inc.","url":"https://www.websequencediagrams.com"},"links":{"documentation":"https://www.websequencediagrams.com/examples.html","self":"{{localBaseUrl}}/atlassian-connect.json"},"authentication":{"type":"jwt"},"lifecycle":{"installed":"/connect.py"},"enableLicensing":false,"scopes":["READ","WRITE"],"modules":{"staticContentMacros":[{"name":{"value":"UML Sequence Diagram"},"key":"websequencediagrams","method":"get","url":"/connect.py?renderMacro=1&pageId={page.id}&pageVersion={page.version}&style={style}&size={size}&userId={user.id}&macroHash={macro.hash}&macroBody={macro.body}&trunc={macro.truncated}&outputType={output.type}","icon":{"url":"/confluence/wsd80x80.png"},"documentation":{"url":"https://www.websequencediagrams.com/examples.html"},"outputType":"block","bodyType":"plain-text","featured":true,"parameters":[{"defaultValue":"default","type":"enum","description":{"value":"The style determines the colours and overall look."},"name":{"value":"Style"},"identifier":"style","values":["default","rose","qsd","napkin","vs2010","mscgen","patent","omegapple","modern-blue","green-earth","roundgreen","magazine"]},{"defaultValue":"Full size","type":"enum","description":{"value":"Determines how to fit the diagram on the page"},"name":{"value":"Size"},"identifier":"size","values":["Full size","Shrink to fit width"]}]}]},"version":"1.1.10"}