{"key":"whoslooking-connect-aholmgren4","name":"Who's Looking for OnDemand","description":"Who&apos;s Looking for OnDemand. See who else is looking at a JIRA issue.","vendor":{"name":"Atlassian","url":"http://www.atlassian.com"},"baseUrl":"https://whoslooking-aholmgren4.herokuapp.com","authentication":{"type":"jwt"},"enableLicensing":false,"lifecycle":{"installed":"/installed"},"modules":{"webPanels":[{"key":"whos-looking","name":{"value":"Who's Looking?"},"url":"/poller?issue_key={issue.key}","location":"atl.jira.view.issue.right.context"}]},"scopes":["READ"],"version":"1.0.2"}