<atlassian-plugin key="whoslooking-remote" name="WhosLookingRemote" plugins-version="2">
    
    <plugin-info>
        <description>Whoslooking remote</description>
        <version>1.1-SNAPSHOT</version>
        <permissions>
            <permission>create_oauth_link</permission>
            <permission>read_users_and_groups</permission>
        </permissions>
        <param name="atlassian-licensing-enabled">true</param>
    </plugin-info>


    <remote-plugin-container key="_container" display-url="https://whoslooking.jira-dev.com">
        <oauth>
            <public-key>-----BEGIN PUBLIC KEY-----
MIGfMA0GCSqGSIb3DQEBAQUAA4GNADCBiQKBgQCfloLMGt2p2arJ9x2qMaIq0IoU
ORidKQTeBkl+C4L/fqZV/eBNeqf+HBVEHB3i+YurcNw1jsl0BInpXR3k2Q8evq+B
X7acuEhOk+ibpsBWGohPfdGMMK4qVjovdFnY0m3sTJkT0sz5WTVYxf3+s5Vi5Aup
3MKxWvpRw3zZz/PPuwIDAQAB
-----END PUBLIC KEY-----
</public-key>
        </oauth>
    </remote-plugin-container>

    <webhook key="_registration" event="remote_plugin_enabled" url="/remote_plugin_enabled"/>

    
       <issue-panel-page key="whos-looking" application="jira" name="Who's Looking?" url="/poller" />

</atlassian-plugin>
