{"key":"wittified-auto-generated-vjn0v","name":"Place holder for vjn0v","description":"Not yet used","vendor":{"name":"Wittified, LLC","url":"https://www.wittified.com"},"baseUrl":"https://customizer-jira.aod-apps.wittified.com/vjn0v/","links":{"self":"https://customizer-jira.aod-apps.wittified.com/vjn0v/atlassian-connect.json","homepage":"https://customizer-jira.aod-apps.wittified.com/vjn0v/atlassian-connect.json"},"authentication":{"type":"jwt"},"lifecycle":{"installed":"installed"},"scopes":["READ","read"],"modules":{},"version":"1.0.0"}