{"key":"wittified-auto-generated-ve0ge","name":"Place holder for ve0ge","description":"Not yet used","vendor":{"name":"Wittified, LLC","url":"https://www.wittified.com"},"baseUrl":"https://customizer-jira.aod-apps.wittified.com/ve0ge/","links":{"self":"https://customizer-jira.aod-apps.wittified.com/ve0ge/atlassian-connect.json","homepage":"https://customizer-jira.aod-apps.wittified.com/ve0ge/atlassian-connect.json"},"authentication":{"type":"jwt"},"lifecycle":{"installed":"installed"},"scopes":["READ","read"],"modules":{},"version":"1.0.0"}