{"key":"wittified-auto-generated-fti2g","name":"Place holder for fti2g","description":"Not yet used","vendor":{"name":"Wittified, LLC","url":"https://www.wittified.com"},"baseUrl":"https://customizer-jira.aod-apps.wittified.com/fti2g/","links":{"self":"https://customizer-jira.aod-apps.wittified.com/fti2g/atlassian-connect.json","homepage":"https://customizer-jira.aod-apps.wittified.com/fti2g/atlassian-connect.json"},"authentication":{"type":"jwt"},"lifecycle":{"installed":"installed"},"scopes":["READ","read"],"modules":{},"version":"1.0.0"}