{"key":"wittified-auto-generated-scqpt","name":"Place holder for scqpt","description":"Not yet used","vendor":{"name":"Wittified, LLC","url":"https://www.wittified.com"},"baseUrl":"https://customizer-jira.aod-apps.wittified.com/scqpt/","links":{"self":"https://customizer-jira.aod-apps.wittified.com/scqpt/atlassian-connect.json","homepage":"https://customizer-jira.aod-apps.wittified.com/scqpt/atlassian-connect.json"},"authentication":{"type":"jwt"},"lifecycle":{"installed":"installed"},"scopes":["READ","read"],"modules":{},"version":"1.0.0"}