{"key":"wittified-auto-generated-x1aod","name":"Place holder for x1aod","description":"Not yet used","vendor":{"name":"Wittified, LLC","url":"https://www.wittified.com"},"baseUrl":"https://customizer-jira.aod-apps.wittified.com/x1aod/","links":{"self":"https://customizer-jira.aod-apps.wittified.com/x1aod/atlassian-connect.json","homepage":"https://customizer-jira.aod-apps.wittified.com/x1aod/atlassian-connect.json"},"authentication":{"type":"jwt"},"lifecycle":{"installed":"installed"},"scopes":["READ","read"],"modules":{},"version":"1.0.0"}