{"key":"wittified-auto-generated-yckqo","name":"Place holder for yckqo","description":"Not yet used","vendor":{"name":"Wittified, LLC","url":"https://www.wittified.com"},"baseUrl":"https://customizer-jira.aod-apps.wittified.com/yckqo/","links":{"self":"https://customizer-jira.aod-apps.wittified.com/yckqo/atlassian-connect.json","homepage":"https://customizer-jira.aod-apps.wittified.com/yckqo/atlassian-connect.json"},"authentication":{"type":"jwt"},"lifecycle":{"installed":"installed"},"scopes":["READ","read"],"modules":{},"version":"1.0.0"}