{"key":"wittified-auto-generated-ny06u","name":"Place holder for ny06u","description":"Not yet used","vendor":{"name":"Wittified, LLC","url":"https://www.wittified.com"},"baseUrl":"https://customizer-jira.aod-apps.wittified.com/ny06u/","links":{"self":"https://customizer-jira.aod-apps.wittified.com/ny06u/atlassian-connect.json","homepage":"https://customizer-jira.aod-apps.wittified.com/ny06u/atlassian-connect.json"},"authentication":{"type":"jwt"},"lifecycle":{"installed":"installed"},"scopes":["READ","read"],"modules":{},"version":"1.0.0"}