{"key":"wittified-auto-generated-sa8cn","name":"Place holder for sa8cn","description":"Not yet used","vendor":{"name":"Wittified, LLC","url":"https://www.wittified.com"},"baseUrl":"https://customizer-jira.aod-apps.wittified.com/sa8cn/","links":{"self":"https://customizer-jira.aod-apps.wittified.com/sa8cn/atlassian-connect.json","homepage":"https://customizer-jira.aod-apps.wittified.com/sa8cn/atlassian-connect.json"},"authentication":{"type":"jwt"},"lifecycle":{"installed":"installed"},"scopes":["READ","read"],"modules":{},"version":"1.0.0"}