{"key":"wittified-auto-generated-b0hiw","name":"Place holder for b0hiw","description":"Not yet used","vendor":{"name":"Wittified, LLC","url":"https://www.wittified.com"},"baseUrl":"https://customizer-jira.aod-apps.wittified.com/b0hiw/","links":{"self":"https://customizer-jira.aod-apps.wittified.com/b0hiw/atlassian-connect.json","homepage":"https://customizer-jira.aod-apps.wittified.com/b0hiw/atlassian-connect.json"},"authentication":{"type":"jwt"},"lifecycle":{"installed":"installed"},"scopes":["READ","read"],"modules":{},"version":"1.0.0"}