{"key":"wittified-auto-generated-t1ikm","name":"Place holder for t1ikm","description":"Not yet used","vendor":{"name":"Wittified, LLC","url":"https://www.wittified.com"},"baseUrl":"https://customizer-jira.aod-apps.wittified.com/t1ikm/","links":{"self":"https://customizer-jira.aod-apps.wittified.com/t1ikm/atlassian-connect.json","homepage":"https://customizer-jira.aod-apps.wittified.com/t1ikm/atlassian-connect.json"},"authentication":{"type":"jwt"},"lifecycle":{"installed":"installed"},"scopes":["READ","read"],"modules":{},"version":"1.0.0"}