{"key":"wittified-auto-generated-o30ky","name":"Place holder for o30ky","description":"Not yet used","vendor":{"name":"Wittified, LLC","url":"https://www.wittified.com"},"baseUrl":"https://customizer-jira.aod-apps.wittified.com/o30ky/","links":{"self":"https://customizer-jira.aod-apps.wittified.com/o30ky/atlassian-connect.json","homepage":"https://customizer-jira.aod-apps.wittified.com/o30ky/atlassian-connect.json"},"authentication":{"type":"jwt"},"lifecycle":{"installed":"installed"},"scopes":["READ","read"],"modules":{},"version":"1.0.0"}