{"key":"wittified-auto-generated-zxr3q","name":"Place holder for zxr3q","description":"Not yet used","vendor":{"name":"Wittified, LLC","url":"https://www.wittified.com"},"baseUrl":"https://customizer-jira.aod-apps.wittified.com/zxr3q/","links":{"self":"https://customizer-jira.aod-apps.wittified.com/zxr3q/atlassian-connect.json","homepage":"https://customizer-jira.aod-apps.wittified.com/zxr3q/atlassian-connect.json"},"authentication":{"type":"jwt"},"lifecycle":{"installed":"installed"},"scopes":["READ","read"],"modules":{},"version":"1.0.0"}