{"key":"wittified-auto-generated-towss","name":"Place holder for towss","description":"Not yet used","vendor":{"name":"Wittified, LLC","url":"https://www.wittified.com"},"baseUrl":"https://customizer-jira.aod-apps.wittified.com/towss/","links":{"self":"https://customizer-jira.aod-apps.wittified.com/towss/atlassian-connect.json","homepage":"https://customizer-jira.aod-apps.wittified.com/towss/atlassian-connect.json"},"authentication":{"type":"jwt"},"lifecycle":{"installed":"installed"},"scopes":["READ","read"],"modules":{},"version":"1.0.0"}