{"key":"wittified-auto-generated-570nv","name":"Place holder for 570nv","description":"Not yet used","vendor":{"name":"Wittified, LLC","url":"https://www.wittified.com"},"baseUrl":"https://customizer-jira.aod-apps.wittified.com/570nv/","links":{"self":"https://customizer-jira.aod-apps.wittified.com/570nv/atlassian-connect.json","homepage":"https://customizer-jira.aod-apps.wittified.com/570nv/atlassian-connect.json"},"authentication":{"type":"jwt"},"lifecycle":{"installed":"installed"},"scopes":["READ","read"],"modules":{},"version":"1.0.0"}