{"key":"wittified-auto-generated-p3go1","name":"Place holder for p3go1","description":"Not yet used","vendor":{"name":"Wittified, LLC","url":"https://www.wittified.com"},"baseUrl":"https://customizer-jira.aod-apps.wittified.com/p3go1/","links":{"self":"https://customizer-jira.aod-apps.wittified.com/p3go1/atlassian-connect.json","homepage":"https://customizer-jira.aod-apps.wittified.com/p3go1/atlassian-connect.json"},"authentication":{"type":"jwt"},"lifecycle":{"installed":"installed"},"scopes":["READ","read"],"modules":{},"version":"1.0.0"}