{"key":"wittified-auto-generated-iq02d","name":"Place holder for iq02d","description":"Not yet used","vendor":{"name":"Wittified, LLC","url":"https://www.wittified.com"},"baseUrl":"https://customizer-jira.aod-apps.wittified.com/iq02d/","links":{"self":"https://customizer-jira.aod-apps.wittified.com/iq02d/atlassian-connect.json","homepage":"https://customizer-jira.aod-apps.wittified.com/iq02d/atlassian-connect.json"},"authentication":{"type":"jwt"},"lifecycle":{"installed":"installed"},"scopes":["READ","read"],"modules":{},"version":"1.0.0"}