{"key":"wittified-auto-generated-dh5u5","name":"Place holder for dh5u5","description":"Not yet used","vendor":{"name":"Wittified, LLC","url":"https://www.wittified.com"},"baseUrl":"https://customizer-jira.aod-apps.wittified.com/dh5u5/","links":{"self":"https://customizer-jira.aod-apps.wittified.com/dh5u5/atlassian-connect.json","homepage":"https://customizer-jira.aod-apps.wittified.com/dh5u5/atlassian-connect.json"},"authentication":{"type":"jwt"},"lifecycle":{"installed":"installed"},"scopes":["READ","read"],"modules":{},"version":"1.0.0"}