{"key":"wittified-auto-generated-2ba60","name":"Place holder for 2ba60","description":"Not yet used","vendor":{"name":"Wittified, LLC","url":"https://www.wittified.com"},"baseUrl":"https://customizer-jira.aod-apps.wittified.com/2ba60/","links":{"self":"https://customizer-jira.aod-apps.wittified.com/2ba60/atlassian-connect.json","homepage":"https://customizer-jira.aod-apps.wittified.com/2ba60/atlassian-connect.json"},"authentication":{"type":"jwt"},"lifecycle":{"installed":"installed"},"scopes":["READ","read"],"modules":{},"version":"1.0.0"}