{"key":"wittified-auto-generated-3dwrx","name":"Place holder for 3dwrx","description":"Not yet used","vendor":{"name":"Wittified, LLC","url":"https://www.wittified.com"},"baseUrl":"https://customizer-jira.aod-apps.wittified.com/3dwrx/","links":{"self":"https://customizer-jira.aod-apps.wittified.com/3dwrx/atlassian-connect.json","homepage":"https://customizer-jira.aod-apps.wittified.com/3dwrx/atlassian-connect.json"},"authentication":{"type":"jwt"},"lifecycle":{"installed":"installed"},"scopes":["READ","read"],"modules":{},"version":"1.0.0"}