{"key":"wittified-auto-generated-f4d340f2-6869-432b-8d9e-d984879221b4","name":"Place holder for f4d340f2-6869-432b-8d9e-d984879221b4","description":"Not yet used","vendor":{"name":"Wittified, LLC","url":"https://www.wittified.com"},"baseUrl":"https://customizer-jira.aod-apps.wittified.com/f4d340f2-6869-432b-8d9e-d984879221b4/","links":{"self":"https://customizer-jira.aod-apps.wittified.com/f4d340f2-6869-432b-8d9e-d984879221b4/atlassian-connect.json","homepage":"https://customizer-jira.aod-apps.wittified.com/f4d340f2-6869-432b-8d9e-d984879221b4/atlassian-connect.json"},"authentication":{"type":"jwt"},"lifecycle":{"installed":"installed"},"scopes":["READ","read"],"modules":{},"version":"1.1.2"}