{"key":"wittified-auto-generated-sujvf","name":"Place holder for sujvf","description":"Not yet used","vendor":{"name":"Wittified, LLC","url":"https://www.wittified.com"},"baseUrl":"https://customizer-jira.aod-apps.wittified.com/sujvf/","links":{"self":"https://customizer-jira.aod-apps.wittified.com/sujvf/atlassian-connect.json","homepage":"https://customizer-jira.aod-apps.wittified.com/sujvf/atlassian-connect.json"},"authentication":{"type":"jwt"},"lifecycle":{"installed":"installed"},"scopes":["READ","read"],"modules":{},"version":"1.0.0"}