{"key":"wittified-auto-generated-1i6i8","name":"Place holder for 1i6i8","description":"Not yet used","vendor":{"name":"Wittified, LLC","url":"https://www.wittified.com"},"baseUrl":"https://customizer-jira.aod-apps.wittified.com/1i6i8/","links":{"self":"https://customizer-jira.aod-apps.wittified.com/1i6i8/atlassian-connect.json","homepage":"https://customizer-jira.aod-apps.wittified.com/1i6i8/atlassian-connect.json"},"authentication":{"type":"jwt"},"lifecycle":{"installed":"installed"},"scopes":["READ","read"],"modules":{},"version":"1.0.0"}