{"key":"wittified-auto-generated-zrqsl","name":"Place holder for zrqsl","description":"Not yet used","vendor":{"name":"Wittified, LLC","url":"https://www.wittified.com"},"baseUrl":"https://customizer-jira.aod-apps.wittified.com/zrqsl/","links":{"self":"https://customizer-jira.aod-apps.wittified.com/zrqsl/atlassian-connect.json","homepage":"https://customizer-jira.aod-apps.wittified.com/zrqsl/atlassian-connect.json"},"authentication":{"type":"jwt"},"lifecycle":{"installed":"installed"},"scopes":["READ","read"],"modules":{},"version":"1.0.0"}