{"key":"wittified-auto-generated-82bhv","name":"Place holder for 82bhv","description":"Not yet used","vendor":{"name":"Wittified, LLC","url":"https://www.wittified.com"},"baseUrl":"https://customizer-jira.aod-apps.wittified.com/82bhv/","links":{"self":"https://customizer-jira.aod-apps.wittified.com/82bhv/atlassian-connect.json","homepage":"https://customizer-jira.aod-apps.wittified.com/82bhv/atlassian-connect.json"},"authentication":{"type":"jwt"},"lifecycle":{"installed":"installed"},"scopes":["READ","read"],"modules":{},"version":"1.0.0"}