{"key":"wittified-auto-generated-ybmck","name":"Place holder for ybmck","description":"Not yet used","vendor":{"name":"Wittified, LLC","url":"https://www.wittified.com"},"baseUrl":"https://customizer-jira.aod-apps.wittified.com/ybmck/","links":{"self":"https://customizer-jira.aod-apps.wittified.com/ybmck/atlassian-connect.json","homepage":"https://customizer-jira.aod-apps.wittified.com/ybmck/atlassian-connect.json"},"authentication":{"type":"jwt"},"lifecycle":{"installed":"installed"},"scopes":["READ","read"],"modules":{},"version":"1.0.0"}