{"key":"wittified-auto-generated-szzq8","name":"Place holder for szzq8","description":"Not yet used","vendor":{"name":"Wittified, LLC","url":"https://www.wittified.com"},"baseUrl":"https://customizer-jira.aod-apps.wittified.com/szzq8/","links":{"self":"https://customizer-jira.aod-apps.wittified.com/szzq8/atlassian-connect.json","homepage":"https://customizer-jira.aod-apps.wittified.com/szzq8/atlassian-connect.json"},"authentication":{"type":"jwt"},"lifecycle":{"installed":"installed"},"scopes":["READ","read"],"modules":{},"version":"1.0.0"}