{"key":"wittified-auto-generated-z951w","name":"Place holder for z951w","description":"Not yet used","vendor":{"name":"Wittified, LLC","url":"https://www.wittified.com"},"baseUrl":"https://customizer-jira.aod-apps.wittified.com/z951w/","links":{"self":"https://customizer-jira.aod-apps.wittified.com/z951w/atlassian-connect.json","homepage":"https://customizer-jira.aod-apps.wittified.com/z951w/atlassian-connect.json"},"authentication":{"type":"jwt"},"lifecycle":{"installed":"installed"},"scopes":["READ","read"],"modules":{},"version":"1.0.0"}