{"key":"wittified-auto-generated-c7chw","name":"Place holder for c7chw","description":"Not yet used","vendor":{"name":"Wittified, LLC","url":"https://www.wittified.com"},"baseUrl":"https://customizer-jira.aod-apps.wittified.com/c7chw/","links":{"self":"https://customizer-jira.aod-apps.wittified.com/c7chw/atlassian-connect.json","homepage":"https://customizer-jira.aod-apps.wittified.com/c7chw/atlassian-connect.json"},"authentication":{"type":"jwt"},"lifecycle":{"installed":"installed"},"scopes":["READ","read"],"modules":{},"version":"1.0.0"}