{"key":"wittified-auto-generated-cv7b5","name":"Place holder for cv7b5","description":"Not yet used","vendor":{"name":"Wittified, LLC","url":"https://www.wittified.com"},"baseUrl":"https://customizer-jira.aod-apps.wittified.com/cv7b5/","links":{"self":"https://customizer-jira.aod-apps.wittified.com/cv7b5/atlassian-connect.json","homepage":"https://customizer-jira.aod-apps.wittified.com/cv7b5/atlassian-connect.json"},"authentication":{"type":"jwt"},"lifecycle":{"installed":"installed"},"scopes":["READ","read"],"modules":{},"version":"1.0.0"}