{"key":"wittified-auto-generated-qeiu8","name":"Place holder for qeiu8","description":"Not yet used","vendor":{"name":"Wittified, LLC","url":"https://www.wittified.com"},"baseUrl":"https://customizer-jira.aod-apps.wittified.com/qeiu8/","links":{"self":"https://customizer-jira.aod-apps.wittified.com/qeiu8/atlassian-connect.json","homepage":"https://customizer-jira.aod-apps.wittified.com/qeiu8/atlassian-connect.json"},"authentication":{"type":"jwt"},"lifecycle":{"installed":"installed"},"scopes":["READ","read"],"modules":{},"version":"1.0.0"}