{"key":"wittified-auto-generated-32jnm","name":"Place holder for 32jnm","description":"Not yet used","vendor":{"name":"Wittified, LLC","url":"https://www.wittified.com"},"baseUrl":"https://customizer-jira.aod-apps.wittified.com/32jnm/","links":{"self":"https://customizer-jira.aod-apps.wittified.com/32jnm/atlassian-connect.json","homepage":"https://customizer-jira.aod-apps.wittified.com/32jnm/atlassian-connect.json"},"authentication":{"type":"jwt"},"lifecycle":{"installed":"installed"},"scopes":["READ","read"],"modules":{},"version":"1.0.0"}