{"key":"wittified-auto-generated-ec74a","name":"Place holder for ec74a","description":"Not yet used","vendor":{"name":"Wittified, LLC","url":"https://www.wittified.com"},"baseUrl":"https://customizer-jira.aod-apps.wittified.com/ec74a/","links":{"self":"https://customizer-jira.aod-apps.wittified.com/ec74a/atlassian-connect.json","homepage":"https://customizer-jira.aod-apps.wittified.com/ec74a/atlassian-connect.json"},"authentication":{"type":"jwt"},"lifecycle":{"installed":"installed"},"scopes":["READ","read"],"modules":{},"version":"1.0.0"}