{"key":"wittified-auto-generated-8ew10","name":"Place holder for 8ew10","description":"Not yet used","vendor":{"name":"Wittified, LLC","url":"https://www.wittified.com"},"baseUrl":"https://customizer-jira.aod-apps.wittified.com/8ew10/","links":{"self":"https://customizer-jira.aod-apps.wittified.com/8ew10/atlassian-connect.json","homepage":"https://customizer-jira.aod-apps.wittified.com/8ew10/atlassian-connect.json"},"authentication":{"type":"jwt"},"lifecycle":{"installed":"installed"},"scopes":["READ","read"],"modules":{},"version":"1.0.0"}