{"key":"wittified-auto-generated-0pyjj","name":"Place holder for 0pyjj","description":"Not yet used","vendor":{"name":"Wittified, LLC","url":"https://www.wittified.com"},"baseUrl":"https://customizer-jira.aod-apps.wittified.com/0pyjj/","links":{"self":"https://customizer-jira.aod-apps.wittified.com/0pyjj/atlassian-connect.json","homepage":"https://customizer-jira.aod-apps.wittified.com/0pyjj/atlassian-connect.json"},"authentication":{"type":"jwt"},"lifecycle":{"installed":"installed"},"scopes":["READ","read"],"modules":{},"version":"1.0.0"}