{"key":"wittified-auto-generated-43arr","name":"Place holder for 43arr","description":"Not yet used","vendor":{"name":"Wittified, LLC","url":"https://www.wittified.com"},"baseUrl":"https://customizer-jira.aod-apps.wittified.com/43arr/","links":{"self":"https://customizer-jira.aod-apps.wittified.com/43arr/atlassian-connect.json","homepage":"https://customizer-jira.aod-apps.wittified.com/43arr/atlassian-connect.json"},"authentication":{"type":"jwt"},"lifecycle":{"installed":"installed"},"scopes":["READ","read"],"modules":{},"version":"1.0.0"}