{"key":"wittified-auto-generated-adev1","name":"Customized addon for https://wittified-dev.atlassian.net","description":"Add-on created by you for you using https://wittified-dev.atlassian.net","vendor":{"name":"Wittified, LLC","url":"https://www.wittified.com"},"baseUrl":"https://adev1-tenant-customizer-jdev.aod-apps.wittified.com/adev1/","links":{"self":"https://adev1-tenant-customizer-jdev.aod-apps.wittified.com/adev1/atlassian-connect.json","homepage":"https://adev1-tenant-customizer-jdev.aod-apps.wittified.com/adev1/atlassian-connect.json"},"authentication":{"type":"jwt"},"lifecycle":{"installed":"installed"},"scopes":["READ","read"],"modules":{"webPanels":[{"url":"general/collect-data?issueKey={issue.key}&projectKey={project.key}","location":"com.atlassian.jira.plugin.headernav.left.context","weight":200,"key":"collect-data-left-context","layout":{"width":"13px","height":"1px"},"name":{"value":""}},{"url":"general/collect-data?issueKey={issue.key}&projectKey={project.key}","location":"atl.jira.view.issue.right.context","weight":9999,"key":"collect-data-issue-context","layout":{"width":"13px","height":"13px"},"params":{"headless":"true"},"name":{"value":""}},{"url":"/general/render-panel/2/1?issueKey={issue.key}&projectKey={project.key}","location":"jira.issue.view.issue.left.context","weight":2000,"key":"web-panel-1","layout":{"width":"100%","height":"0px"},"name":{"value":"test"}},{"url":"/general/render-panel/2/2?issueKey={issue.key}&projectKey={project.key}","location":"jira.issue.view.issue.right.context","weight":2000,"key":"web-panel-2","layout":{"width":"100%","height":"0px"},"name":{"value":"test"}}],"webItems":[{"url":"/","location":"jira.issue.tools","weight":2000,"context":"product","key":"webitem-2","name":{"value":"issue link1"}},{"url":"https://wittified.atlassian.net","location":"gadgets.dashboard.menu","weight":2000,"context":"product","key":"webitem-3","name":{"value":"Prod JIRA"}},{"url":"more","location":"browse_lnk/project_current","weight":2000,"context":"product","key":"webitem-4","name":{"value":"More!"}},{"url":"more","location":"browse_lnk/project_view_all","weight":2000,"context":"product","key":"webitem-5","name":{"value":"more"}},{"url":"more","location":"browse_lnk/project_new","weight":2000,"context":"product","key":"webitem-6","name":{"value":"more"}},{"url":"more","location":"find_link/issues_new","weight":2000,"context":"product","key":"webitem-7","name":{"value":"more"}},{"url":"more","location":"system.user.options/jira-help","weight":2000,"context":"product","key":"webitem-8","name":{"value":"more"}},{"url":"more1","location":"find_link/issues_new","weight":2000,"context":"product","key":"webitem-9","name":{"value":"more1"}},{"url":"link1","location":"system.user.options/personal","weight":2000,"context":"product","key":"webitem-10","name":{"value":"link1"}},{"url":"link2","location":"system.user.options/set_my_jira_home-link","weight":2000,"context":"product","key":"webitem-11","name":{"value":"link2"}},{"url":"link1","location":"com.atlassian.jira.view-issue-plugin:attachmentmodule/header","weight":2000,"context":"product","key":"webitem-14","name":{"value":"link1"}},{"url":"link2","location":"system.user.options/set_my_jira_home-link","weight":2000,"context":"product","key":"webitem-13","name":{"value":"link2"}},{"url":"aa","location":"browse_lnk/project_new","weight":2000,"context":"product","key":"webitem-18","name":{"value":"dd"}},{"url":"aaaa","location":"browse_lnk/project_current","weight":2000,"context":"product","key":"webitem-16","name":{"value":"ddd"}},{"url":"ee","location":"browse_lnk/project_current","weight":2000,"context":"product","key":"webitem-20","name":{"value":"ff"}},{"url":"aaaa","location":"system.user.options/jira-help","weight":2000,"context":"product","key":"webitem-17","name":{"value":"dd"}},{"url":"/","location":"browse_lnk/project_new","weight":2000,"context":"product","key":"webitem-22","name":{"value":"bottom"}},{"url":"http://example.com","location":"system.top.navigation.bar","weight":2000,"context":"product","key":"webitem-1","name":{"value":"sample link"}},{"url":"link3","location":"system.user.options/system","weight":2000,"context":"product","key":"webitem-12","name":{"value":"link3"}},{"url":"eeee","location":"browse_lnk/project_view_all","weight":2000,"context":"product","key":"webitem-19","name":{"value":"dd"}},{"url":"/","location":"browse_lnk/project_view_all","weight":2000,"context":"product","key":"webitem-21","name":{"value":"middle"}},{"url":"http://example.com","location":"browse_link/project_current","weight":2000,"context":"product","key":"webitem-23","name":{"value":"here"}},{"url":"http://bbc.com","location":"system.top.navigation.bar","weight":2000,"context":"product","key":"webitem-15","name":{"value":"News"}}]},"version":"1.0.34"}