{"key":"wittified-auto-generated-xgc63","name":"Place holder for xgc63","description":"Not yet used","vendor":{"name":"Wittified, LLC","url":"https://www.wittified.com"},"baseUrl":"https://customizer-jira.aod-apps.wittified.com/xgc63/","links":{"self":"https://customizer-jira.aod-apps.wittified.com/xgc63/atlassian-connect.json","homepage":"https://customizer-jira.aod-apps.wittified.com/xgc63/atlassian-connect.json"},"authentication":{"type":"jwt"},"lifecycle":{"installed":"installed"},"scopes":["READ","read"],"modules":{},"version":"1.0.0"}