{"key":"wittified-auto-generated-lcylh","name":"Place holder for lcylh","description":"Not yet used","vendor":{"name":"Wittified, LLC","url":"https://www.wittified.com"},"baseUrl":"https://customizer-jira.aod-apps.wittified.com/lcylh/","links":{"self":"https://customizer-jira.aod-apps.wittified.com/lcylh/atlassian-connect.json","homepage":"https://customizer-jira.aod-apps.wittified.com/lcylh/atlassian-connect.json"},"authentication":{"type":"jwt"},"lifecycle":{"installed":"installed"},"scopes":["READ","read"],"modules":{},"version":"1.0.0"}