{"key":"wittified-auto-generated-qymjp","name":"Place holder for qymjp","description":"Not yet used","vendor":{"name":"Wittified, LLC","url":"https://www.wittified.com"},"baseUrl":"https://customizer-jira.aod-apps.wittified.com/qymjp/","links":{"self":"https://customizer-jira.aod-apps.wittified.com/qymjp/atlassian-connect.json","homepage":"https://customizer-jira.aod-apps.wittified.com/qymjp/atlassian-connect.json"},"authentication":{"type":"jwt"},"lifecycle":{"installed":"installed"},"scopes":["READ","read"],"modules":{},"version":"1.0.0"}