{"key":"wittified-auto-generated-htfpx","name":"Place holder for htfpx","description":"Not yet used","vendor":{"name":"Wittified, LLC","url":"https://www.wittified.com"},"baseUrl":"https://customizer-jira.aod-apps.wittified.com/htfpx/","links":{"self":"https://customizer-jira.aod-apps.wittified.com/htfpx/atlassian-connect.json","homepage":"https://customizer-jira.aod-apps.wittified.com/htfpx/atlassian-connect.json"},"authentication":{"type":"jwt"},"lifecycle":{"installed":"installed"},"scopes":["READ","read"],"modules":{},"version":"1.0.0"}