{"key":"wittified-auto-generated-2u5td","name":"Place holder for 2u5td","description":"Not yet used","vendor":{"name":"Wittified, LLC","url":"https://www.wittified.com"},"baseUrl":"https://customizer-jira.aod-apps.wittified.com/2u5td/","links":{"self":"https://customizer-jira.aod-apps.wittified.com/2u5td/atlassian-connect.json","homepage":"https://customizer-jira.aod-apps.wittified.com/2u5td/atlassian-connect.json"},"authentication":{"type":"jwt"},"lifecycle":{"installed":"installed"},"scopes":["READ","read"],"modules":{},"version":"1.0.0"}