{"key":"wittified-auto-generated-j215f","name":"Customized addon for https://wittified.atlassian.net","description":"Add-on created by you for you using https://wittified.atlassian.net","vendor":{"name":"Wittified, LLC","url":"https://www.wittified.com"},"baseUrl":"https://j215f-tenant-customizer-jira.aod-apps.wittified.com/j215f/","links":{"self":"https://j215f-tenant-customizer-jira.aod-apps.wittified.com/j215f/atlassian-connect.json","homepage":"https://j215f-tenant-customizer-jira.aod-apps.wittified.com/j215f/atlassian-connect.json"},"authentication":{"type":"jwt"},"lifecycle":{"installed":"installed"},"scopes":["READ","read"],"modules":{"webPanels":[{"url":"general/collect-data?issueKey={issue.key}&projectKey={project.key}","location":"com.atlassian.jira.plugin.headernav.left.context","weight":200,"key":"collect-data-left-context","layout":{"width":"13px","height":"1px"},"name":{"value":""}},{"url":"general/collect-data?issueKey={issue.key}&projectKey={project.key}","location":"atl.jira.view.issue.right.context","weight":9999,"key":"collect-data-issue-context","layout":{"width":"13px","height":"13px"},"params":{"headless":"true"},"name":{"value":""}},{"url":"/general/render-panel/2/4?issueKey={issue.key}&projectKey={project.key}","location":"atl.jira.view.issue.right.context","weight":2001,"key":"web-panel-4","layout":{"width":"100%","height":"0px"},"name":{"value":"Welcome!"},"conditions":[{"and":[{"condition":"user_is_logged_in","invert":true}]}]},{"url":"/general/render-panel/3/3?issueKey={issue.key}&projectKey={project.key}","location":"atl.jira.view.issue.right.context","weight":2000,"key":"web-panel-3","layout":{"width":"100%","height":"0px"},"name":{"value":"Need support?"},"conditions":[{"and":[{"condition":"user_is_logged_in"}]}]}],"webItems":[{"url":"https://marketplace.atlassian.com/vendors/1210682","location":"system.top.navigation.bar","weight":2000,"context":"product","key":"webitem-5","name":{"value":"Our products"}},{"url":"/wiki?source=jira","location":"system.top.navigation.bar","weight":2001,"context":"product","key":"webitem-4","name":{"value":"Documentation"}}]},"version":"1.0.25"}