{"key":"wittified-auto-generated-yuafh","name":"Place holder for yuafh","description":"Not yet used","vendor":{"name":"Wittified, LLC","url":"https://www.wittified.com"},"baseUrl":"https://customizer-jira.aod-apps.wittified.com/yuafh/","links":{"self":"https://customizer-jira.aod-apps.wittified.com/yuafh/atlassian-connect.json","homepage":"https://customizer-jira.aod-apps.wittified.com/yuafh/atlassian-connect.json"},"authentication":{"type":"jwt"},"lifecycle":{"installed":"installed"},"scopes":["READ","read"],"modules":{},"version":"1.0.0"}