{"key":"wittified-auto-generated-i4eok","name":"Place holder for i4eok","description":"Not yet used","vendor":{"name":"Wittified, LLC","url":"https://www.wittified.com"},"baseUrl":"https://customizer-jira.aod-apps.wittified.com/i4eok/","links":{"self":"https://customizer-jira.aod-apps.wittified.com/i4eok/atlassian-connect.json","homepage":"https://customizer-jira.aod-apps.wittified.com/i4eok/atlassian-connect.json"},"authentication":{"type":"jwt"},"lifecycle":{"installed":"installed"},"scopes":["READ","read"],"modules":{},"version":"1.0.0"}