{"key":"wittified-auto-generated-exp5g","name":"Place holder for exp5g","description":"Not yet used","vendor":{"name":"Wittified, LLC","url":"https://www.wittified.com"},"baseUrl":"https://customizer-jira.aod-apps.wittified.com/exp5g/","links":{"self":"https://customizer-jira.aod-apps.wittified.com/exp5g/atlassian-connect.json","homepage":"https://customizer-jira.aod-apps.wittified.com/exp5g/atlassian-connect.json"},"authentication":{"type":"jwt"},"lifecycle":{"installed":"installed"},"scopes":["READ","read"],"modules":{},"version":"1.0.0"}