{"key":"wittified-auto-generated-zk83u","name":"Place holder for zk83u","description":"Not yet used","vendor":{"name":"Wittified, LLC","url":"https://www.wittified.com"},"baseUrl":"https://customizer-jira.aod-apps.wittified.com/zk83u/","links":{"self":"https://customizer-jira.aod-apps.wittified.com/zk83u/atlassian-connect.json","homepage":"https://customizer-jira.aod-apps.wittified.com/zk83u/atlassian-connect.json"},"authentication":{"type":"jwt"},"lifecycle":{"installed":"installed"},"scopes":["READ","read"],"modules":{},"version":"1.0.0"}