{"key":"wittified-auto-generated-k7p3y","name":"Place holder for k7p3y","description":"Not yet used","vendor":{"name":"Wittified, LLC","url":"https://www.wittified.com"},"baseUrl":"https://customizer-jira.aod-apps.wittified.com/k7p3y/","links":{"self":"https://customizer-jira.aod-apps.wittified.com/k7p3y/atlassian-connect.json","homepage":"https://customizer-jira.aod-apps.wittified.com/k7p3y/atlassian-connect.json"},"authentication":{"type":"jwt"},"lifecycle":{"installed":"installed"},"scopes":["READ","read"],"modules":{},"version":"1.0.0"}