{"key":"wittified-auto-generated-mob6j","name":"Place holder for mob6j","description":"Not yet used","vendor":{"name":"Wittified, LLC","url":"https://www.wittified.com"},"baseUrl":"https://customizer-jira.aod-apps.wittified.com/mob6j/","links":{"self":"https://customizer-jira.aod-apps.wittified.com/mob6j/atlassian-connect.json","homepage":"https://customizer-jira.aod-apps.wittified.com/mob6j/atlassian-connect.json"},"authentication":{"type":"jwt"},"lifecycle":{"installed":"installed"},"scopes":["READ","read"],"modules":{},"version":"1.0.0"}