{"key":"wittified-auto-generated-p8rem","name":"Place holder for p8rem","description":"Not yet used","vendor":{"name":"Wittified, LLC","url":"https://www.wittified.com"},"baseUrl":"https://customizer-jira.aod-apps.wittified.com/p8rem/","links":{"self":"https://customizer-jira.aod-apps.wittified.com/p8rem/atlassian-connect.json","homepage":"https://customizer-jira.aod-apps.wittified.com/p8rem/atlassian-connect.json"},"authentication":{"type":"jwt"},"lifecycle":{"installed":"installed"},"scopes":["READ","read"],"modules":{},"version":"1.0.0"}