{"key":"wittified-auto-generated-aaac","name":"Place holder for aaac","description":"Not yet used","vendor":{"name":"Wittified, LLC","url":"https://www.wittified.com"},"baseUrl":"https://customizer-jira.aod-apps.wittified.com/aaac/","links":{"self":"https://customizer-jira.aod-apps.wittified.com/aaac/atlassian-connect.json","homepage":"https://customizer-jira.aod-apps.wittified.com/aaac/atlassian-connect.json"},"authentication":{"type":"jwt"},"lifecycle":{"installed":"installed"},"scopes":["READ","read"],"modules":{},"version":"1.0.0"}