{"key":"wittified-auto-generated-rck9e","name":"Place holder for rck9e","description":"Not yet used","vendor":{"name":"Wittified, LLC","url":"https://www.wittified.com"},"baseUrl":"https://customizer-jira.aod-apps.wittified.com/rck9e/","links":{"self":"https://customizer-jira.aod-apps.wittified.com/rck9e/atlassian-connect.json","homepage":"https://customizer-jira.aod-apps.wittified.com/rck9e/atlassian-connect.json"},"authentication":{"type":"jwt"},"lifecycle":{"installed":"installed"},"scopes":["READ","read"],"modules":{},"version":"1.0.0"}