{"key":"wittified-auto-generated-euzal","name":"Place holder for euzal","description":"Not yet used","vendor":{"name":"Wittified, LLC","url":"https://www.wittified.com"},"baseUrl":"https://customizer-jira.aod-apps.wittified.com/euzal/","links":{"self":"https://customizer-jira.aod-apps.wittified.com/euzal/atlassian-connect.json","homepage":"https://customizer-jira.aod-apps.wittified.com/euzal/atlassian-connect.json"},"authentication":{"type":"jwt"},"lifecycle":{"installed":"installed"},"scopes":["READ","read"],"modules":{},"version":"1.0.0"}