{"key":"wittified-auto-generated-so14l","name":"Place holder for so14l","description":"Not yet used","vendor":{"name":"Wittified, LLC","url":"https://www.wittified.com"},"baseUrl":"https://customizer-jira.aod-apps.wittified.com/so14l/","links":{"self":"https://customizer-jira.aod-apps.wittified.com/so14l/atlassian-connect.json","homepage":"https://customizer-jira.aod-apps.wittified.com/so14l/atlassian-connect.json"},"authentication":{"type":"jwt"},"lifecycle":{"installed":"installed"},"scopes":["READ","read"],"modules":{},"version":"1.0.0"}