{"key":"wittified-auto-generated-zjhnh","name":"Place holder for zjhnh","description":"Not yet used","vendor":{"name":"Wittified, LLC","url":"https://www.wittified.com"},"baseUrl":"https://customizer-jira.aod-apps.wittified.com/zjhnh/","links":{"self":"https://customizer-jira.aod-apps.wittified.com/zjhnh/atlassian-connect.json","homepage":"https://customizer-jira.aod-apps.wittified.com/zjhnh/atlassian-connect.json"},"authentication":{"type":"jwt"},"lifecycle":{"installed":"installed"},"scopes":["READ","read"],"modules":{},"version":"1.0.0"}