{"key":"wittified-auto-generated-gdope","name":"Place holder for gdope","description":"Not yet used","vendor":{"name":"Wittified, LLC","url":"https://www.wittified.com"},"baseUrl":"https://customizer-jira.aod-apps.wittified.com/gdope/","links":{"self":"https://customizer-jira.aod-apps.wittified.com/gdope/atlassian-connect.json","homepage":"https://customizer-jira.aod-apps.wittified.com/gdope/atlassian-connect.json"},"authentication":{"type":"jwt"},"lifecycle":{"installed":"installed"},"scopes":["READ","read"],"modules":{},"version":"1.0.0"}