{"key":"wittified-auto-generated-x0hoo","name":"Place holder for x0hoo","description":"Not yet used","vendor":{"name":"Wittified, LLC","url":"https://www.wittified.com"},"baseUrl":"https://customizer-jira.aod-apps.wittified.com/x0hoo/","links":{"self":"https://customizer-jira.aod-apps.wittified.com/x0hoo/atlassian-connect.json","homepage":"https://customizer-jira.aod-apps.wittified.com/x0hoo/atlassian-connect.json"},"authentication":{"type":"jwt"},"lifecycle":{"installed":"installed"},"scopes":["READ","read"],"modules":{},"version":"1.0.0"}