{"key":"wittified-auto-generated-zy338","name":"Place holder for zy338","description":"Not yet used","vendor":{"name":"Wittified, LLC","url":"https://www.wittified.com"},"baseUrl":"https://customizer-jira.aod-apps.wittified.com/zy338/","links":{"self":"https://customizer-jira.aod-apps.wittified.com/zy338/atlassian-connect.json","homepage":"https://customizer-jira.aod-apps.wittified.com/zy338/atlassian-connect.json"},"authentication":{"type":"jwt"},"lifecycle":{"installed":"installed"},"scopes":["READ","read"],"modules":{},"version":"1.0.0"}