{"key":"wittified-auto-generated-ucw2t","name":"Place holder for ucw2t","description":"Not yet used","vendor":{"name":"Wittified, LLC","url":"https://www.wittified.com"},"baseUrl":"https://customizer-jira.aod-apps.wittified.com/ucw2t/","links":{"self":"https://customizer-jira.aod-apps.wittified.com/ucw2t/atlassian-connect.json","homepage":"https://customizer-jira.aod-apps.wittified.com/ucw2t/atlassian-connect.json"},"authentication":{"type":"jwt"},"lifecycle":{"installed":"installed"},"scopes":["READ","read"],"modules":{},"version":"1.0.0"}