{"key":"wittified-auto-generated-iov2x","name":"Place holder for iov2x","description":"Not yet used","vendor":{"name":"Wittified, LLC","url":"https://www.wittified.com"},"baseUrl":"https://customizer-jira.aod-apps.wittified.com/iov2x/","links":{"self":"https://customizer-jira.aod-apps.wittified.com/iov2x/atlassian-connect.json","homepage":"https://customizer-jira.aod-apps.wittified.com/iov2x/atlassian-connect.json"},"authentication":{"type":"jwt"},"lifecycle":{"installed":"installed"},"scopes":["READ","read"],"modules":{},"version":"1.0.0"}