{"key":"wittified-auto-generated-imr2z","name":"Place holder for imr2z","description":"Not yet used","vendor":{"name":"Wittified, LLC","url":"https://www.wittified.com"},"baseUrl":"https://customizer-jira.aod-apps.wittified.com/imr2z/","links":{"self":"https://customizer-jira.aod-apps.wittified.com/imr2z/atlassian-connect.json","homepage":"https://customizer-jira.aod-apps.wittified.com/imr2z/atlassian-connect.json"},"authentication":{"type":"jwt"},"lifecycle":{"installed":"installed"},"scopes":["READ","read"],"modules":{},"version":"1.0.0"}