{"key":"wittified-auto-generated-ebsum","name":"Place holder for ebsum","description":"Not yet used","vendor":{"name":"Wittified, LLC","url":"https://www.wittified.com"},"baseUrl":"https://customizer-jira.aod-apps.wittified.com/ebsum/","links":{"self":"https://customizer-jira.aod-apps.wittified.com/ebsum/atlassian-connect.json","homepage":"https://customizer-jira.aod-apps.wittified.com/ebsum/atlassian-connect.json"},"authentication":{"type":"jwt"},"lifecycle":{"installed":"installed"},"scopes":["READ","read"],"modules":{},"version":"1.0.0"}