{"key":"wittified-auto-generated-rvbvr","name":"Place holder for rvbvr","description":"Not yet used","vendor":{"name":"Wittified, LLC","url":"https://www.wittified.com"},"baseUrl":"https://customizer-jira.aod-apps.wittified.com/rvbvr/","links":{"self":"https://customizer-jira.aod-apps.wittified.com/rvbvr/atlassian-connect.json","homepage":"https://customizer-jira.aod-apps.wittified.com/rvbvr/atlassian-connect.json"},"authentication":{"type":"jwt"},"lifecycle":{"installed":"installed"},"scopes":["READ","read"],"modules":{},"version":"1.0.0"}