{"key":"wittified-auto-generated-i6vlu","name":"Place holder for i6vlu","description":"Not yet used","vendor":{"name":"Wittified, LLC","url":"https://www.wittified.com"},"baseUrl":"https://customizer-jira.aod-apps.wittified.com/i6vlu/","links":{"self":"https://customizer-jira.aod-apps.wittified.com/i6vlu/atlassian-connect.json","homepage":"https://customizer-jira.aod-apps.wittified.com/i6vlu/atlassian-connect.json"},"authentication":{"type":"jwt"},"lifecycle":{"installed":"installed"},"scopes":["READ","read"],"modules":{},"version":"1.0.0"}