{"key":"wittified-auto-generated-iqasu","name":"Place holder for iqasu","description":"Not yet used","vendor":{"name":"Wittified, LLC","url":"https://www.wittified.com"},"baseUrl":"https://customizer-jira.aod-apps.wittified.com/iqasu/","links":{"self":"https://customizer-jira.aod-apps.wittified.com/iqasu/atlassian-connect.json","homepage":"https://customizer-jira.aod-apps.wittified.com/iqasu/atlassian-connect.json"},"authentication":{"type":"jwt"},"lifecycle":{"installed":"installed"},"scopes":["READ","read"],"modules":{},"version":"1.0.0"}