{"key":"wittified-auto-generated-jwjhx","name":"Place holder for jwjhx","description":"Not yet used","vendor":{"name":"Wittified, LLC","url":"https://www.wittified.com"},"baseUrl":"https://customizer-jira.aod-apps.wittified.com/jwjhx/","links":{"self":"https://customizer-jira.aod-apps.wittified.com/jwjhx/atlassian-connect.json","homepage":"https://customizer-jira.aod-apps.wittified.com/jwjhx/atlassian-connect.json"},"authentication":{"type":"jwt"},"lifecycle":{"installed":"installed"},"scopes":["READ","read"],"modules":{},"version":"1.0.0"}