{"key":"wittified-auto-generated-p4frg","name":"Place holder for p4frg","description":"Not yet used","vendor":{"name":"Wittified, LLC","url":"https://www.wittified.com"},"baseUrl":"https://customizer-jira.aod-apps.wittified.com/p4frg/","links":{"self":"https://customizer-jira.aod-apps.wittified.com/p4frg/atlassian-connect.json","homepage":"https://customizer-jira.aod-apps.wittified.com/p4frg/atlassian-connect.json"},"authentication":{"type":"jwt"},"lifecycle":{"installed":"installed"},"scopes":["READ","read"],"modules":{},"version":"1.0.0"}