{"key":"wittified-auto-generated-8h9ih","name":"Place holder for 8h9ih","description":"Not yet used","vendor":{"name":"Wittified, LLC","url":"https://www.wittified.com"},"baseUrl":"https://customizer-jira.aod-apps.wittified.com/8h9ih/","links":{"self":"https://customizer-jira.aod-apps.wittified.com/8h9ih/atlassian-connect.json","homepage":"https://customizer-jira.aod-apps.wittified.com/8h9ih/atlassian-connect.json"},"authentication":{"type":"jwt"},"lifecycle":{"installed":"installed"},"scopes":["READ","read"],"modules":{},"version":"1.0.0"}