{"key":"wittified-auto-generated-mstql","name":"Place holder for mstql","description":"Not yet used","vendor":{"name":"Wittified, LLC","url":"https://www.wittified.com"},"baseUrl":"https://customizer-jira.aod-apps.wittified.com/mstql/","links":{"self":"https://customizer-jira.aod-apps.wittified.com/mstql/atlassian-connect.json","homepage":"https://customizer-jira.aod-apps.wittified.com/mstql/atlassian-connect.json"},"authentication":{"type":"jwt"},"lifecycle":{"installed":"installed"},"scopes":["READ","read"],"modules":{},"version":"1.0.0"}