{"key":"wittified-auto-generated-62z3f","name":"Place holder for 62z3f","description":"Not yet used","vendor":{"name":"Wittified, LLC","url":"https://www.wittified.com"},"baseUrl":"https://customizer-jira.aod-apps.wittified.com/62z3f/","links":{"self":"https://customizer-jira.aod-apps.wittified.com/62z3f/atlassian-connect.json","homepage":"https://customizer-jira.aod-apps.wittified.com/62z3f/atlassian-connect.json"},"authentication":{"type":"jwt"},"lifecycle":{"installed":"installed"},"scopes":["READ","read"],"modules":{},"version":"1.0.0"}