{"key":"wittified-auto-generated-0mjsd","name":"Place holder for 0mjsd","description":"Not yet used","vendor":{"name":"Wittified, LLC","url":"https://www.wittified.com"},"baseUrl":"https://customizer-jira.aod-apps.wittified.com/0mjsd/","links":{"self":"https://customizer-jira.aod-apps.wittified.com/0mjsd/atlassian-connect.json","homepage":"https://customizer-jira.aod-apps.wittified.com/0mjsd/atlassian-connect.json"},"authentication":{"type":"jwt"},"lifecycle":{"installed":"installed"},"scopes":["READ","read"],"modules":{},"version":"1.0.0"}