{"key":"wittified-auto-generated-q793c","name":"Place holder for q793c","description":"Not yet used","vendor":{"name":"Wittified, LLC","url":"https://www.wittified.com"},"baseUrl":"https://customizer-jira.aod-apps.wittified.com/q793c/","links":{"self":"https://customizer-jira.aod-apps.wittified.com/q793c/atlassian-connect.json","homepage":"https://customizer-jira.aod-apps.wittified.com/q793c/atlassian-connect.json"},"authentication":{"type":"jwt"},"lifecycle":{"installed":"installed"},"scopes":["READ","read"],"modules":{},"version":"1.0.0"}