{"key":"wittified-auto-generated-1d08p","name":"Place holder for 1d08p","description":"Not yet used","vendor":{"name":"Wittified, LLC","url":"https://www.wittified.com"},"baseUrl":"https://customizer-jira.aod-apps.wittified.com/1d08p/","links":{"self":"https://customizer-jira.aod-apps.wittified.com/1d08p/atlassian-connect.json","homepage":"https://customizer-jira.aod-apps.wittified.com/1d08p/atlassian-connect.json"},"authentication":{"type":"jwt"},"lifecycle":{"installed":"installed"},"scopes":["READ","read"],"modules":{},"version":"1.0.0"}