{"key":"wittified-auto-generated-5uxap","name":"Place holder for 5uxap","description":"Not yet used","vendor":{"name":"Wittified, LLC","url":"https://www.wittified.com"},"baseUrl":"https://customizer-jira.aod-apps.wittified.com/5uxap/","links":{"self":"https://customizer-jira.aod-apps.wittified.com/5uxap/atlassian-connect.json","homepage":"https://customizer-jira.aod-apps.wittified.com/5uxap/atlassian-connect.json"},"authentication":{"type":"jwt"},"lifecycle":{"installed":"installed"},"scopes":["READ","read"],"modules":{},"version":"1.0.0"}