{"key":"wittified-auto-generated-09aaf","name":"Place holder for 09aaf","description":"Not yet used","vendor":{"name":"Wittified, LLC","url":"https://www.wittified.com"},"baseUrl":"https://customizer-jira.aod-apps.wittified.com/09aaf/","links":{"self":"https://customizer-jira.aod-apps.wittified.com/09aaf/atlassian-connect.json","homepage":"https://customizer-jira.aod-apps.wittified.com/09aaf/atlassian-connect.json"},"authentication":{"type":"jwt"},"lifecycle":{"installed":"installed"},"scopes":["READ","read"],"modules":{},"version":"1.0.0"}