{"key":"wittified-auto-generated-ormvo","name":"Place holder for ormvo","description":"Not yet used","vendor":{"name":"Wittified, LLC","url":"https://www.wittified.com"},"baseUrl":"https://customizer-jira.aod-apps.wittified.com/ormvo/","links":{"self":"https://customizer-jira.aod-apps.wittified.com/ormvo/atlassian-connect.json","homepage":"https://customizer-jira.aod-apps.wittified.com/ormvo/atlassian-connect.json"},"authentication":{"type":"jwt"},"lifecycle":{"installed":"installed"},"scopes":["READ","read"],"modules":{},"version":"1.0.0"}