{"key":"wittified-auto-generated-s47er","name":"Place holder for s47er","description":"Not yet used","vendor":{"name":"Wittified, LLC","url":"https://www.wittified.com"},"baseUrl":"https://customizer-jira.aod-apps.wittified.com/s47er/","links":{"self":"https://customizer-jira.aod-apps.wittified.com/s47er/atlassian-connect.json","homepage":"https://customizer-jira.aod-apps.wittified.com/s47er/atlassian-connect.json"},"authentication":{"type":"jwt"},"lifecycle":{"installed":"installed"},"scopes":["READ","read"],"modules":{},"version":"1.0.0"}