{"key":"wittified-auto-generated-x3gcx","name":"Place holder for x3gcx","description":"Not yet used","vendor":{"name":"Wittified, LLC","url":"https://www.wittified.com"},"baseUrl":"https://customizer-jira.aod-apps.wittified.com/x3gcx/","links":{"self":"https://customizer-jira.aod-apps.wittified.com/x3gcx/atlassian-connect.json","homepage":"https://customizer-jira.aod-apps.wittified.com/x3gcx/atlassian-connect.json"},"authentication":{"type":"jwt"},"lifecycle":{"installed":"installed"},"scopes":["READ","read"],"modules":{},"version":"1.0.0"}