{"key":"wittified-auto-generated-3c1a9995-bb11-409c-8621-fda453896e47","name":"Place holder for 3c1a9995-bb11-409c-8621-fda453896e47","description":"Not yet used","vendor":{"name":"Wittified, LLC","url":"https://www.wittified.com"},"baseUrl":"https://customizer-jira.aod-apps.wittified.com/3c1a9995-bb11-409c-8621-fda453896e47/","links":{"self":"https://customizer-jira.aod-apps.wittified.com/3c1a9995-bb11-409c-8621-fda453896e47/atlassian-connect.json","homepage":"https://customizer-jira.aod-apps.wittified.com/3c1a9995-bb11-409c-8621-fda453896e47/atlassian-connect.json"},"authentication":{"type":"jwt"},"lifecycle":{"installed":"installed"},"scopes":["READ","read"],"modules":{},"version":"1.0.19"}