{"key":"wittified-auto-generated-6wxka","name":"Place holder for 6wxka","description":"Not yet used","vendor":{"name":"Wittified, LLC","url":"https://www.wittified.com"},"baseUrl":"https://customizer-jira.aod-apps.wittified.com/6wxka/","links":{"self":"https://customizer-jira.aod-apps.wittified.com/6wxka/atlassian-connect.json","homepage":"https://customizer-jira.aod-apps.wittified.com/6wxka/atlassian-connect.json"},"authentication":{"type":"jwt"},"lifecycle":{"installed":"installed"},"scopes":["READ","read"],"modules":{},"version":"1.0.0"}