{"key":"wittified-auto-generated-hfw4r","name":"Place holder for hfw4r","description":"Not yet used","vendor":{"name":"Wittified, LLC","url":"https://www.wittified.com"},"baseUrl":"https://customizer-jira.aod-apps.wittified.com/hfw4r/","links":{"self":"https://customizer-jira.aod-apps.wittified.com/hfw4r/atlassian-connect.json","homepage":"https://customizer-jira.aod-apps.wittified.com/hfw4r/atlassian-connect.json"},"authentication":{"type":"jwt"},"lifecycle":{"installed":"installed"},"scopes":["READ","read"],"modules":{},"version":"1.0.0"}