{"key":"wittified-auto-generated-xc1hj","name":"Place holder for xc1hj","description":"Not yet used","vendor":{"name":"Wittified, LLC","url":"https://www.wittified.com"},"baseUrl":"https://customizer-jira.aod-apps.wittified.com/xc1hj/","links":{"self":"https://customizer-jira.aod-apps.wittified.com/xc1hj/atlassian-connect.json","homepage":"https://customizer-jira.aod-apps.wittified.com/xc1hj/atlassian-connect.json"},"authentication":{"type":"jwt"},"lifecycle":{"installed":"installed"},"scopes":["READ","read"],"modules":{},"version":"1.0.0"}