{"key":"wittified-auto-generated-sffg4","name":"Customized addon for https://osman1.jira-dev.com","description":"Add-on created by you for you using https://osman1.jira-dev.com","vendor":{"name":"Wittified, LLC","url":"https://www.wittified.com"},"baseUrl":"https://sffg4-tenant-customizer-jira.aod-apps.wittified.com/sffg4/","links":{"self":"https://sffg4-tenant-customizer-jira.aod-apps.wittified.com/sffg4/atlassian-connect.json","homepage":"https://sffg4-tenant-customizer-jira.aod-apps.wittified.com/sffg4/atlassian-connect.json"},"authentication":{"type":"jwt"},"lifecycle":{"installed":"installed"},"scopes":["READ","read"],"modules":{"webPanels":[{"url":"general/collect-data?issueKey={issue.key}&projectKey={project.key}","location":"com.atlassian.jira.plugin.headernav.left.context","weight":200,"key":"collect-data-left-context","layout":{"width":"13px","height":"1px"},"name":{"value":""}},{"url":"general/collect-data?issueKey={issue.key}&projectKey={project.key}","location":"atl.jira.view.issue.right.context","weight":9999,"key":"collect-data-issue-context","layout":{"width":"13px","height":"13px"},"params":{"headless":"true"},"name":{"value":""}},{"url":"/general/render-panel/1/5?issueKey={issue.key}&projectKey={project.key}","location":"com.atlassian.jira.plugin.headernav.right.context","weight":2000,"key":"web-panel-5","layout":{"width":"100%","height":"0px"},"name":{"value":"test"}}],"webItems":[{"url":"tetet","location":"system.top.navigation.bar","weight":2000,"context":"product","key":"webitem-7","name":{"value":"etetete"}},{"url":"etet","location":"system.user.options/personal","weight":2000,"context":"product","key":"webitem-8","name":{"value":"tet"}},{"url":"test","location":"system.top.navigation.bar","weight":2000,"context":"product","key":"webitem-6","name":{"value":"test"}}]},"version":"1.0.3"}