{"key":"wittified-auto-generated-s5cd7","name":"Place holder for s5cd7","description":"Not yet used","vendor":{"name":"Wittified, LLC","url":"https://www.wittified.com"},"baseUrl":"https://customizer-jira.aod-apps.wittified.com/s5cd7/","links":{"self":"https://customizer-jira.aod-apps.wittified.com/s5cd7/atlassian-connect.json","homepage":"https://customizer-jira.aod-apps.wittified.com/s5cd7/atlassian-connect.json"},"authentication":{"type":"jwt"},"lifecycle":{"installed":"installed"},"scopes":["READ","read"],"modules":{},"version":"1.0.0"}