{"key":"wittified-auto-generated-xe5it","name":"Place holder for xe5it","description":"Not yet used","vendor":{"name":"Wittified, LLC","url":"https://www.wittified.com"},"baseUrl":"https://customizer-jira.aod-apps.wittified.com/xe5it/","links":{"self":"https://customizer-jira.aod-apps.wittified.com/xe5it/atlassian-connect.json","homepage":"https://customizer-jira.aod-apps.wittified.com/xe5it/atlassian-connect.json"},"authentication":{"type":"jwt"},"lifecycle":{"installed":"installed"},"scopes":["READ","read"],"modules":{},"version":"1.0.0"}