{"key":"wittified-auto-generated-49e1g","name":"Place holder for 49e1g","description":"Not yet used","vendor":{"name":"Wittified, LLC","url":"https://www.wittified.com"},"baseUrl":"https://customizer-jira.aod-apps.wittified.com/49e1g/","links":{"self":"https://customizer-jira.aod-apps.wittified.com/49e1g/atlassian-connect.json","homepage":"https://customizer-jira.aod-apps.wittified.com/49e1g/atlassian-connect.json"},"authentication":{"type":"jwt"},"lifecycle":{"installed":"installed"},"scopes":["READ","read"],"modules":{},"version":"1.0.0"}