{"key":"wittified-auto-generated-dl5st","name":"Place holder for dl5st","description":"Not yet used","vendor":{"name":"Wittified, LLC","url":"https://www.wittified.com"},"baseUrl":"https://customizer-jira.aod-apps.wittified.com/dl5st/","links":{"self":"https://customizer-jira.aod-apps.wittified.com/dl5st/atlassian-connect.json","homepage":"https://customizer-jira.aod-apps.wittified.com/dl5st/atlassian-connect.json"},"authentication":{"type":"jwt"},"lifecycle":{"installed":"installed"},"scopes":["READ","read"],"modules":{},"version":"1.0.0"}