{"key":"wittified-auto-generated-6ddf4897-d8d1-40f4-8e74-8814a740b85e","name":"Place holder for 6ddf4897-d8d1-40f4-8e74-8814a740b85e","description":"Not yet used","vendor":{"name":"Wittified, LLC","url":"https://www.wittified.com"},"baseUrl":"https://customizer-jira.aod-apps.wittified.com/6ddf4897-d8d1-40f4-8e74-8814a740b85e/","links":{"self":"https://customizer-jira.aod-apps.wittified.com/6ddf4897-d8d1-40f4-8e74-8814a740b85e/atlassian-connect.json","homepage":"https://customizer-jira.aod-apps.wittified.com/6ddf4897-d8d1-40f4-8e74-8814a740b85e/atlassian-connect.json"},"authentication":{"type":"jwt"},"lifecycle":{"installed":"installed"},"scopes":["READ","read"],"modules":{},"version":"1.1.0"}