{"key":"wittified-auto-generated-aaaa","name":"Place holder for aaaa","description":"Not yet used","vendor":{"name":"Wittified, LLC","url":"https://www.wittified.com"},"baseUrl":"https://customizer-jira.aod-apps.wittified.com/aaaa/","links":{"self":"https://customizer-jira.aod-apps.wittified.com/aaaa/atlassian-connect.json","homepage":"https://customizer-jira.aod-apps.wittified.com/aaaa/atlassian-connect.json"},"authentication":{"type":"jwt"},"lifecycle":{"installed":"installed"},"scopes":["READ","read"],"modules":{},"version":"1.0.0"}