{"key":"wittified-auto-generated-zx9nz","name":"Place holder for zx9nz","description":"Not yet used","vendor":{"name":"Wittified, LLC","url":"https://www.wittified.com"},"baseUrl":"https://customizer-jira.aod-apps.wittified.com/zx9nz/","links":{"self":"https://customizer-jira.aod-apps.wittified.com/zx9nz/atlassian-connect.json","homepage":"https://customizer-jira.aod-apps.wittified.com/zx9nz/atlassian-connect.json"},"authentication":{"type":"jwt"},"lifecycle":{"installed":"installed"},"scopes":["READ","read"],"modules":{},"version":"1.0.0"}