{"key":"wittified-auto-generated-aaab","name":"Place holder for aaab","description":"Not yet used","vendor":{"name":"Wittified, LLC","url":"https://www.wittified.com"},"baseUrl":"https://customizer-jira.aod-apps.wittified.com/aaab/","links":{"self":"https://customizer-jira.aod-apps.wittified.com/aaab/atlassian-connect.json","homepage":"https://customizer-jira.aod-apps.wittified.com/aaab/atlassian-connect.json"},"authentication":{"type":"jwt"},"lifecycle":{"installed":"installed"},"scopes":["READ","read"],"modules":{},"version":"1.0.0"}