{"key":"wittified-auto-generated-toi1q","name":"Place holder for toi1q","description":"Not yet used","vendor":{"name":"Wittified, LLC","url":"https://www.wittified.com"},"baseUrl":"https://customizer-jira.aod-apps.wittified.com/toi1q/","links":{"self":"https://customizer-jira.aod-apps.wittified.com/toi1q/atlassian-connect.json","homepage":"https://customizer-jira.aod-apps.wittified.com/toi1q/atlassian-connect.json"},"authentication":{"type":"jwt"},"lifecycle":{"installed":"installed"},"scopes":["READ","read"],"modules":{},"version":"1.0.0"}