{"key":"wittified-auto-generated-57r4s","name":"Place holder for 57r4s","description":"Not yet used","vendor":{"name":"Wittified, LLC","url":"https://www.wittified.com"},"baseUrl":"https://customizer-jira.aod-apps.wittified.com/57r4s/","links":{"self":"https://customizer-jira.aod-apps.wittified.com/57r4s/atlassian-connect.json","homepage":"https://customizer-jira.aod-apps.wittified.com/57r4s/atlassian-connect.json"},"authentication":{"type":"jwt"},"lifecycle":{"installed":"installed"},"scopes":["READ","read"],"modules":{},"version":"1.0.0"}