{"key":"wittified-auto-generated-qcozi","name":"Place holder for qcozi","description":"Not yet used","vendor":{"name":"Wittified, LLC","url":"https://www.wittified.com"},"baseUrl":"https://customizer-jira.aod-apps.wittified.com/qcozi/","links":{"self":"https://customizer-jira.aod-apps.wittified.com/qcozi/atlassian-connect.json","homepage":"https://customizer-jira.aod-apps.wittified.com/qcozi/atlassian-connect.json"},"authentication":{"type":"jwt"},"lifecycle":{"installed":"installed"},"scopes":["READ","read"],"modules":{},"version":"1.0.0"}