{"key":"wittified-auto-generated-ms259","name":"Place holder for ms259","description":"Not yet used","vendor":{"name":"Wittified, LLC","url":"https://www.wittified.com"},"baseUrl":"https://customizer-jira.aod-apps.wittified.com/ms259/","links":{"self":"https://customizer-jira.aod-apps.wittified.com/ms259/atlassian-connect.json","homepage":"https://customizer-jira.aod-apps.wittified.com/ms259/atlassian-connect.json"},"authentication":{"type":"jwt"},"lifecycle":{"installed":"installed"},"scopes":["READ","read"],"modules":{},"version":"1.0.0"}