{"key":"wittified-auto-generated-9r8y4","name":"Place holder for 9r8y4","description":"Not yet used","vendor":{"name":"Wittified, LLC","url":"https://www.wittified.com"},"baseUrl":"https://customizer-jira.aod-apps.wittified.com/9r8y4/","links":{"self":"https://customizer-jira.aod-apps.wittified.com/9r8y4/atlassian-connect.json","homepage":"https://customizer-jira.aod-apps.wittified.com/9r8y4/atlassian-connect.json"},"authentication":{"type":"jwt"},"lifecycle":{"installed":"installed"},"scopes":["READ","read"],"modules":{},"version":"1.0.0"}