{"key":"wittified-auto-generated-3otoi","name":"Place holder for 3otoi","description":"Not yet used","vendor":{"name":"Wittified, LLC","url":"https://www.wittified.com"},"baseUrl":"https://customizer-jira.aod-apps.wittified.com/3otoi/","links":{"self":"https://customizer-jira.aod-apps.wittified.com/3otoi/atlassian-connect.json","homepage":"https://customizer-jira.aod-apps.wittified.com/3otoi/atlassian-connect.json"},"authentication":{"type":"jwt"},"lifecycle":{"installed":"installed"},"scopes":["READ","read"],"modules":{},"version":"1.0.0"}