{"key":"wittified-auto-generated-xrome","name":"Place holder for xrome","description":"Not yet used","vendor":{"name":"Wittified, LLC","url":"https://www.wittified.com"},"baseUrl":"https://customizer-jira.aod-apps.wittified.com/xrome/","links":{"self":"https://customizer-jira.aod-apps.wittified.com/xrome/atlassian-connect.json","homepage":"https://customizer-jira.aod-apps.wittified.com/xrome/atlassian-connect.json"},"authentication":{"type":"jwt"},"lifecycle":{"installed":"installed"},"scopes":["READ","read"],"modules":{},"version":"1.0.0"}