{"key":"wittified-auto-generated-3kcth","name":"Place holder for 3kcth","description":"Not yet used","vendor":{"name":"Wittified, LLC","url":"https://www.wittified.com"},"baseUrl":"https://customizer-jira.aod-apps.wittified.com/3kcth/","links":{"self":"https://customizer-jira.aod-apps.wittified.com/3kcth/atlassian-connect.json","homepage":"https://customizer-jira.aod-apps.wittified.com/3kcth/atlassian-connect.json"},"authentication":{"type":"jwt"},"lifecycle":{"installed":"installed"},"scopes":["READ","read"],"modules":{},"version":"1.0.0"}