{"key":"wittified-auto-generated-7yb4o","name":"Place holder for 7yb4o","description":"Not yet used","vendor":{"name":"Wittified, LLC","url":"https://www.wittified.com"},"baseUrl":"https://customizer-jira.aod-apps.wittified.com/7yb4o/","links":{"self":"https://customizer-jira.aod-apps.wittified.com/7yb4o/atlassian-connect.json","homepage":"https://customizer-jira.aod-apps.wittified.com/7yb4o/atlassian-connect.json"},"authentication":{"type":"jwt"},"lifecycle":{"installed":"installed"},"scopes":["READ","read"],"modules":{},"version":"1.0.0"}