{"key":"wittified-auto-generated-1byw9","name":"Place holder for 1byw9","description":"Not yet used","vendor":{"name":"Wittified, LLC","url":"https://www.wittified.com"},"baseUrl":"https://customizer-jira.aod-apps.wittified.com/1byw9/","links":{"self":"https://customizer-jira.aod-apps.wittified.com/1byw9/atlassian-connect.json","homepage":"https://customizer-jira.aod-apps.wittified.com/1byw9/atlassian-connect.json"},"authentication":{"type":"jwt"},"lifecycle":{"installed":"installed"},"scopes":["READ","read"],"modules":{},"version":"1.0.0"}