{"key":"wittified-auto-generated-2qn5j","name":"Place holder for 2qn5j","description":"Not yet used","vendor":{"name":"Wittified, LLC","url":"https://www.wittified.com"},"baseUrl":"https://customizer-jira.aod-apps.wittified.com/2qn5j/","links":{"self":"https://customizer-jira.aod-apps.wittified.com/2qn5j/atlassian-connect.json","homepage":"https://customizer-jira.aod-apps.wittified.com/2qn5j/atlassian-connect.json"},"authentication":{"type":"jwt"},"lifecycle":{"installed":"installed"},"scopes":["READ","read"],"modules":{},"version":"1.0.0"}