{"key":"wittified-auto-generated-wdk7l","name":"Place holder for wdk7l","description":"Not yet used","vendor":{"name":"Wittified, LLC","url":"https://www.wittified.com"},"baseUrl":"https://customizer-jira.aod-apps.wittified.com/wdk7l/","links":{"self":"https://customizer-jira.aod-apps.wittified.com/wdk7l/atlassian-connect.json","homepage":"https://customizer-jira.aod-apps.wittified.com/wdk7l/atlassian-connect.json"},"authentication":{"type":"jwt"},"lifecycle":{"installed":"installed"},"scopes":["READ","read"],"modules":{},"version":"1.0.0"}