{"key":"wittified-auto-generated-v86rr","name":"Place holder for v86rr","description":"Not yet used","vendor":{"name":"Wittified, LLC","url":"https://www.wittified.com"},"baseUrl":"https://customizer-jira.aod-apps.wittified.com/v86rr/","links":{"self":"https://customizer-jira.aod-apps.wittified.com/v86rr/atlassian-connect.json","homepage":"https://customizer-jira.aod-apps.wittified.com/v86rr/atlassian-connect.json"},"authentication":{"type":"jwt"},"lifecycle":{"installed":"installed"},"scopes":["READ","read"],"modules":{},"version":"1.0.0"}