{"key":"wittified-auto-generated-dhjkx","name":"Place holder for dhjkx","description":"Not yet used","vendor":{"name":"Wittified, LLC","url":"https://www.wittified.com"},"baseUrl":"https://customizer-jira.aod-apps.wittified.com/dhjkx/","links":{"self":"https://customizer-jira.aod-apps.wittified.com/dhjkx/atlassian-connect.json","homepage":"https://customizer-jira.aod-apps.wittified.com/dhjkx/atlassian-connect.json"},"authentication":{"type":"jwt"},"lifecycle":{"installed":"installed"},"scopes":["READ","read"],"modules":{},"version":"1.0.0"}