{"key":"wittified-auto-generated-bmwcy","name":"Place holder for bmwcy","description":"Not yet used","vendor":{"name":"Wittified, LLC","url":"https://www.wittified.com"},"baseUrl":"https://customizer-jira.aod-apps.wittified.com/bmwcy/","links":{"self":"https://customizer-jira.aod-apps.wittified.com/bmwcy/atlassian-connect.json","homepage":"https://customizer-jira.aod-apps.wittified.com/bmwcy/atlassian-connect.json"},"authentication":{"type":"jwt"},"lifecycle":{"installed":"installed"},"scopes":["READ","read"],"modules":{},"version":"1.0.0"}