{"key":"wittified-auto-generated-go8xi","name":"Place holder for go8xi","description":"Not yet used","vendor":{"name":"Wittified, LLC","url":"https://www.wittified.com"},"baseUrl":"https://customizer-jira.aod-apps.wittified.com/go8xi/","links":{"self":"https://customizer-jira.aod-apps.wittified.com/go8xi/atlassian-connect.json","homepage":"https://customizer-jira.aod-apps.wittified.com/go8xi/atlassian-connect.json"},"authentication":{"type":"jwt"},"lifecycle":{"installed":"installed"},"scopes":["READ","read"],"modules":{},"version":"1.0.0"}