{"key":"wittified-auto-generated-802980a9-2881-4055-8ce7-e3f3e940f560","name":"Place holder for 802980a9-2881-4055-8ce7-e3f3e940f560","description":"Not yet used","vendor":{"name":"Wittified, LLC","url":"https://www.wittified.com"},"baseUrl":"https://customizer-jira.aod-apps.wittified.com/802980a9-2881-4055-8ce7-e3f3e940f560/","links":{"self":"https://customizer-jira.aod-apps.wittified.com/802980a9-2881-4055-8ce7-e3f3e940f560/atlassian-connect.json","homepage":"https://customizer-jira.aod-apps.wittified.com/802980a9-2881-4055-8ce7-e3f3e940f560/atlassian-connect.json"},"authentication":{"type":"jwt"},"lifecycle":{"installed":"installed"},"scopes":["READ","read"],"modules":{},"version":"1.0.0"}