{"key":"wittified-auto-generated-h845e","name":"Place holder for h845e","description":"Not yet used","vendor":{"name":"Wittified, LLC","url":"https://www.wittified.com"},"baseUrl":"https://customizer-jira.aod-apps.wittified.com/h845e/","links":{"self":"https://customizer-jira.aod-apps.wittified.com/h845e/atlassian-connect.json","homepage":"https://customizer-jira.aod-apps.wittified.com/h845e/atlassian-connect.json"},"authentication":{"type":"jwt"},"lifecycle":{"installed":"installed"},"scopes":["READ","read"],"modules":{},"version":"1.0.0"}