{"key":"wittified-auto-generated-xdrsx","name":"Place holder for xdrsx","description":"Not yet used","vendor":{"name":"Wittified, LLC","url":"https://www.wittified.com"},"baseUrl":"https://customizer-jira.aod-apps.wittified.com/xdrsx/","links":{"self":"https://customizer-jira.aod-apps.wittified.com/xdrsx/atlassian-connect.json","homepage":"https://customizer-jira.aod-apps.wittified.com/xdrsx/atlassian-connect.json"},"authentication":{"type":"jwt"},"lifecycle":{"installed":"installed"},"scopes":["READ","read"],"modules":{},"version":"1.0.0"}