{"key":"wittified-auto-generated-z3c4q","name":"Place holder for z3c4q","description":"Not yet used","vendor":{"name":"Wittified, LLC","url":"https://www.wittified.com"},"baseUrl":"https://customizer-jira.aod-apps.wittified.com/z3c4q/","links":{"self":"https://customizer-jira.aod-apps.wittified.com/z3c4q/atlassian-connect.json","homepage":"https://customizer-jira.aod-apps.wittified.com/z3c4q/atlassian-connect.json"},"authentication":{"type":"jwt"},"lifecycle":{"installed":"installed"},"scopes":["READ","read"],"modules":{},"version":"1.0.0"}