{"key":"wittified-auto-generated-bnstd","name":"Place holder for bnstd","description":"Not yet used","vendor":{"name":"Wittified, LLC","url":"https://www.wittified.com"},"baseUrl":"https://customizer-jira.aod-apps.wittified.com/bnstd/","links":{"self":"https://customizer-jira.aod-apps.wittified.com/bnstd/atlassian-connect.json","homepage":"https://customizer-jira.aod-apps.wittified.com/bnstd/atlassian-connect.json"},"authentication":{"type":"jwt"},"lifecycle":{"installed":"installed"},"scopes":["READ","read"],"modules":{},"version":"1.0.0"}