{"key":"wittified-auto-generated-kx1wn","name":"Place holder for kx1wn","description":"Not yet used","vendor":{"name":"Wittified, LLC","url":"https://www.wittified.com"},"baseUrl":"https://customizer-jira.aod-apps.wittified.com/kx1wn/","links":{"self":"https://customizer-jira.aod-apps.wittified.com/kx1wn/atlassian-connect.json","homepage":"https://customizer-jira.aod-apps.wittified.com/kx1wn/atlassian-connect.json"},"authentication":{"type":"jwt"},"lifecycle":{"installed":"installed"},"scopes":["READ","read"],"modules":{},"version":"1.0.0"}