{"key":"zendesk_for_jira","name":"Zendesk for JIRA ","description":"Enhance your JIRA with some Zendesk data","vendor":{"name":"Zendesk","url":"https://www.zendesk.com/"},"links":{"docs":"https://support.zendesk.com/entries/40075496-Using-the-JIRA-integration-v3"},"lifecycle":{"installed":"/installed","uninstalled":"/uninstalled"},"baseUrl":"https://jiraplugin.zendesk.com/integrations/jira","authentication":{"type":"jwt"},"enableLicensing":false,"modules":{"jiraWorkflowPostFunctions":[{"description":{"value":"Send a notification to the Zendesk tickets linked to the issue"},"view":{"url":"/workflow/show?config={postFunction.config}"},"edit":{"url":"/workflow/edit?config={postFunction.config}"},"create":{"url":"/workflow/new"},"triggered":{"url":"/workflow/triggered"},"key":"zendesk-notification-workflow","name":{"value":"Notify Zendesk ticket"}}],"configurePage":{"key":"configure","url":"/settings","name":{"value":"Configure add-on"}},"webPanels":[{"key":"issue-panel","location":"atl.jira.view.issue.right.context","layout":{"width":"100px","height":"200px"},"url":"/app?issue_id=${issue.id}&issue_key=${issue.key}","weight":50,"name":{"value":"Zendesk"}}],"generalPages":[{"key":"notify-zendesk-dialog","url":"/notify-dialog?issue_id=${issue.id}&issue_key=${issue.key}","location":"no-location","name":{"value":"Notify Zendesk"}}],"jiraIssueTabPanels":[{"key":"issue-tab-panel","url":"/comments?issue_id=${issue.id}&issue_key=${issue.key}","weight":100,"name":{"value":"Zendesk"}}]},"scopes":["read","write"],"version":"1.0.9"}